crew_id,rank,base,type_ratings,pool_id,fte,hourly_rate_gbp,available_days,duties,hours,target_hours,deviation_hours,dev_outside_band,utilisation,overtime_threshold_hours,overtime_hours,pay_cost,overtime_cost,scenario
C0001,CPT,MAN,A320,MAN-A320-CPT,1.0,183.17,21,10,83.83330000000001,79.01847911275416,4.814820887245844,0.814820887245844,1.0609328468645345,110.0,0.0,15355.745561,0.0,baseline
C0002,CPT,MAN,A320,MAN-A320-CPT,1.0,130.86,29,15,114.3332,109.12075686999384,5.212443130006164,1.2124431300061644,1.0477676592384366,110.0,4.333200000000005,14961.642552000005,283.52127600000034,baseline
C0003,CPT,MAN,A320,MAN-A320-CPT,1.0,132.32,31,15,113.5001,116.64632630930376,-3.1462263093037564,0.0,0.9730276433999206,110.0,3.5001000000000038,15018.333232,231.5666160000002,baseline
C0004,CPT,MAN,A320,MAN-A320-CPT,1.0,176.86,24,13,99.0834,90.30683327171904,8.776566728280955,4.7765667282809545,1.0971860756303309,110.0,0.0,17523.890124,0.0,baseline
C0005,CPT,MAN,A320,MAN-A320-CPT,1.0,159.21,31,14,112.9168,116.64632630930376,-3.7295263093037647,0.0,0.968027057282418,110.0,2.916799999999995,17977.483728,232.1918639999996,baseline
C0007,CPT,MAN,A320,MAN-A320-CPT,1.0,180.77,31,13,108.0834,116.64632630930376,-8.562926309303762,4.562926309303762,0.9265906901637178,110.0,0.0,19538.236218,0.0,baseline
C0008,CPT,MAN,A320,MAN-A320-CPT,1.0,139.53,20,11,83.9999,75.2556943930992,8.744205606900792,4.744205606900792,1.116193275172312,110.0,0.0,11720.506047,0.0,baseline
C0010,CPT,MAN,A320,MAN-A320-CPT,1.0,131.11,29,14,107.8333,109.12075686999384,-1.2874568699938465,0.0,0.9882015401384384,110.0,0.0,14138.023963,0.0,baseline
C0011,CPT,MAN,A320,MAN-A320-CPT,1.0,129.68,31,14,118.0832,116.64632630930376,1.4368736906962454,0.0,1.0123182078352486,110.0,8.083200000000005,15313.029376000002,524.1146880000003,baseline
C0012,CPT,MAN,A320,MAN-A320-CPT,1.0,172.54,31,13,109.4167,116.64632630930376,-7.229626309303754,3.229626309303754,0.9380209687004336,110.0,0.0,18878.757418,0.0,baseline
C0013,CPT,MAN,A320,MAN-A320-CPT,1.0,185.4,29,14,111.4164,109.12075686999384,2.2956431300061557,0.0,1.0210376393626115,110.0,1.416399999999996,20656.60056,131.30027999999962,baseline
C0014,CPT,MAN,A320,MAN-A320-CPT,1.0,154.27,31,13,110.5002,116.64632630930376,-6.146126309303753,2.146126309303753,0.9473097310153904,110.0,0.5002000000000066,17046.865854000003,38.58292700000052,baseline
C0015,CPT,MAN,A320,MAN-A320-CPT,1.0,158.07,31,14,110.1667,116.64632630930376,-6.479626309303754,2.479626309303754,0.9444506611196468,110.0,0.1667000000000058,17414.050269,13.17513450000046,baseline
C0016,CPT,MAN,A320,MAN-A320-CPT,0.75,173.03,30,10,80.6666,84.66265619223661,-3.996056192236608,0.0,0.9528002501697668,82.5,0.0,13957.741798,0.0,baseline
C0017,CPT,MAN,A320,MAN-A320-CPT,1.0,175.12,0,0,0.0,0.0,0.0,0.0,,110.0,0.0,0.0,0.0,baseline
C0018,CPT,MAN,A320,MAN-A320-CPT,0.75,148.09,19,7,62.9167,53.619682255083184,9.297017744916817,5.297017744916815,1.1733881543849591,82.5,0.0,9317.334103,0.0,baseline
C0019,FO,MAN,A320,MAN-A320-FO,1.0,83.05,29,11,89.5,90.22057483443707,-0.7205748344370875,0.0,0.9920131872828408,110.0,0.0,7432.974999999999,0.0,baseline
C0020,FO,MAN,A320,MAN-A320-FO,1.0,81.61,31,12,94.4167,96.4426834437086,-2.0259834437086117,0.0,0.9789928756504258,110.0,0.0,7705.346887,0.0,baseline
C0021,FO,MAN,A320,MAN-A320-FO,1.0,87.24,31,12,92.8333,96.4426834437086,-3.6093834437086088,0.0,0.9625748339342368,110.0,0.0,8098.777091999999,0.0,baseline
C0022,FO,MAN,A320,MAN-A320-FO,0.75,58.81,30,9,72.5835,69.99872185430463,2.584778145695367,0.0,1.0369260763228696,82.5,0.0,4268.635635000001,0.0,baseline
C0023,FO,MAN,A320,MAN-A320-FO,1.0,80.61,23,9,71.9167,71.55424900662251,0.3624509933774931,0.0,1.0050654014039606,110.0,0.0,5797.2051870000005,0.0,baseline
C0024,FO,MAN,A320,MAN-A320-FO,1.0,59.32,31,13,102.7499,96.4426834437086,6.307216556291394,2.3072165562913938,1.0653986008173733,110.0,0.0,6095.124068,0.0,baseline
C0025,FO,MAN,A320,MAN-A320-FO,1.0,78.68,29,11,91.0832,90.22057483443707,0.8626251655629176,0.0,1.0095612909488318,110.0,0.0,7166.426176000001,0.0,baseline
C0026,FO,MAN,A320,MAN-A320-FO,1.0,85.93,22,9,65.3334,68.44319470198676,-3.1097947019867576,0.0,0.9545638581669468,110.0,0.0,5614.099062,0.0,baseline
C0027,FO,MAN,A320,MAN-A320-FO,1.0,60.31,29,12,94.25,90.22057483443707,4.0294251655629125,0.0294251655629125,1.0446619318593044,110.0,0.0,5684.217500000001,0.0,baseline
C0028,FO,MAN,A320,MAN-A320-FO,1.0,76.92,31,11,94.0,96.4426834437086,-2.442683443708603,0.0,0.9746721746379616,110.0,0.0,7230.48,0.0,baseline
C0029,FO,MAN,A320,MAN-A320-FO,1.0,90.06,31,12,95.6668,96.4426834437086,-0.775883443708608,0.0,0.9919549786878186,110.0,0.0,8615.752008,0.0,baseline
C0030,FO,MAN,A320,MAN-A320-FO,0.75,66.56,11,4,30.6666,25.666198013245037,5.000401986754966,1.0004019867549658,1.194824413969475,82.5,0.0,2041.168896,0.0,baseline
C0031,FO,MAN,A320,MAN-A320-FO,1.0,88.63,31,11,91.6667,96.4426834437086,-4.775983443708611,0.7759834437086113,0.9504785301158044,110.0,0.0,8124.419620999999,0.0,baseline
C0032,FO,MAN,A320,MAN-A320-FO,1.0,87.15,26,10,82.83330000000001,80.8874119205298,1.9458880794702085,0.0,1.0240567479323237,110.0,0.0,7218.922095000001,0.0,baseline
C0033,FO,MAN,A320,MAN-A320-FO,1.0,84.72,31,11,90.7499,96.4426834437086,-5.692783443708606,1.6927834437086062,0.940972365757208,110.0,0.0,7688.331528,0.0,baseline
C0034,FO,MAN,A320,MAN-A320-FO,1.0,84.86,25,9,78.4166,77.77635761589403,0.6402423841059743,0.0,1.0082318381026258,110.0,0.0,6654.432676,0.0,baseline
C0035,FO,MAN,A320,MAN-A320-FO,1.0,82.49,29,12,90.3333,90.22057483443707,0.1127251655629066,0.0,1.0012494396734866,110.0,0.0,7451.593916999999,0.0,baseline
C0036,FO,MAN,A320,MAN-A320-FO,1.0,76.26,31,12,97.75,96.4426834437086,1.307316556291397,0.0,1.0135553730942632,110.0,0.0,7454.415000000001,0.0,baseline
C0037,CPT,MAN,B737,MAN-B737-CPT,1.0,168.5,29,13,95.0833,94.1389083993661,0.9443916006338924,0.0,1.0100318945342717,110.0,0.0,16021.53605,0.0,baseline
C0038,CPT,MAN,B737,MAN-B737-CPT,1.0,135.14,31,13,106.6666,100.6312469096672,6.035353090332805,2.035353090332805,1.059974940942057,110.0,0.0,14414.924324,0.0,baseline
C0039,CPT,MAN,B737,MAN-B737-CPT,1.0,184.92,31,12,96.6667,100.6312469096672,-3.964546909667192,0.0,0.9606032218479216,110.0,0.0,17875.606164,0.0,baseline
C0040,CPT,MAN,B737,MAN-B737-CPT,1.0,142.65,31,13,108.1667,100.6312469096672,7.535453090332808,3.5354530903328083,1.0748818415923744,110.0,0.0,15429.979755000002,0.0,baseline
C0041,CPT,MAN,B737,MAN-B737-CPT,0.75,171.44,30,10,72.6665,73.03880824088749,-0.3723082408874916,0.0,0.9949025969911832,82.5,0.0,12457.94476,0.0,baseline
C0042,CPT,MAN,B737,MAN-B737-CPT,0.75,171.95,31,10,72.6667,75.4734351822504,-2.8067351822503923,0.0,0.962811614769186,82.5,0.0,12495.039065,0.0,baseline
C0043,CPT,MAN,B737,MAN-B737-CPT,0.5,161.43,21,4,35.8333,34.08477717908083,1.7485228209191703,0.0,1.0512992299093658,55.0,0.0,5784.569619000001,0.0,baseline
C0044,CPT,MAN,B737,MAN-B737-CPT,1.0,178.77,31,13,98.75,100.6312469096672,-1.881246909667197,0.0,0.9813055391099752,110.0,0.0,17653.537500000002,0.0,baseline
C0045,CPT,MAN,B737,MAN-B737-CPT,1.0,171.75,30,11,91.8333,97.38507765451664,-5.551777654516656,1.5517776545166555,0.9429914953273216,110.0,0.0,15772.369275,0.0,baseline
C0046,CPT,MAN,B737,MAN-B737-CPT,1.0,130.75,23,8,80.3332,74.66189286846276,5.671307131537247,1.6713071315372474,1.0759598627043758,110.0,0.0,10503.5659,0.0,baseline
C0047,CPT,MAN,B737,MAN-B737-CPT,0.75,165.92,31,10,75.3334,75.4734351822504,-0.1400351822504006,0.0,0.9981445765399144,82.5,0.0,12499.317727999998,0.0,baseline
C0048,CPT,MAN,B737,MAN-B737-CPT,1.0,180.04,30,11,90.1667,97.38507765451664,-7.218377654516658,3.218377654516658,0.9258779904645702,110.0,0.0,16233.612667999998,0.0,baseline
C0049,FO,MAN,B737,MAN-B737-FO,1.0,75.34,29,14,99.8331,98.67383920265782,1.159260797342185,0.0,1.0117484107916517,110.0,0.0,7521.425754000001,0.0,baseline
C0050,FO,MAN,B737,MAN-B737-FO,0.5,85.52,29,7,49.0833,49.33691960132891,-0.2536196013289071,0.0,0.994859435826592,55.0,0.0,4197.603816,0.0,baseline
C0051,FO,MAN,B737,MAN-B737-FO,1.0,61.23,25,11,87.5832,85.06365448504985,2.5195455149501527,0.0,1.0296195305762812,110.0,0.0,5362.719336,0.0,baseline
C0052,FO,MAN,B737,MAN-B737-FO,1.0,90.14,24,10,77.1668,81.66110830564784,-4.494308305647849,0.4943083056478485,0.94496390755773,110.0,0.0,6955.815352,0.0,baseline
C0053,FO,MAN,B737,MAN-B737-FO,0.75,90.37,19,6,42.6667,48.48628305647841,-5.819583056478415,1.8195830564784143,0.8799746507749506,82.5,0.0,3855.789679,0.0,baseline
C0054,FO,MAN,B737,MAN-B737-FO,1.0,91.09,29,12,96.9167,98.67383920265782,-1.757139202657811,0.0,0.9821924512428368,110.0,0.0,8828.142203000001,0.0,baseline
C0055,FO,MAN,B737,MAN-B737-FO,0.75,85.3,31,11,79.4167,79.10919867109635,0.3075013289036548,0.0,1.0038870489661025,82.5,0.0,6774.24451,0.0,baseline
C0056,FO,MAN,B737,MAN-B737-FO,1.0,76.45,27,12,90.7501,91.86874684385384,-1.1186468438538242,0.0,0.9878234232828368,110.0,0.0,6937.845145,0.0,baseline
C0057,FO,MAN,B737,MAN-B737-FO,1.0,82.86,31,13,101.9167,105.4789315614618,-3.562231561461786,0.0,0.9662280276380492,110.0,0.0,8444.817762,0.0,baseline
C0058,FO,MAN,B737,MAN-B737-FO,1.0,57.05,31,12,110.6666,105.4789315614618,5.187668438538211,1.1876684385382106,1.049182034381107,110.0,0.6666000000000025,6313.52953,19.01476500000007,baseline
C0059,FO,MAN,B737,MAN-B737-FO,1.0,54.44,31,11,108.8332,105.4789315614618,3.354268438538213,0.0,1.0318003641948508,110.0,0.0,5924.879408,0.0,baseline
C0060,FO,MAN,B737,MAN-B737-FO,1.0,66.7,22,9,79.3333,74.85601594684385,4.47728405315614,0.47728405315614,1.0598119469293623,110.0,0.0,5291.53111,0.0,baseline
C0061,CPT,BHX,A320,BHX-A320-CPT,0.75,153.75,31,11,77.0001,73.4092414187643,3.5908585812357074,0.0,1.0489156203202208,82.5,0.0,11838.765375,0.0,baseline
C0062,CPT,BHX,A320,BHX-A320-CPT,1.0,174.77,31,12,91.6668,97.8789885583524,-6.212188558352395,2.212188558352395,0.9365319498101587,110.0,0.0,16020.606636,0.0,baseline
C0063,CPT,BHX,A320,BHX-A320-CPT,1.0,138.87,31,12,103.0834,97.8789885583524,5.204411441647608,1.2044114416476075,1.0531718964233563,110.0,0.0,14315.191758,0.0,baseline
C0064,CPT,BHX,A320,BHX-A320-CPT,1.0,190.87,31,12,89.75,97.8789885583524,-8.12898855835239,4.12898855835239,0.9169485843889148,110.0,0.0,17130.5825,0.0,baseline
C0065,CPT,BHX,A320,BHX-A320-CPT,1.0,181.16,31,13,95.0,97.8789885583524,-2.8789885583523898,0.0,0.9705862453141716,110.0,0.0,17210.2,0.0,baseline
C0066,CPT,BHX,A320,BHX-A320-CPT,0.5,147.01,11,3,25.0,17.365627002288328,7.634372997711672,3.634372997711672,1.43962553132724,55.0,0.0,3675.25,0.0,baseline
C0067,CPT,BHX,A320,BHX-A320-CPT,1.0,161.67,23,9,67.8333,72.6198947368421,-4.786594736842105,0.7865947368421047,0.9340870053008528,110.0,0.0,10966.609610999998,0.0,baseline
C0068,CPT,BHX,A320,BHX-A320-CPT,1.0,171.05,31,12,94.0833,97.8789885583524,-3.795688558352396,0.0,0.9612205988817556,110.0,0.0,16092.948465,0.0,baseline
C0069,CPT,BHX,A320,BHX-A320-CPT,1.0,141.67,31,12,104.25,97.8789885583524,6.37101144164761,2.3710114416476102,1.0650906955158146,110.0,0.0,14769.097499999998,0.0,baseline
C0070,CPT,BHX,A320,BHX-A320-CPT,1.0,168.68,31,12,92.4166,97.8789885583524,-5.462388558352387,1.4623885583523872,0.9441924294600176,110.0,0.0,15588.832088,0.0,baseline
C0071,CPT,BHX,A320,BHX-A320-CPT,1.0,125.39,28,10,97.1667,88.40682837528604,8.759871624713966,4.759871624713966,1.0990859166163998,110.0,0.0,12183.732513,0.0,baseline
C0072,CPT,BHX,A320,BHX-A320-CPT,1.0,154.19,31,11,97.5833,97.8789885583524,-0.2956885583523956,0.0,0.9969790394985936,110.0,0.0,15046.369027,0.0,baseline
C0073,FO,BHX,A320,BHX-A320-FO,1.0,82.5,29,14,95.9167,97.19893603238866,-1.2822360323886528,0.0,0.9868081268712512,110.0,0.0,7913.127750000001,0.0,baseline
C0074,FO,BHX,A320,BHX-A320-FO,0.75,77.97,22,7,50.8334,55.30284291497976,-4.469442914979759,0.4694429149797585,0.9191824022166294,82.5,0.0,3963.480198,0.0,baseline
C0075,FO,BHX,A320,BHX-A320-FO,0.75,66.55,23,8,59.0834,57.81660850202429,1.26679149797571,0.0,1.0219105120621417,82.5,0.0,3932.00027,0.0,baseline
C0076,FO,BHX,A320,BHX-A320-FO,1.0,79.19,31,13,102.7501,103.90231093117409,-1.152210931174082,0.0,0.9889106322963566,110.0,0.0,8136.780419,0.0,baseline
C0077,FO,BHX,A320,BHX-A320-FO,1.0,79.06,29,12,93.7502,97.19893603238866,-3.448736032388652,0.0,0.9645187882381812,110.0,0.0,7411.890812000001,0.0,baseline
C0078,FO,BHX,A320,BHX-A320-FO,1.0,58.75,31,12,107.8333,103.90231093117409,3.930989068825909,0.0,1.037833509510966,110.0,0.0,6335.206375,0.0,baseline
C0079,FO,BHX,A320,BHX-A320-FO,1.0,91.62,31,12,97.4166,103.90231093117409,-6.485710931174083,2.485710931174083,0.9375787615015582,110.0,0.0,8925.308892000001,0.0,baseline
C0080,FO,BHX,A320,BHX-A320-FO,1.0,74.37,27,11,89.4167,90.49556113360325,-1.078861133603226,0.0,0.98807829776302,110.0,0.0,6649.919979000001,0.0,baseline
C0081,FO,BHX,A320,BHX-A320-FO,1.0,79.13,31,13,105.5,103.90231093117409,1.5976890688259149,0.0,1.015376838633399,110.0,0.0,8348.215,0.0,baseline
C0082,FO,BHX,A320,BHX-A320-FO,1.0,69.41,4,2,16.5,13.40674979757085,3.09325020242915,0.0,1.2307233482487765,110.0,0.0,1145.265,0.0,baseline
C0083,FO,BHX,A320,BHX-A320-FO,1.0,75.54,31,13,107.1664,103.90231093117409,3.2640890688259105,0.0,1.031414980471301,110.0,0.0,8095.349856000001,0.0,baseline
C0084,FO,BHX,A320,BHX-A320-FO,1.0,66.42,31,12,108.6667,103.90231093117409,4.7643890688259205,0.7643890688259205,1.0458545053149193,110.0,0.0,7217.642214,0.0,baseline
C0085,CPT,BHX,E190,BHX-E190-CPT,1.0,169.58,31,10,86.33330000000001,88.47469482758622,-2.141394827586211,0.0,0.9757965276765382,110.0,0.0,14640.401014000005,0.0,baseline
C0086,CPT,BHX,E190,BHX-E190-CPT,1.0,189.89,19,6,51.1666,54.226425862068965,-3.059825862068962,0.0,0.9435731598860678,110.0,0.0,9716.025674,0.0,baseline
C0087,CPT,BHX,E190,BHX-E190-CPT,1.0,137.79,25,9,76.4165,71.3505603448276,5.0659396551724,1.0659396551724,1.07100069895302,110.0,0.0,10529.429535,0.0,baseline
C0088,CPT,BHX,E190,BHX-E190-CPT,1.0,165.31,31,10,87.0001,88.47469482758622,-1.4745948275862162,0.0,0.9833331459299204,110.0,0.0,14381.986531,0.0,baseline
C0089,CPT,BHX,E190,BHX-E190-CPT,1.0,192.27,31,10,87.5836,88.47469482758622,-0.8910948275862154,0.0,0.989928252034972,110.0,0.0,16839.698772000003,0.0,baseline
C0090,CPT,BHX,E190,BHX-E190-CPT,1.0,131.7,31,11,92.75,88.47469482758622,4.2753051724137805,0.2753051724137805,1.0483223500317826,110.0,0.0,12215.175,0.0,baseline
C0091,CPT,BHX,E190,BHX-E190-CPT,1.0,169.65,31,10,83.2498,88.47469482758622,-5.224894827586226,1.224894827586226,0.9409447544547268,110.0,0.0,14123.32857,0.0,baseline
C0092,CPT,BHX,E190,BHX-E190-CPT,1.0,155.28,31,11,91.5833,88.47469482758622,3.1086051724137747,0.0,1.0351355286217332,110.0,0.0,14221.054824,0.0,baseline
C0093,CPT,BHX,E190,BHX-E190-CPT,1.0,125.29,29,10,86.9167,82.76665,4.150050000000007,0.1500500000000073,1.0501415727228298,110.0,0.0,10889.793343,0.0,baseline
C0094,CPT,BHX,E190,BHX-E190-CPT,1.0,179.44,31,10,84.6666,88.47469482758622,-3.808094827586217,0.0,0.9569583728431368,110.0,0.0,15192.574704,0.0,baseline
C0095,FO,BHX,E190,BHX-E190-FO,1.0,88.89,31,10,87.6668,86.68128885135135,0.9855111486486408,0.0,1.011369364273513,110.0,0.0,7792.701851999999,0.0,baseline
C0096,FO,BHX,E190,BHX-E190-FO,1.0,58.48,31,10,86.9166,86.68128885135135,0.2353111486486483,0.0,1.00271467062577,110.0,0.0,5082.882768,0.0,baseline
C0097,FO,BHX,E190,BHX-E190-FO,1.0,92.0,31,10,87.4165,86.68128885135135,0.735211148648645,0.0,1.0084817745374028,110.0,0.0,8042.318,0.0,baseline
C0098,FO,BHX,E190,BHX-E190-FO,1.0,79.44,31,10,85.0832,86.68128885135135,-1.5980888513513491,0.0,0.9815636237932284,110.0,0.0,6759.009408,0.0,baseline
C0099,FO,BHX,E190,BHX-E190-FO,1.0,84.09,31,10,86.9167,86.68128885135135,0.2354111486486516,0.0,1.002715824277283,110.0,0.0,7308.825303,0.0,baseline
C0100,FO,BHX,E190,BHX-E190-FO,1.0,65.14,31,11,90.9168,86.68128885135135,4.235511148648641,0.2355111486486407,1.0488630384339586,110.0,0.0,5922.320352,0.0,baseline
C0101,FO,BHX,E190,BHX-E190-FO,1.0,85.08,31,10,83.7499,86.68128885135135,-2.931388851351357,0.0,0.9661819881753448,110.0,0.0,7125.441492,0.0,baseline
C0102,FO,BHX,E190,BHX-E190-FO,1.0,60.77,24,8,68.3334,67.10809459459459,1.2253054054054076,0.0,1.018258682694056,110.0,0.0,4152.620718,0.0,baseline
C0103,FO,BHX,E190,BHX-E190-FO,1.0,91.64,24,8,65.5,67.10809459459459,-1.60809459459459,0.0,0.976037248497231,110.0,0.0,6002.42,0.0,baseline
C0104,FO,BHX,E190,BHX-E190-FO,1.0,84.78,31,10,85.1666,86.68128885135135,-1.5146888513513517,0.0,0.9825257691547612,110.0,0.0,7220.424348,0.0,baseline
C0105,CPT,EDI,A320,EDI-A320-CPT,1.0,179.75,31,14,105.9166,108.5000135667396,-2.583413566739594,0.0,0.9761897396892903,110.0,0.0,19038.50885,0.0,baseline
C0106,CPT,EDI,A320,EDI-A320-CPT,1.0,157.68,22,10,78.0834,77.00000962800875,1.0833903719912428,0.0,1.0140700030717549,110.0,0.0,12312.190512,0.0,baseline
C0107,CPT,EDI,A320,EDI-A320-CPT,1.0,140.25,25,11,92.5833,87.50001094091903,5.083289059080968,1.0832890590809685,1.058094724839672,110.0,0.0,12984.807825,0.0,baseline
C0108,CPT,EDI,A320,EDI-A320-CPT,1.0,148.93,25,11,89.5834,87.50001094091903,2.083389059080972,0.0,1.023810157698011,110.0,0.0,13341.655762,0.0,baseline
C0109,CPT,EDI,A320,EDI-A320-CPT,1.0,189.46,31,12,103.1668,108.5000135667396,-5.333213566739602,1.3332135667396017,0.9508459640564092,110.0,0.0,19545.981928,0.0,baseline
C0110,CPT,EDI,A320,EDI-A320-CPT,0.5,157.74,31,7,57.0832,54.2500067833698,2.8331932166302,0.0,1.0522247532234172,55.0,2.083199999999998,9004.303968,164.30198399999983,baseline
C0111,CPT,EDI,A320,EDI-A320-CPT,1.0,159.52,29,12,99.0001,101.50001269146608,-2.499912691466079,0.0,0.9753703213903512,110.0,0.0,15792.495952,0.0,baseline
C0112,CPT,EDI,A320,EDI-A320-CPT,1.0,132.71,31,13,111.1666,108.5000135667396,2.666586433260406,0.0,1.0245768304132068,110.0,1.1666000000000023,14752.919486,77.40974300000018,baseline
C0113,CPT,EDI,A320,EDI-A320-CPT,1.0,159.12,19,8,63.1667,66.50000831509847,-3.3333083150984706,0.0,0.949875069198425,110.0,0.0,10051.085304,0.0,baseline
C0114,FO,EDI,A320,EDI-A320-FO,0.5,84.78,31,7,55.1668,55.77559752530933,-0.6087975253093276,0.0,0.9890848766786752,55.0,0.166800000000002,4677.041304,7.070652000000087,baseline
C0115,FO,EDI,A320,EDI-A320-FO,1.0,68.14,31,14,111.6665,111.55119505061866,0.1153049493813398,0.0,1.0010336505075452,110.0,1.6664999999999992,7608.95531,56.77765499999997,baseline
C0116,FO,EDI,A320,EDI-A320-FO,1.0,85.56,28,11,98.9166,100.7559181102362,-1.8393181102362064,0.0,0.9817448131610113,110.0,0.0,8463.304296,0.0,baseline
C0117,FO,EDI,A320,EDI-A320-FO,1.0,81.57,29,13,105.5834,104.35434375703036,1.2290562429696337,0.0,1.0117777200135651,110.0,0.0,8612.437938,0.0,baseline
C0118,FO,EDI,A320,EDI-A320-FO,1.0,91.66,31,13,109.6668,111.55119505061866,-1.8843950506186504,0.0,0.983107352191399,110.0,0.0,10052.058888,0.0,baseline
C0119,FO,EDI,A320,EDI-A320-FO,0.75,65.57,31,10,79.75,83.66339628796399,-3.913396287963991,0.0,0.953224510818395,82.5,0.0,5229.2075,0.0,baseline
C0120,FO,EDI,A320,EDI-A320-FO,1.0,71.54,25,12,94.0001,89.96064116985376,4.039458830146245,0.0394588301462448,1.044902512672396,110.0,0.0,6724.767154000001,0.0,baseline
C0121,FO,EDI,A320,EDI-A320-FO,0.5,71.07,31,7,56.9999,55.77559752530933,1.224302474690667,0.0,1.021950503966096,55.0,1.999899999999997,4050.982893,71.06644649999987,baseline
C0122,FO,EDI,A320,EDI-A320-FO,1.0,86.16,24,11,88.0,86.3622155230596,1.6377844769403964,0.0,1.0189641322541465,110.0,0.0,7582.08,0.0,baseline
C0123,CPT,EDI,B737,EDI-B737-CPT,1.0,180.22,21,14,109.9167,98.25005,11.666650000000018,7.666650000000018,1.1187444688323316,110.0,0.0,19809.187674,0.0,baseline
C0124,CPT,EDI,B737,EDI-B737-CPT,1.0,189.13,0,0,0.0,0.0,0.0,0.0,,110.0,0.0,0.0,0.0,baseline
C0125,CPT,EDI,B737,EDI-B737-CPT,1.0,126.03,21,13,113.9167,98.25005,15.666650000000004,11.666650000000004,1.1594569163069128,110.0,3.916699999999992,14356.921701,246.81085049999948,baseline
C0126,CPT,EDI,B737,EDI-B737-CPT,0.5,185.18,18,7,54.333200000000005,42.10716428571428,12.226035714285722,8.226035714285722,1.2903552381567915,55.0,0.0,10061.421976,0.0,baseline
C0127,CPT,EDI,B737,EDI-B737-CPT,1.0,188.57,31,17,128.0002,145.0357880952381,-17.035588095238097,13.035588095238095,0.8825421758383412,110.0,18.000200000000007,24136.997714,1697.1488570000006,baseline
C0128,CPT,EDI,B737,EDI-B737-CPT,1.0,139.54,31,18,145.0,145.0357880952381,-0.0357880952381037,0.0,0.9997532464524232,110.0,35.0,20233.3,2441.95,baseline
C0129,CPT,EDI,B737,EDI-B737-CPT,1.0,154.72,25,14,111.3335,116.96434523809523,-5.630845238095247,1.6308452380952474,0.9518584468913756,110.0,1.3335000000000008,17225.51912,103.15956000000006,baseline
C0130,CPT,EDI,B737,EDI-B737-CPT,1.0,183.67,30,15,123.5001,140.3572142857143,-16.85711428571429,12.857114285714289,0.8798984835122221,110.0,13.500100000000003,22683.263367,1239.7816835000003,baseline
C0131,FO,EDI,B737,EDI-B737-FO,1.0,91.26,30,13,96.8333,100.34047659574468,-3.5071765957446672,0.0,0.9650472400098864,110.0,0.0,8837.006958000002,0.0,baseline
C0132,FO,EDI,B737,EDI-B737-FO,1.0,66.78,31,13,101.9166,103.68515914893617,-1.7685591489361627,0.0,0.9829429866004664,110.0,0.0,6805.990548000001,0.0,baseline
C0133,FO,EDI,B737,EDI-B737-FO,1.0,87.44,31,13,106.3334,103.68515914893617,2.648240851063832,0.0,1.0255411755433566,110.0,0.0,9297.792496,0.0,baseline
C0134,FO,EDI,B737,EDI-B737-FO,1.0,67.72,30,12,102.2501,100.34047659574468,1.909623404255328,0.0,1.019031436455588,110.0,0.0,6924.3767720000005,0.0,baseline
C0135,FO,EDI,B737,EDI-B737-FO,1.0,74.96,30,12,96.3335,100.34047659574468,-4.006976595744675,0.0069765957446747,0.9600661992877696,110.0,0.0,7221.159159999999,0.0,baseline
C0136,FO,EDI,B737,EDI-B737-FO,1.0,82.26,24,11,81.75,80.27238127659575,1.4776187234042482,0.0,1.0184075606068392,110.0,0.0,6724.755,0.0,baseline
C0137,FO,EDI,B737,EDI-B737-FO,1.0,72.46,28,12,93.1668,93.65111148936172,-0.4843114893617155,0.0,0.9948285558851404,110.0,0.0,6750.866327999999,0.0,baseline
C0138,FO,EDI,B737,EDI-B737-FO,1.0,60.3,31,12,107.4167,103.68515914893617,3.7315408510638406,0.0,1.035989151019229,110.0,0.0,6477.22701,0.0,baseline
C0001,CPT,MAN,A320,MAN-A320-CPT,1.0,183.17,21,9,81.4166,79.01847911275416,2.398120887245838,0.0,1.0303488616102554,110.0,0.0,14913.078622,0.0,rest_10h_flat
C0002,CPT,MAN,A320,MAN-A320-CPT,1.0,130.86,29,14,106.75,109.12075686999384,-2.3707568699938406,0.0,0.9782740063577604,110.0,0.0,13969.305000000002,0.0,rest_10h_flat
C0003,CPT,MAN,A320,MAN-A320-CPT,1.0,132.32,31,15,117.0,116.64632630930376,0.3536736906962403,0.0,1.0030320173972598,110.0,7.0,15481.44,463.12,rest_10h_flat
C0004,CPT,MAN,A320,MAN-A320-CPT,1.0,176.86,24,13,100.8334,90.30683327171904,10.526566728280956,6.5265667282809545,1.1165644541715705,110.0,0.0,17833.395124000002,0.0,rest_10h_flat
C0005,CPT,MAN,A320,MAN-A320-CPT,1.0,159.21,31,14,112.1668,116.64632630930376,-4.479526309303765,0.4795263093037647,0.9615973648632048,110.0,2.166799999999995,17858.076228,172.4881139999996,rest_10h_flat
C0007,CPT,MAN,A320,MAN-A320-CPT,1.0,180.77,31,13,109.0833,116.64632630930376,-7.563026309303765,3.563026309303765,0.9351627560970128,110.0,0.0,19718.988141,0.0,rest_10h_flat
C0008,CPT,MAN,A320,MAN-A320-CPT,1.0,139.53,20,11,86.25,75.2556943930992,10.994305606900795,6.994305606900795,1.1460926737247534,110.0,0.0,12034.4625,0.0,rest_10h_flat
C0010,CPT,MAN,A320,MAN-A320-CPT,1.0,131.11,29,14,112.1666,109.12075686999384,3.045843130006162,0.0,1.0279125916770808,110.0,2.1666000000000025,14706.162926000005,142.03146300000017,rest_10h_flat
C0011,CPT,MAN,A320,MAN-A320-CPT,1.0,129.68,31,15,117.2499,116.64632630930376,0.603573690696237,0.0,1.0051743909113415,110.0,7.249899999999997,15204.967032,470.0835159999998,rest_10h_flat
C0012,CPT,MAN,A320,MAN-A320-CPT,1.0,172.54,31,14,108.5834,116.64632630930376,-8.062926309303762,4.062926309303762,0.9308771517765264,110.0,0.0,18734.979836,0.0,rest_10h_flat
C0013,CPT,MAN,A320,MAN-A320-CPT,1.0,185.4,29,13,104.9997,109.12075686999384,-4.121056869993836,0.1210568699938363,0.9622339783172174,110.0,0.0,19466.94438,0.0,rest_10h_flat
C0014,CPT,MAN,A320,MAN-A320-CPT,1.0,154.27,31,14,114.4167,116.64632630930376,-2.229626309303754,0.0,0.9808855848285218,110.0,4.416700000000006,17651.064309,340.6821545000005,rest_10h_flat
C0015,CPT,MAN,A320,MAN-A320-CPT,1.0,158.07,31,14,111.6668,116.64632630930376,-4.979526309303765,0.9795263093037648,0.9573109032503958,110.0,1.666799999999995,17651.171076,131.7355379999996,rest_10h_flat
C0016,CPT,MAN,A320,MAN-A320-CPT,0.75,173.03,30,10,79.5,84.66265619223661,-5.162656192236611,1.1626561922366108,0.9390208573126482,82.5,0.0,13755.885,0.0,rest_10h_flat
C0017,CPT,MAN,A320,MAN-A320-CPT,1.0,175.12,0,0,0.0,0.0,0.0,0.0,,110.0,0.0,0.0,0.0,rest_10h_flat
C0018,CPT,MAN,A320,MAN-A320-CPT,0.75,148.09,19,7,64.6667,53.619682255083184,11.047017744916822,7.047017744916822,1.2060254235070471,82.5,0.0,9576.491603,0.0,rest_10h_flat
C0019,FO,MAN,A320,MAN-A320-FO,1.0,83.05,29,11,86.4167,90.22057483443707,-3.8038748344370816,0.0,0.9578380558822914,110.0,0.0,7176.906935,0.0,rest_10h_flat
C0020,FO,MAN,A320,MAN-A320-FO,1.0,81.61,31,13,98.1665,96.4426834437086,1.7238165562913963,0.0,1.017874000336143,110.0,0.0,8011.368065,0.0,rest_10h_flat
C0021,FO,MAN,A320,MAN-A320-FO,1.0,87.24,31,12,89.6668,96.4426834437086,-6.775883443708608,2.775883443708608,0.9297418611577358,110.0,0.0,7822.531631999999,0.0,rest_10h_flat
C0022,FO,MAN,A320,MAN-A320-FO,0.75,58.81,30,8,73.2499,69.99872185430463,3.251178145695363,0.0,1.046446250153858,82.5,0.0,4307.826619,0.0,rest_10h_flat
C0023,FO,MAN,A320,MAN-A320-FO,1.0,80.61,23,8,69.2499,71.55424900662251,-2.304349006622516,0.0,0.9677957767901492,110.0,0.0,5582.234439,0.0,rest_10h_flat
C0024,FO,MAN,A320,MAN-A320-FO,1.0,59.32,31,13,103.6667,96.4426834437086,7.224016556291389,3.2240165562913887,1.0749047651759698,110.0,0.0,6149.508644,0.0,rest_10h_flat
C0025,FO,MAN,A320,MAN-A320-FO,1.0,78.68,29,11,93.1666,90.22057483443707,2.946025165562915,0.0,1.03265358451738,110.0,0.0,7330.348088000001,0.0,rest_10h_flat
C0026,FO,MAN,A320,MAN-A320-FO,1.0,85.93,22,8,66.41669999999999,68.44319470198676,-2.0264947019867634,0.0,0.9703915822338444,110.0,0.0,5707.187031,0.0,rest_10h_flat
C0027,FO,MAN,A320,MAN-A320-FO,1.0,60.31,29,12,94.6666,90.22057483443707,4.446025165562915,0.446025165562915,1.0492795038573162,110.0,0.0,5709.342646,0.0,rest_10h_flat
C0028,FO,MAN,A320,MAN-A320-FO,1.0,76.92,31,12,100.1668,96.4426834437086,3.724116556291392,0.0,1.0386148168353806,110.0,0.0,7704.830256,0.0,rest_10h_flat
C0029,FO,MAN,A320,MAN-A320-FO,1.0,90.06,31,12,93.6666,96.4426834437086,-2.7760834437086004,0.0,0.9712151990738732,110.0,0.0,8435.613996,0.0,rest_10h_flat
C0030,FO,MAN,A320,MAN-A320-FO,0.75,66.56,11,3,27.1666,25.666198013245037,1.5004019867549658,0.0,1.0584582876661626,82.5,0.0,1808.208896,0.0,rest_10h_flat
C0031,FO,MAN,A320,MAN-A320-FO,1.0,88.63,31,12,97.5834,96.4426834437086,1.1407165562913946,0.0,1.0118279221975113,110.0,0.0,8648.816741999999,0.0,rest_10h_flat
C0032,FO,MAN,A320,MAN-A320-FO,1.0,87.15,26,10,77.1666,80.8874119205298,-3.7208119205297976,0.0,0.9540001116096356,110.0,0.0,6725.069190000001,0.0,rest_10h_flat
C0033,FO,MAN,A320,MAN-A320-FO,1.0,84.72,31,12,93.5001,96.4426834437086,-2.9425834437086,0.0,0.9694887850624136,110.0,0.0,7921.328472,0.0,rest_10h_flat
C0034,FO,MAN,A320,MAN-A320-FO,1.0,84.86,25,9,72.8333,77.77635761589403,-4.943057615894034,0.943057615894034,0.9364452416207788,110.0,0.0,6180.633838,0.0,rest_10h_flat
C0035,FO,MAN,A320,MAN-A320-FO,1.0,82.49,29,12,89.8335,90.22057483443707,-0.3870748344370867,0.0,0.99570968334942,110.0,0.0,7410.365414999999,0.0,rest_10h_flat
C0036,FO,MAN,A320,MAN-A320-FO,1.0,76.26,31,12,100.1666,96.4426834437086,3.7239165562914,0.0,1.0386127430647962,110.0,0.0,7638.704916000001,0.0,rest_10h_flat
C0037,CPT,MAN,B737,MAN-B737-CPT,1.0,168.5,29,12,91.8333,94.1389083993661,-2.3056083993660934,0.0,0.975508443442057,110.0,0.0,15473.91105,0.0,rest_10h_flat
C0038,CPT,MAN,B737,MAN-B737-CPT,1.0,135.14,31,14,109.1664,100.6312469096672,8.535153090332813,4.5351530903328126,1.084816131693116,110.0,0.0,14752.747296,0.0,rest_10h_flat
C0039,CPT,MAN,B737,MAN-B737-CPT,1.0,184.92,31,12,93.6668,100.6312469096672,-6.964446909667203,2.9644469096672026,0.9307924017286706,110.0,0.0,17320.864655999998,0.0,rest_10h_flat
C0040,CPT,MAN,B737,MAN-B737-CPT,1.0,142.65,31,13,108.8332,100.6312469096672,8.201953090332808,4.201953090332808,1.0815050329019116,110.0,0.0,15525.05598,0.0,rest_10h_flat
C0041,CPT,MAN,B737,MAN-B737-CPT,0.75,171.44,30,9,69.9167,73.03880824088749,-3.122108240887485,0.0,0.957254118514769,82.5,0.0,11986.519048,0.0,rest_10h_flat
C0042,CPT,MAN,B737,MAN-B737-CPT,0.75,171.95,31,10,74.33330000000001,75.4734351822504,-1.1401351822503898,0.0,0.9848935565275752,82.5,0.0,12781.610935,0.0,rest_10h_flat
C0043,CPT,MAN,B737,MAN-B737-CPT,0.5,161.43,21,4,35.5833,34.08477717908083,1.4985228209191703,0.0,1.0439645772963675,55.0,0.0,5744.212119000001,0.0,rest_10h_flat
C0044,CPT,MAN,B737,MAN-B737-CPT,1.0,178.77,31,12,99.0833,100.6312469096672,-1.5479469096671892,0.0,0.984617631628308,110.0,0.0,17713.121541000004,0.0,rest_10h_flat
C0045,CPT,MAN,B737,MAN-B737-CPT,1.0,171.75,30,11,93.3334,97.38507765451664,-4.051677654516652,0.0516776545166521,0.9583952926659832,110.0,0.0,16030.01145,0.0,rest_10h_flat
C0046,CPT,MAN,B737,MAN-B737-CPT,1.0,130.75,23,9,84.0,74.66189286846276,9.338107131537242,5.338107131537242,1.1250719312459552,110.0,0.0,10983.0,0.0,rest_10h_flat
C0047,CPT,MAN,B737,MAN-B737-CPT,0.75,165.92,31,10,73.4166,75.4734351822504,-2.056835182250396,0.0,0.972747561081808,82.5,0.0,12181.282272,0.0,rest_10h_flat
C0048,CPT,MAN,B737,MAN-B737-CPT,1.0,180.04,30,12,91.0001,97.38507765451664,-6.384977654516646,2.3849776545166463,0.9344357697473118,110.0,0.0,16383.658004,0.0,rest_10h_flat
C0049,FO,MAN,B737,MAN-B737-FO,1.0,75.34,29,14,98.4165,98.67383920265782,-0.2573392026578176,0.0,0.9973920219914694,110.0,0.0,7414.69911,0.0,rest_10h_flat
C0050,FO,MAN,B737,MAN-B737-FO,0.5,85.52,29,7,49.8333,49.33691960132891,0.4963803986710928,0.0,1.0100610334549085,55.0,0.0,4261.743816,0.0,rest_10h_flat
C0051,FO,MAN,B737,MAN-B737-FO,1.0,61.23,25,11,87.7501,85.06365448504985,2.686445514950151,0.0,1.0315815906477694,110.0,0.0,5372.938623,0.0,rest_10h_flat
C0052,FO,MAN,B737,MAN-B737-FO,1.0,90.14,24,10,76.9168,81.66110830564784,-4.744308305647849,0.7443083056478486,0.9419024747020276,110.0,0.0,6933.280352,0.0,rest_10h_flat
C0053,FO,MAN,B737,MAN-B737-FO,0.75,90.37,19,7,48.4167,48.48628305647841,-0.0695830564784145,0.0,0.9985648919221676,82.5,0.0,4375.417179,0.0,rest_10h_flat
C0054,FO,MAN,B737,MAN-B737-FO,1.0,91.09,29,12,94.2501,98.67383920265782,-4.4237392026578135,0.4237392026578135,0.9551680644190575,110.0,0.0,8585.241609,0.0,rest_10h_flat
C0055,FO,MAN,B737,MAN-B737-FO,0.75,85.3,31,10,74.9167,79.10919867109635,-4.192498671096345,0.1924986710963452,0.9470036513891762,82.5,0.0,6390.39451,0.0,rest_10h_flat
C0056,FO,MAN,B737,MAN-B737-FO,1.0,76.45,27,12,95.2498,91.86874684385384,3.381053156146166,0.0,1.0368030834456992,110.0,0.0,7281.84721,0.0,rest_10h_flat
C0057,FO,MAN,B737,MAN-B737-FO,1.0,82.86,31,13,105.9166,105.4789315614618,0.4376684385382106,0.0,1.004149344632707,110.0,0.0,8776.249476,0.0,rest_10h_flat
C0058,FO,MAN,B737,MAN-B737-FO,1.0,57.05,31,12,107.8333,105.4789315614618,2.354368438538202,0.0,1.022320745988656,110.0,0.0,6151.889764999999,0.0,rest_10h_flat
C0059,FO,MAN,B737,MAN-B737-FO,1.0,54.44,31,11,108.9166,105.4789315614618,3.4376684385382106,0.0,1.0325910434211698,110.0,0.0,5929.419704,0.0,rest_10h_flat
C0060,FO,MAN,B737,MAN-B737-FO,1.0,66.7,22,9,75.7499,74.85601594684385,0.8938840531561425,0.0,1.0119413789506364,110.0,0.0,5052.51833,0.0,rest_10h_flat
C0061,CPT,BHX,A320,BHX-A320-CPT,0.75,153.75,31,11,74.0,73.4092414187643,0.5907585812357041,0.0,1.0080474688175254,82.5,0.0,11377.5,0.0,rest_10h_flat
C0062,CPT,BHX,A320,BHX-A320-CPT,1.0,174.77,31,12,93.7501,97.8789885583524,-4.128888558352386,0.1288885583523864,0.9578163953350328,110.0,0.0,16384.704977,0.0,rest_10h_flat
C0063,CPT,BHX,A320,BHX-A320-CPT,1.0,138.87,31,13,103.5833,97.8789885583524,5.704311441647619,1.7043114416476186,1.058279223413173,110.0,0.0,14384.612871,0.0,rest_10h_flat
C0064,CPT,BHX,A320,BHX-A320-CPT,1.0,190.87,31,12,94.6666,97.8789885583524,-3.2123885583523872,0.0,0.9671799984279849,110.0,0.0,18069.013942,0.0,rest_10h_flat
C0065,CPT,BHX,A320,BHX-A320-CPT,1.0,181.16,31,12,94.8334,97.8789885583524,-3.0455885583523923,0.0,0.96888414354081,110.0,0.0,17180.018744,0.0,rest_10h_flat
C0066,CPT,BHX,A320,BHX-A320-CPT,0.5,147.01,11,3,23.5833,17.365627002288328,6.217672997711674,2.2176729977116736,1.358044831717988,55.0,0.0,3466.980933,0.0,rest_10h_flat
C0067,CPT,BHX,A320,BHX-A320-CPT,1.0,161.67,23,8,69.5,72.6198947368421,-3.119894736842099,0.0,0.9570380162605868,110.0,0.0,11236.065,0.0,rest_10h_flat
C0068,CPT,BHX,A320,BHX-A320-CPT,1.0,171.05,31,12,93.6668,97.8789885583524,-4.212188558352395,0.2121885583523948,0.956965344448352,110.0,0.0,16021.70614,0.0,rest_10h_flat
C0069,CPT,BHX,A320,BHX-A320-CPT,1.0,141.67,31,12,103.9165,97.8789885583524,6.0375114416476094,2.037511441647609,1.0616834269598958,110.0,0.0,14721.850555,0.0,rest_10h_flat
C0070,CPT,BHX,A320,BHX-A320-CPT,1.0,168.68,31,12,92.4168,97.8789885583524,-5.462188558352395,1.4621885583523948,0.9441944727994812,110.0,0.0,15588.865824,0.0,rest_10h_flat
C0071,CPT,BHX,A320,BHX-A320-CPT,1.0,125.39,28,10,93.0,88.40682837528604,4.5931716247139605,0.5931716247139605,1.051954941819833,110.0,0.0,11661.27,0.0,rest_10h_flat
C0072,CPT,BHX,A320,BHX-A320-CPT,1.0,154.19,31,12,97.9167,97.8789885583524,0.037711441647616,0.0,1.0003852863847804,110.0,0.0,15097.775973,0.0,rest_10h_flat
C0073,FO,BHX,A320,BHX-A320-FO,1.0,82.5,29,13,98.2499,97.19893603238866,1.050963967611338,0.0,1.0108125048535628,110.0,0.0,8105.61675,0.0,rest_10h_flat
C0074,FO,BHX,A320,BHX-A320-FO,0.75,77.97,22,7,53.8333,55.30284291497976,-1.4695429149797548,0.0,0.9734273531427856,82.5,0.0,4197.382401,0.0,rest_10h_flat
C0075,FO,BHX,A320,BHX-A320-FO,0.75,66.55,23,8,62.2501,57.81660850202429,4.433491497975716,0.4334914979757158,1.076681971026033,82.5,0.0,4142.744155,0.0,rest_10h_flat
C0076,FO,BHX,A320,BHX-A320-FO,1.0,79.19,31,13,101.5,103.90231093117409,-2.4023109311740853,0.0,0.9768791385904264,110.0,0.0,8037.785,0.0,rest_10h_flat
C0077,FO,BHX,A320,BHX-A320-FO,1.0,79.06,29,12,94.6666,97.19893603238866,-2.532336032388656,0.0,0.9739468749787052,110.0,0.0,7484.341396000001,0.0,rest_10h_flat
C0078,FO,BHX,A320,BHX-A320-FO,1.0,58.75,31,11,104.75,103.90231093117409,0.8476890688259147,0.0,1.0081585198753418,110.0,0.0,6154.0625,0.0,rest_10h_flat
C0079,FO,BHX,A320,BHX-A320-FO,1.0,91.62,31,12,99.0833,103.90231093117409,-4.819010931174077,0.819010931174077,0.9536197906669636,110.0,0.0,9078.011946,0.0,rest_10h_flat
C0080,FO,BHX,A320,BHX-A320-FO,1.0,74.37,27,11,93.4167,90.49556113360325,2.921138866396774,0.0,1.0322793607753218,110.0,0.0,6947.399979000001,0.0,rest_10h_flat
C0081,FO,BHX,A320,BHX-A320-FO,1.0,79.13,31,14,100.8335,103.90231093117409,-3.0688109311740845,0.0,0.9704644593207664,110.0,0.0,7978.954855,0.0,rest_10h_flat
C0082,FO,BHX,A320,BHX-A320-FO,1.0,69.41,4,2,16.0834,13.40674979757085,2.676650202429151,0.0,1.1996494484378406,110.0,0.0,1116.348794,0.0,rest_10h_flat
C0083,FO,BHX,A320,BHX-A320-FO,1.0,75.54,31,13,102.4167,103.90231093117409,-1.4856109311740937,0.0,0.9857018489977748,110.0,0.0,7736.557518,0.0,rest_10h_flat
C0084,FO,BHX,A320,BHX-A320-FO,1.0,66.42,31,13,107.75,103.90231093117409,3.847689068825914,0.0,1.0370317949075711,110.0,0.0,7156.755,0.0,rest_10h_flat
C0085,CPT,BHX,E190,BHX-E190-CPT,1.0,169.58,31,10,87.6666,88.47469482758622,-0.808094827586217,0.0,0.9908663733832485,110.0,0.0,14866.502028,0.0,rest_10h_flat
C0086,CPT,BHX,E190,BHX-E190-CPT,1.0,189.89,19,6,50.916700000000006,54.226425862068965,-3.3097258620689587,0.0,0.9389647056863452,110.0,0.0,9668.572163,0.0,rest_10h_flat
C0087,CPT,BHX,E190,BHX-E190-CPT,1.0,137.79,25,9,76.5833,71.3505603448276,5.232739655172395,1.232739655172395,1.0733384521422575,110.0,0.0,10552.412906999998,0.0,rest_10h_flat
C0088,CPT,BHX,E190,BHX-E190-CPT,1.0,165.31,31,10,85.7499,88.47469482758622,-2.724794827586223,0.0,0.9692025518381712,110.0,0.0,14175.315969,0.0,rest_10h_flat
C0089,CPT,BHX,E190,BHX-E190-CPT,1.0,192.27,31,10,86.3334,88.47469482758622,-2.141294827586222,0.0,0.9757976579432228,110.0,0.0,16599.322818,0.0,rest_10h_flat
C0090,CPT,BHX,E190,BHX-E190-CPT,1.0,131.7,31,11,92.0833,88.47469482758622,3.608605172413789,0.0,1.0407868620450853,110.0,0.0,12127.37061,0.0,rest_10h_flat
C0091,CPT,BHX,E190,BHX-E190-CPT,1.0,169.65,31,10,86.9166,88.47469482758622,-1.558094827586217,0.0,0.9823893732482204,110.0,0.0,14745.40119,0.0,rest_10h_flat
C0092,CPT,BHX,E190,BHX-E190-CPT,1.0,155.28,31,11,92.5,88.47469482758622,4.0253051724137805,0.0253051724137804,1.0454966833201067,110.0,0.0,14363.4,0.0,rest_10h_flat
C0093,CPT,BHX,E190,BHX-E190-CPT,1.0,125.29,29,10,85.0001,82.76665,2.233450000000005,0.0,1.0269849027355826,110.0,0.0,10649.662529,0.0,rest_10h_flat
C0094,CPT,BHX,E190,BHX-E190-CPT,1.0,179.44,31,10,83.9166,88.47469482758622,-4.558094827586217,0.558094827586217,0.948481372708109,110.0,0.0,15057.994704,0.0,rest_10h_flat
C0095,FO,BHX,E190,BHX-E190-FO,1.0,88.89,31,10,86.9166,86.68128885135135,0.2353111486486483,0.0,1.00271467062577,110.0,0.0,7726.016574,0.0,rest_10h_flat
C0096,FO,BHX,E190,BHX-E190-FO,1.0,58.48,31,10,83.8332,86.68128885135135,-2.848088851351349,0.0,0.9671429798853648,110.0,0.0,4902.565536,0.0,rest_10h_flat
C0097,FO,BHX,E190,BHX-E190-FO,1.0,92.0,31,10,82.6666,86.68128885135135,-4.014688851351352,0.0146888513513516,0.953684481339034,110.0,0.0,7605.327200000001,0.0,rest_10h_flat
C0098,FO,BHX,E190,BHX-E190-FO,1.0,79.44,31,10,87.9999,86.68128885135135,1.3186111486486425,0.0,1.0152121774620808,110.0,0.0,6990.712055999999,0.0,rest_10h_flat
C0099,FO,BHX,E190,BHX-E190-FO,1.0,84.09,31,10,87.1667,86.68128885135135,0.4854111486486516,0.0,1.0055999530588553,110.0,0.0,7329.847803000001,0.0,rest_10h_flat
C0100,FO,BHX,E190,BHX-E190-FO,1.0,65.14,31,11,90.5833,86.68128885135135,3.902011148648654,0.0,1.045015610639341,110.0,0.0,5900.596162000001,0.0,rest_10h_flat
C0101,FO,BHX,E190,BHX-E190-FO,1.0,85.08,31,10,84.0,86.68128885135135,-2.681288851351354,0.0,0.96906727060843,110.0,0.0,7146.72,0.0,rest_10h_flat
C0102,FO,BHX,E190,BHX-E190-FO,1.0,60.77,24,8,69.0834,67.10809459459459,1.975305405405408,0.0,1.0294346817226503,110.0,0.0,4198.198218,0.0,rest_10h_flat
C0103,FO,BHX,E190,BHX-E190-FO,1.0,91.64,24,8,67.4167,67.10809459459459,0.3086054054054159,0.0,1.0045986316147064,110.0,0.0,6178.066388,0.0,rest_10h_flat
C0104,FO,BHX,E190,BHX-E190-FO,1.0,84.78,31,10,88.0001,86.68128885135135,1.3188111486486491,0.0,1.015214484765106,110.0,0.0,7460.648478,0.0,rest_10h_flat
C0105,CPT,EDI,A320,EDI-A320-CPT,1.0,179.75,31,13,106.6667,108.5000135667396,-1.8333135667395908,0.0,0.9831031028801496,110.0,0.0,19173.339325,0.0,rest_10h_flat
C0106,CPT,EDI,A320,EDI-A320-CPT,1.0,157.68,22,9,79.9166,77.00000962800875,2.916590371991248,0.0,1.0378777923026432,110.0,0.0,12601.249488,0.0,rest_10h_flat
C0107,CPT,EDI,A320,EDI-A320-CPT,1.0,140.25,25,11,87.5834,87.50001094091903,0.0833890590809716,0.0,1.000953017698904,110.0,0.0,12283.57185,0.0,rest_10h_flat
C0108,CPT,EDI,A320,EDI-A320-CPT,1.0,148.93,25,11,91.4167,87.50001094091903,3.91668905908098,0.0,1.0447621550781927,110.0,0.0,13614.689131,0.0,rest_10h_flat
C0109,CPT,EDI,A320,EDI-A320-CPT,1.0,189.46,31,13,105.25,108.5000135667396,-3.2500135667395966,0.0,0.9700459616556594,110.0,0.0,19940.665,0.0,rest_10h_flat
C0110,CPT,EDI,A320,EDI-A320-CPT,0.5,157.74,31,7,50.6668,54.2500067833698,-3.5832067833697963,0.0,0.9339501136344888,55.0,0.0,7992.181032,0.0,rest_10h_flat
C0111,CPT,EDI,A320,EDI-A320-CPT,1.0,159.52,29,12,99.9167,101.50001269146608,-1.583312691466077,0.0,0.984400862133102,110.0,0.0,15938.711984,0.0,rest_10h_flat
C0112,CPT,EDI,A320,EDI-A320-CPT,1.0,132.71,31,13,109.6665,108.5000135667396,1.1664864332604026,0.0,1.0107510256903598,110.0,0.0,14553.841215,0.0,rest_10h_flat
C0113,CPT,EDI,A320,EDI-A320-CPT,1.0,159.12,19,9,68.66669999999999,66.50000831509847,2.1666916849015223,0.0,1.032581825774142,110.0,0.0,10926.245303999998,0.0,rest_10h_flat
C0114,FO,EDI,A320,EDI-A320-FO,0.5,84.78,31,8,58.0,55.77559752530933,2.2244024746906703,0.0,1.039881284529158,55.0,3.0,4917.24,127.17,rest_10h_flat
C0115,FO,EDI,A320,EDI-A320-FO,1.0,68.14,31,13,110.6666,111.55119505061866,-0.8845950506186568,0.0,0.9920700531247804,110.0,0.6666000000000025,7540.822124,22.711062000000087,rest_10h_flat
C0116,FO,EDI,A320,EDI-A320-FO,1.0,85.56,28,13,102.0832,100.7559181102362,1.327281889763796,0.0,1.0131732399908424,110.0,0.0,8734.238592000002,0.0,rest_10h_flat
C0117,FO,EDI,A320,EDI-A320-FO,1.0,81.57,29,13,105.5001,104.35434375703036,1.1457562429696395,0.0,1.010979478205884,110.0,0.0,8605.643157,0.0,rest_10h_flat
C0118,FO,EDI,A320,EDI-A320-FO,1.0,91.66,31,13,111.5002,111.55119505061866,-0.0509950506186527,0.0,0.999542855183259,110.0,1.5002000000000066,10220.108332,68.7541660000003,rest_10h_flat
C0119,FO,EDI,A320,EDI-A320-FO,0.75,65.57,31,10,81.5,83.66339628796399,-2.163396287963991,0.0,0.9741416630934068,82.5,0.0,5343.954999999999,0.0,rest_10h_flat
C0120,FO,EDI,A320,EDI-A320-FO,1.0,71.54,25,11,92.25,89.96064116985376,2.289358830146241,0.0,1.0254484494594,110.0,0.0,6599.5650000000005,0.0,rest_10h_flat
C0121,FO,EDI,A320,EDI-A320-FO,0.5,71.07,31,7,53.75,55.77559752530933,-2.0255975253093297,0.0,0.9636830869559008,55.0,0.0,3820.0125,0.0,rest_10h_flat
C0122,FO,EDI,A320,EDI-A320-FO,1.0,86.16,24,10,84.5,86.3622155230596,-1.862215523059604,0.0,0.978437149721311,110.0,0.0,7280.519999999999,0.0,rest_10h_flat
C0123,CPT,EDI,B737,EDI-B737-CPT,1.0,180.22,21,13,104.3334,98.25005,6.08335000000001,2.08335000000001,1.0619170168361238,110.0,0.0,18802.965348,0.0,rest_10h_flat
C0124,CPT,EDI,B737,EDI-B737-CPT,1.0,189.13,0,0,0.0,0.0,0.0,0.0,,110.0,0.0,0.0,0.0,rest_10h_flat
C0125,CPT,EDI,B737,EDI-B737-CPT,1.0,126.03,21,13,112.5833,98.25005,14.333250000000008,10.333250000000008,1.145885421941261,110.0,2.583299999999994,14188.873299,162.78664949999964,rest_10h_flat
C0126,CPT,EDI,B737,EDI-B737-CPT,0.5,185.18,18,7,54.5833,42.10716428571428,12.476135714285718,8.476135714285718,1.2962948449729377,55.0,0.0,10107.735494,0.0,rest_10h_flat
C0127,CPT,EDI,B737,EDI-B737-CPT,1.0,188.57,31,17,129.0,145.0357880952381,-16.035788095238104,12.035788095238104,0.8894356468438799,110.0,19.0,24325.53,1791.415,rest_10h_flat
C0128,CPT,EDI,B737,EDI-B737-CPT,1.0,139.54,31,18,147.7501,145.0357880952381,2.7143119047618995,0.0,1.0187147733701392,110.0,37.7501,20617.048954,2633.824477,rest_10h_flat
C0129,CPT,EDI,B737,EDI-B737-CPT,1.0,154.72,25,14,111.5,116.96434523809523,-5.464345238095248,1.4643452380952482,0.9532819576173244,110.0,1.5,17251.28,116.04,rest_10h_flat
C0130,CPT,EDI,B737,EDI-B737-CPT,1.0,183.67,30,16,126.2503,140.3572142857143,-14.106914285714296,10.106914285714296,0.899492773795026,110.0,16.250299999999996,23188.392601,1492.3463004999994,rest_10h_flat
C0131,FO,EDI,B737,EDI-B737-FO,1.0,91.26,30,13,96.5003,100.34047659574468,-3.84017659574468,0.0,0.9617285394087162,110.0,0.0,8806.617378,0.0,rest_10h_flat
C0132,FO,EDI,B737,EDI-B737-FO,1.0,66.78,31,13,104.0834,103.68515914893617,0.3982408510638322,0.0,1.0038408664685732,110.0,0.0,6950.689452,0.0,rest_10h_flat
C0133,FO,EDI,B737,EDI-B737-FO,1.0,87.44,31,13,101.0,103.68515914893617,-2.6851591489361653,0.0,0.9741027629124904,110.0,0.0,8831.44,0.0,rest_10h_flat
C0134,FO,EDI,B737,EDI-B737-FO,1.0,67.72,30,13,103.3335,100.34047659574468,2.993023404255325,0.0,1.0298286743874432,110.0,0.0,6997.74462,0.0,rest_10h_flat
C0135,FO,EDI,B737,EDI-B737-FO,1.0,74.96,30,12,104.1667,100.34047659574468,3.82622340425533,0.0,1.0381324021378786,110.0,0.0,7808.335832,0.0,rest_10h_flat
C0136,FO,EDI,B737,EDI-B737-FO,1.0,82.26,24,10,77.7499,80.27238127659575,-2.522481276595755,0.0,0.9685759754914458,110.0,0.0,6395.706774,0.0,rest_10h_flat
C0137,FO,EDI,B737,EDI-B737-FO,1.0,72.46,28,12,91.5833,93.65111148936172,-2.0678114893617163,0.0,0.9779200539483548,110.0,0.0,6636.125917999999,0.0,rest_10h_flat
C0138,FO,EDI,B737,EDI-B737-FO,1.0,60.3,31,12,107.5833,103.68515914893617,3.898140851063829,0.0,1.0375959383489437,110.0,0.0,6487.27299,0.0,rest_10h_flat
C0001,CPT,MAN,A320,MAN-A320-CPT,1.0,183.17,21,10,84.5833,79.01847911275416,5.56482088724583,1.5648208872458298,1.070424297578611,110.0,0.0,15493.123060999998,0.0,rest_14h
C0002,CPT,MAN,A320,MAN-A320-CPT,1.0,130.86,29,15,113.6666,109.12075686999384,4.545843130006162,0.5458431300061619,1.0416588306422954,110.0,3.6666000000000025,14874.411276000004,239.90563800000015,rest_14h
C0003,CPT,MAN,A320,MAN-A320-CPT,1.0,132.32,31,16,118.25,116.64632630930376,1.6036736906962403,0.0,1.0137481714292818,110.0,8.25,15646.839999999998,545.8199999999999,rest_14h
C0004,CPT,MAN,A320,MAN-A320-CPT,1.0,176.86,24,13,101.6667,90.30683327171904,11.359866728280949,7.359866728280949,1.1257918843649506,110.0,0.0,17980.772562,0.0,rest_14h
C0005,CPT,MAN,A320,MAN-A320-CPT,1.0,159.21,31,13,106.9167,116.64632630930376,-9.729626309303768,5.729626309303768,0.9165886606363896,110.0,0.0,17022.207807,0.0,rest_14h
C0007,CPT,MAN,A320,MAN-A320-CPT,1.0,180.77,31,13,107.8334,116.64632630930376,-8.812926309303762,4.812926309303762,0.9244474593573132,110.0,0.0,19493.043718,0.0,rest_14h
C0008,CPT,MAN,A320,MAN-A320-CPT,1.0,139.53,20,11,86.33330000000001,75.2556943930992,11.077605606900804,7.077605606900804,1.1471995667070292,110.0,0.0,12046.085349,0.0,rest_14h
C0010,CPT,MAN,A320,MAN-A320-CPT,1.0,131.11,29,14,110.4167,109.12075686999384,1.2959431300061652,0.0,1.011876229300262,110.0,0.4167000000000058,14476.733537000002,27.316768500000386,rest_14h
C0011,CPT,MAN,A320,MAN-A320-CPT,1.0,129.68,31,14,118.6665,116.64632630930376,2.0201736906962395,0.0,1.0173187939527517,110.0,8.6665,15388.67172,561.9358599999999,rest_14h
C0012,CPT,MAN,A320,MAN-A320-CPT,1.0,172.54,31,13,109.0001,116.64632630930376,-7.646226309303756,3.646226309303757,0.9344494888846414,110.0,0.0,18806.877254,0.0,rest_14h
C0013,CPT,MAN,A320,MAN-A320-CPT,1.0,185.4,29,14,107.0831,109.12075686999384,-2.037656869993839,0.0,0.9813265878239692,110.0,0.0,19853.20674,0.0,rest_14h
C0014,CPT,MAN,A320,MAN-A320-CPT,1.0,154.27,31,13,108.9168,116.64632630930376,-7.7295263093037505,3.7295263093037514,0.9337353643799476,110.0,0.0,16802.594736000003,0.0,rest_14h
C0015,CPT,MAN,A320,MAN-A320-CPT,1.0,158.07,31,14,109.8334,116.64632630930376,-6.812926309303762,2.812926309303762,0.9415933058085484,110.0,0.0,17361.365538,0.0,rest_14h
C0016,CPT,MAN,A320,MAN-A320-CPT,0.75,173.03,30,10,80.6666,84.66265619223661,-3.996056192236608,0.0,0.9528002501697668,82.5,0.0,13957.741798,0.0,rest_14h
C0017,CPT,MAN,A320,MAN-A320-CPT,1.0,175.12,0,0,0.0,0.0,0.0,0.0,,110.0,0.0,0.0,0.0,rest_14h
C0018,CPT,MAN,A320,MAN-A320-CPT,0.75,148.09,19,7,62.9167,53.619682255083184,9.297017744916817,5.297017744916815,1.1733881543849591,82.5,0.0,9317.334103,0.0,rest_14h
C0019,FO,MAN,A320,MAN-A320-FO,1.0,83.05,29,11,91.6668,90.22057483443707,1.4462251655629077,0.0,1.0160298819666895,110.0,0.0,7612.927739999999,0.0,rest_14h
C0020,FO,MAN,A320,MAN-A320-FO,1.0,81.61,31,12,93.9167,96.4426834437086,-2.5259834437086117,0.0,0.9738084491895856,110.0,0.0,7664.541886999999,0.0,rest_14h
C0021,FO,MAN,A320,MAN-A320-FO,1.0,87.24,31,12,92.1666,96.4426834437086,-4.2760834437086,0.2760834437086004,0.9556619196913528,110.0,0.0,8040.614184,0.0,rest_14h
C0022,FO,MAN,A320,MAN-A320-FO,0.75,58.81,30,9,73.91669999999999,69.99872185430463,3.9179781456953577,0.0,1.0559721383749012,82.5,0.0,4347.041127,0.0,rest_14h
C0023,FO,MAN,A320,MAN-A320-FO,1.0,80.61,23,9,71.4165,71.55424900662251,-0.1377490066225135,0.0,0.9980749010920404,110.0,0.0,5756.884065,0.0,rest_14h
C0024,FO,MAN,A320,MAN-A320-FO,1.0,59.32,31,13,102.1666,96.4426834437086,5.7239165562914,1.7239165562913996,1.059350448908157,110.0,0.0,6060.522712,0.0,rest_14h
C0025,FO,MAN,A320,MAN-A320-FO,1.0,78.68,29,11,90.0832,90.22057483443707,-0.1373748344370824,0.0,0.998477344722208,110.0,0.0,7087.746176000001,0.0,rest_14h
C0026,FO,MAN,A320,MAN-A320-FO,1.0,85.93,22,9,67.5001,68.44319470198676,-0.9430947019867516,0.0,0.9862207673663812,110.0,0.0,5800.283593000001,0.0,rest_14h
C0027,FO,MAN,A320,MAN-A320-FO,1.0,60.31,29,12,95.0834,90.22057483443707,4.86282516556291,0.86282516556291,1.053899292644573,110.0,0.0,5734.479854,0.0,rest_14h
C0028,FO,MAN,A320,MAN-A320-FO,1.0,76.92,31,11,97.5832,96.4426834437086,1.140516556291402,0.0,1.0118258484269271,110.0,0.0,7506.099744,0.0,rest_14h
C0029,FO,MAN,A320,MAN-A320-FO,1.0,90.06,31,12,93.9168,96.4426834437086,-2.525883443708608,0.0,0.9738094860748776,110.0,0.0,8458.147008,0.0,rest_14h
C0030,FO,MAN,A320,MAN-A320-FO,0.75,66.56,11,4,29.75,25.666198013245037,4.083801986754967,0.0838019867549668,1.1591120735781562,82.5,0.0,1980.16,0.0,rest_14h
C0031,FO,MAN,A320,MAN-A320-FO,1.0,88.63,31,11,90.5833,96.4426834437086,-5.8593834437085945,1.8593834437085943,0.939244914860456,110.0,0.0,8028.397879,0.0,rest_14h
C0032,FO,MAN,A320,MAN-A320-FO,1.0,87.15,26,10,76.5833,80.8874119205298,-4.304111920529806,0.3041119205298059,0.9467888535640316,110.0,0.0,6674.234595,0.0,rest_14h
C0033,FO,MAN,A320,MAN-A320-FO,1.0,84.72,31,12,97.9999,96.4426834437086,1.5572165562913938,0.0,1.016146549439391,110.0,0.0,8302.551528,0.0,rest_14h
C0034,FO,MAN,A320,MAN-A320-FO,1.0,84.86,25,9,75.0,77.77635761589403,-2.776357615894028,0.0,0.9643033217162812,110.0,0.0,6364.5,0.0,rest_14h
C0035,FO,MAN,A320,MAN-A320-FO,1.0,82.49,29,11,90.2501,90.22057483443707,0.0295251655629158,0.0,1.0003272553474316,110.0,0.0,7444.730748999999,0.0,rest_14h
C0036,FO,MAN,A320,MAN-A320-FO,1.0,76.26,31,12,97.1667,96.4426834437086,0.7240165562913887,0.0,1.0075072211850469,110.0,0.0,7409.932542,0.0,rest_14h
C0037,CPT,MAN,B737,MAN-B737-CPT,1.0,168.5,29,13,93.1665,94.1389083993661,-0.9724083993661026,0.0,0.9896704942101,110.0,0.0,15698.55525,0.0,rest_14h
C0038,CPT,MAN,B737,MAN-B737-CPT,1.0,135.14,31,13,106.7499,100.6312469096672,6.118653090332799,2.118653090332799,1.0608027156398576,110.0,0.0,14426.181485999998,0.0,rest_14h
C0039,CPT,MAN,B737,MAN-B737-CPT,1.0,184.92,31,12,94.25,100.6312469096672,-6.3812469096671975,2.381246909667197,0.9365878183404068,110.0,0.0,17428.71,0.0,rest_14h
C0040,CPT,MAN,B737,MAN-B737-CPT,1.0,142.65,31,12,104.9166,100.6312469096672,4.285353090332805,0.285353090332805,1.0425847161983357,110.0,0.0,14966.35299,0.0,rest_14h
C0041,CPT,MAN,B737,MAN-B737-CPT,0.75,171.44,30,10,74.4166,73.03880824088749,1.3777917591125115,0.0,1.018863831328798,82.5,0.0,12757.981904,0.0,rest_14h
C0042,CPT,MAN,B737,MAN-B737-CPT,0.75,171.95,31,10,72.5833,75.4734351822504,-2.890135182250404,0.0,0.9617065902026136,82.5,0.0,12480.698434999998,0.0,rest_14h
C0043,CPT,MAN,B737,MAN-B737-CPT,0.5,161.43,21,4,35.75,34.08477717908083,1.665222820919169,0.0,1.0488553236587148,55.0,0.0,5771.1225,0.0,rest_14h
C0044,CPT,MAN,B737,MAN-B737-CPT,1.0,178.77,31,12,93.4166,100.6312469096672,-7.214646909667195,3.214646909667195,0.9283060964538828,110.0,0.0,16700.085582,0.0,rest_14h
C0045,CPT,MAN,B737,MAN-B737-CPT,1.0,171.75,30,12,98.5,97.38507765451664,1.1149223454833503,0.0,1.011448595332425,110.0,0.0,16917.375,0.0,rest_14h
C0046,CPT,MAN,B737,MAN-B737-CPT,1.0,130.75,23,9,82.0832,74.66189286846276,7.421307131537247,3.4213071315372474,1.0993988612719998,110.0,0.0,10732.3784,0.0,rest_14h
C0047,CPT,MAN,B737,MAN-B737-CPT,0.75,165.92,31,9,74.5834,75.4734351822504,-0.8900351822504007,0.0,0.988207305257788,82.5,0.0,12374.877728,0.0,rest_14h
C0048,CPT,MAN,B737,MAN-B737-CPT,1.0,180.04,30,12,93.7503,97.38507765451664,-3.634777654516654,0.0,0.9626762360100856,110.0,0.0,16878.804011999997,0.0,rest_14h
C0049,FO,MAN,B737,MAN-B737-FO,1.0,75.34,29,14,102.0832,98.67383920265782,3.409360797342188,0.0,1.034551820673968,110.0,0.0,7690.948288,0.0,rest_14h
C0050,FO,MAN,B737,MAN-B737-FO,0.5,85.52,29,7,49.7499,49.33691960132891,0.4129803986710954,0.0,1.0083706157986396,55.0,0.0,4254.611448000001,0.0,rest_14h
C0051,FO,MAN,B737,MAN-B737-FO,1.0,61.23,25,10,83.4166,85.06365448504985,-1.64705448504985,0.0,0.9806373886118503,110.0,0.0,5107.598418,0.0,rest_14h
C0052,FO,MAN,B737,MAN-B737-FO,1.0,90.14,24,11,80.7501,81.66110830564784,-0.9110083056478402,0.0,0.9888440369650868,110.0,0.0,7278.814014,0.0,rest_14h
C0053,FO,MAN,B737,MAN-B737-FO,0.75,90.37,19,6,47.1666,48.48628305647841,-1.3196830564784108,0.0,0.9727823422772746,82.5,0.0,4262.445642000001,0.0,rest_14h
C0054,FO,MAN,B737,MAN-B737-FO,1.0,91.09,29,12,95.0834,98.67383920265782,-3.59043920265782,0.0,0.9636130586215084,110.0,0.0,8661.146906,0.0,rest_14h
C0055,FO,MAN,B737,MAN-B737-FO,0.75,85.3,31,11,81.4167,79.10919867109635,2.307501328903655,0.0,1.0291685590002917,82.5,0.0,6944.84451,0.0,rest_14h
C0056,FO,MAN,B737,MAN-B737-FO,1.0,76.45,27,11,93.0,91.86874684385384,1.1312531561461725,0.0,1.012313797618998,110.0,0.0,7109.85,0.0,rest_14h
C0057,FO,MAN,B737,MAN-B737-FO,1.0,82.86,31,13,102.4999,105.4789315614618,-2.9790315614617957,0.0,0.9717570938825264,110.0,0.0,8493.141714,0.0,rest_14h
C0058,FO,MAN,B737,MAN-B737-FO,1.0,57.05,31,13,108.75,105.4789315614618,3.271068438538208,0.0,1.031011581081784,110.0,0.0,6204.1875,0.0,rest_14h
C0059,FO,MAN,B737,MAN-B737-FO,1.0,54.44,31,11,106.0,105.4789315614618,0.5210684385382081,0.0,1.0049400238590265,110.0,0.0,5770.639999999999,0.0,rest_14h
C0060,FO,MAN,B737,MAN-B737-FO,1.0,66.7,22,9,74.25,74.85601594684385,-0.6060159468438542,0.0,0.9919042452476472,110.0,0.0,4952.475,0.0,rest_14h
C0061,CPT,BHX,A320,BHX-A320-CPT,0.75,153.75,31,12,80.25,73.4092414187643,6.840758581235704,2.840758581235704,1.09318661314333,82.5,0.0,12338.4375,0.0,rest_14h
C0062,CPT,BHX,A320,BHX-A320-CPT,1.0,174.77,31,12,91.8334,97.8789885583524,-6.045588558352392,2.0455885583523923,0.9382340515835204,110.0,0.0,16049.723318,0.0,rest_14h
C0063,CPT,BHX,A320,BHX-A320-CPT,1.0,138.87,31,11,97.3334,97.8789885583524,-0.5455885583523923,0.0,0.9944258868385514,110.0,0.0,13516.689258,0.0,rest_14h
C0064,CPT,BHX,A320,BHX-A320-CPT,1.0,190.87,31,13,94.0001,97.8789885583524,-3.8788885583523856,0.0,0.9603705696648068,110.0,0.0,17941.799087,0.0,rest_14h
C0065,CPT,BHX,A320,BHX-A320-CPT,1.0,181.16,31,12,91.1667,97.8789885583524,-6.712288558352384,2.712288558352384,0.9314225794808788,110.0,0.0,16515.759372,0.0,rest_14h
C0066,CPT,BHX,A320,BHX-A320-CPT,0.5,147.01,11,2,15.9167,17.365627002288328,-1.4489270022883272,0.0,0.9165635077790512,55.0,0.0,2339.914067,0.0,rest_14h
C0067,CPT,BHX,A320,BHX-A320-CPT,1.0,161.67,23,9,68.83330000000001,72.6198947368421,-3.7865947368420905,0.0,0.94785733647007,110.0,0.0,11128.279611,0.0,rest_14h
C0068,CPT,BHX,A320,BHX-A320-CPT,1.0,171.05,31,12,96.5833,97.8789885583524,-1.2956885583523956,0.0,0.986762342179497,110.0,0.0,16520.573465,0.0,rest_14h
C0069,CPT,BHX,A320,BHX-A320-CPT,1.0,141.67,31,12,104.2499,97.8789885583524,6.370911441647607,2.370911441647607,1.0650896738460829,110.0,0.0,14769.083333,0.0,rest_14h
C0070,CPT,BHX,A320,BHX-A320-CPT,1.0,168.68,31,11,94.9999,97.8789885583524,-2.879088558352393,0.0,0.9705852236444396,110.0,0.0,16024.583132,0.0,rest_14h
C0071,CPT,BHX,A320,BHX-A320-CPT,1.0,125.39,28,11,95.5001,88.40682837528604,7.093271624713964,3.093271624713964,1.08023443160525,110.0,0.0,11974.757539,0.0,rest_14h
C0072,CPT,BHX,A320,BHX-A320-CPT,1.0,154.19,31,12,104.1667,97.8789885583524,6.287711441647616,2.287711441647616,1.0642396446291338,110.0,0.0,16061.463473,0.0,rest_14h
C0073,FO,BHX,A320,BHX-A320-FO,1.0,82.5,29,13,92.9167,97.19893603238866,-4.282236032388653,0.2822360323886528,0.9559435914919714,110.0,0.0,7665.627750000001,0.0,rest_14h
C0074,FO,BHX,A320,BHX-A320-FO,0.75,77.97,22,8,55.083200000000005,55.30284291497976,-0.2196429149797509,0.0,0.9960283612305896,82.5,0.0,4294.837104,0.0,rest_14h
C0075,FO,BHX,A320,BHX-A320-FO,0.75,66.55,23,8,62.5001,57.81660850202429,4.683491497975709,0.6834914979757087,1.081005988059845,82.5,0.0,4159.381654999999,0.0,rest_14h
C0076,FO,BHX,A320,BHX-A320-FO,1.0,79.19,31,13,100.9166,103.90231093117409,-2.985710931174083,0.0,0.971264249039159,110.0,0.0,7991.585554,0.0,rest_14h
C0077,FO,BHX,A320,BHX-A320-FO,1.0,79.06,29,12,97.9167,97.19893603238866,0.717763967611333,0.0,1.0073844837907706,110.0,0.0,7741.294301999999,0.0,rest_14h
C0078,FO,BHX,A320,BHX-A320-FO,1.0,58.75,31,11,102.2501,103.90231093117409,-1.652210931174082,0.0,0.984098419790985,110.0,0.0,6007.193375,0.0,rest_14h
C0079,FO,BHX,A320,BHX-A320-FO,1.0,91.62,31,13,103.0834,103.90231093117409,-0.8189109311740879,0.0,0.9921184531524372,110.0,0.0,9444.501108,0.0,rest_14h
C0080,FO,BHX,A320,BHX-A320-FO,1.0,74.37,27,12,93.0834,90.49556113360325,2.587838866396765,0.0,1.0285963071998216,110.0,0.0,6922.6124580000005,0.0,rest_14h
C0081,FO,BHX,A320,BHX-A320-FO,1.0,79.13,31,13,104.5,103.90231093117409,0.5976890688259147,0.0,1.005752413622656,110.0,0.0,8269.085,0.0,rest_14h
C0082,FO,BHX,A320,BHX-A320-FO,1.0,69.41,4,2,14.4167,13.40674979757085,1.009950202429149,0.0,1.0753314724059473,110.0,0.0,1000.663147,0.0,rest_14h
C0083,FO,BHX,A320,BHX-A320-FO,1.0,75.54,31,12,103.3333,103.90231093117409,-0.5690109311740912,0.0,0.9945235969626218,110.0,0.0,7805.797482,0.0,rest_14h
C0084,FO,BHX,A320,BHX-A320-FO,1.0,66.42,31,12,104.8333,103.90231093117409,0.9309890688259088,0.0,1.0089602344787365,110.0,0.0,6963.027786,0.0,rest_14h
C0085,CPT,BHX,E190,BHX-E190-CPT,1.0,169.58,31,10,87.4166,88.47469482758622,-1.058094827586217,0.0,0.9880407066715724,110.0,0.0,14824.107028000002,0.0,rest_14h
C0086,CPT,BHX,E190,BHX-E190-CPT,1.0,189.89,19,6,51.3333,54.226425862068965,-2.8931258620689637,0.0,0.9466473068052104,110.0,0.0,9747.680337,0.0,rest_14h
C0087,CPT,BHX,E190,BHX-E190-CPT,1.0,137.79,25,8,69.5833,71.3505603448276,-1.767260344827605,0.0,0.975231303912868,110.0,0.0,9587.882907,0.0,rest_14h
C0088,CPT,BHX,E190,BHX-E190-CPT,1.0,165.31,31,10,85.33330000000001,88.47469482758622,-3.141394827586211,0.0,0.9644938608298343,110.0,0.0,14106.447823000002,0.0,rest_14h
C0089,CPT,BHX,E190,BHX-E190-CPT,1.0,192.27,31,10,87.0834,88.47469482758622,-1.391294827586222,0.0,0.9842746580782508,110.0,0.0,16743.525318,0.0,rest_14h
C0090,CPT,BHX,E190,BHX-E190-CPT,1.0,131.7,31,11,92.3333,88.47469482758622,3.858605172413789,0.0,1.0436125287567612,110.0,0.0,12160.29561,0.0,rest_14h
C0091,CPT,BHX,E190,BHX-E190-CPT,1.0,169.65,31,11,92.2498,88.47469482758622,3.775105172413774,0.0,1.0426687560750614,110.0,0.0,15650.17857,0.0,rest_14h
C0092,CPT,BHX,E190,BHX-E190-CPT,1.0,155.28,31,11,91.0001,88.47469482758622,2.525405172413784,0.0,1.0285438133167355,110.0,0.0,14130.495528,0.0,rest_14h
C0093,CPT,BHX,E190,BHX-E190-CPT,1.0,125.29,29,10,85.3334,82.76665,2.566749999999999,0.0,1.03101188703421,110.0,0.0,10691.421686,0.0,rest_14h
C0094,CPT,BHX,E190,BHX-E190-CPT,1.0,179.44,31,10,86.0,88.47469482758622,-2.4746948275862195,0.0,0.9720293488165316,110.0,0.0,15431.84,0.0,rest_14h
C0095,FO,BHX,E190,BHX-E190-FO,1.0,88.89,31,10,85.7501,86.68128885135135,-0.9311888513513508,0.0,0.9892573257309516,110.0,0.0,7622.326389000001,0.0,rest_14h
C0096,FO,BHX,E190,BHX-E190-FO,1.0,58.48,31,10,83.5833,86.68128885135135,-3.09798885135136,0.0,0.9642600047553048,110.0,0.0,4887.951383999999,0.0,rest_14h
C0097,FO,BHX,E190,BHX-E190-FO,1.0,92.0,31,10,87.4998,86.68128885135135,0.8185111486486392,0.0,1.0094427662474228,110.0,0.0,8049.981599999999,0.0,rest_14h
C0098,FO,BHX,E190,BHX-E190-FO,1.0,79.44,31,10,88.8333,86.68128885135135,2.15201114864864,0.0,1.0248267091683316,110.0,0.0,7056.917352,0.0,rest_14h
C0099,FO,BHX,E190,BHX-E190-FO,1.0,84.09,31,10,85.4166,86.68128885135135,-1.2646888513513517,0.0,0.9854098979363336,110.0,0.0,7182.681894,0.0,rest_14h
C0100,FO,BHX,E190,BHX-E190-FO,1.0,65.14,31,11,90.4167,86.68128885135135,3.735411148648652,0.0,1.0430936272193003,110.0,0.0,5889.743838,0.0,rest_14h
C0101,FO,BHX,E190,BHX-E190-FO,1.0,85.08,31,10,83.7499,86.68128885135135,-2.931388851351357,0.0,0.9661819881753448,110.0,0.0,7125.441492,0.0,rest_14h
C0102,FO,BHX,E190,BHX-E190-FO,1.0,60.77,24,8,69.9168,67.10809459459459,2.808705405405405,0.0,1.0418534518432243,110.0,0.0,4248.843936,0.0,rest_14h
C0103,FO,BHX,E190,BHX-E190-FO,1.0,91.64,24,8,66.9167,67.10809459459459,-0.191394594594584,0.0,0.9971479655956436,110.0,0.0,6132.2463880000005,0.0,rest_14h
C0104,FO,BHX,E190,BHX-E190-FO,1.0,84.78,31,10,85.5833,86.68128885135135,-1.09798885135136,0.0,0.9873330350078864,110.0,0.0,7255.752173999999,0.0,rest_14h
C0105,CPT,EDI,A320,EDI-A320-CPT,1.0,179.75,31,14,105.3334,108.5000135667396,-3.166613566739599,0.0,0.9708146251540164,110.0,0.0,18933.67865,0.0,rest_14h
C0106,CPT,EDI,A320,EDI-A320-CPT,1.0,157.68,22,10,74.9166,77.00000962800875,-2.083409628008752,0.0,0.9729427354869976,110.0,0.0,11812.849488000002,0.0,rest_14h
C0107,CPT,EDI,A320,EDI-A320-CPT,1.0,140.25,25,11,91.4999,87.50001094091903,3.999889059080971,0.0,1.0457130121021556,110.0,0.0,12832.860975,0.0,rest_14h
C0108,CPT,EDI,A320,EDI-A320-CPT,1.0,148.93,25,10,86.0834,87.50001094091903,-1.4166109409190284,0.0,0.9838101626995732,110.0,0.0,12820.400762,0.0,rest_14h
C0109,CPT,EDI,A320,EDI-A320-CPT,1.0,189.46,31,13,109.9999,108.5000135667396,1.4998864332604,0.0,1.013823836366046,110.0,0.0,20840.581054,0.0,rest_14h
C0110,CPT,EDI,A320,EDI-A320-CPT,0.5,157.74,31,7,52.1667,54.2500067833698,-2.0833067833698,0.0,0.961598036444699,55.0,0.0,8228.775258,0.0,rest_14h
C0111,CPT,EDI,A320,EDI-A320-CPT,1.0,159.52,29,13,100.25,101.50001269146608,-1.2500126914660823,0.0,0.9876846055648704,110.0,0.0,15991.88,0.0,rest_14h
C0112,CPT,EDI,A320,EDI-A320-CPT,1.0,132.71,31,11,109.8334,108.5000135667396,1.3333864332604008,0.0,1.0122892743459448,110.0,0.0,14575.990514,0.0,rest_14h
C0113,CPT,EDI,A320,EDI-A320-CPT,1.0,159.12,19,9,69.6668,66.50000831509847,3.1667916849015256,0.0,1.047620921638028,110.0,0.0,11085.381216,0.0,rest_14h
C0114,FO,EDI,A320,EDI-A320-FO,0.5,84.78,31,6,52.1666,55.77559752530933,-3.608997525309327,0.0,0.935294327888255,55.0,0.0,4422.684348000001,0.0,rest_14h
C0115,FO,EDI,A320,EDI-A320-FO,1.0,68.14,31,14,115.6667,111.55119505061866,4.1155049493813465,0.1155049493813464,1.0368934187349033,110.0,5.666700000000006,7881.528938,193.0644690000002,rest_14h
C0116,FO,EDI,A320,EDI-A320-FO,1.0,85.56,28,12,98.1667,100.7559181102362,-2.589218110236203,0.0,0.97430207417292,110.0,0.0,8399.142852,0.0,rest_14h
C0117,FO,EDI,A320,EDI-A320-FO,1.0,81.57,29,13,103.8336,104.35434375703036,-0.5207437570303597,0.0,0.9950098506848664,110.0,0.0,8469.706752,0.0,rest_14h
C0118,FO,EDI,A320,EDI-A320-FO,1.0,91.66,31,13,110.0835,111.55119505061866,-1.4676950506186586,0.0,0.986842856771255,110.0,0.0835000000000008,10090.25361,3.826805000000036,rest_14h
C0119,FO,EDI,A320,EDI-A320-FO,0.75,65.57,31,10,86.2499,83.66339628796399,2.5865037120360057,0.0,1.030915595431166,82.5,3.7498999999999967,5655.405942999999,122.94047149999987,rest_14h
C0120,FO,EDI,A320,EDI-A320-FO,1.0,71.54,25,12,93.3333,89.96064116985376,3.372658830146236,0.0,1.0374903823081736,110.0,0.0,6677.064282,0.0,rest_14h
C0121,FO,EDI,A320,EDI-A320-FO,0.5,71.07,31,7,53.3333,55.77559752530933,-2.4422975253093284,0.0,0.9562120777961888,55.0,0.0,3790.397631,0.0,rest_14h
C0122,FO,EDI,A320,EDI-A320-FO,1.0,86.16,24,11,86.9165,86.3622155230596,0.5542844769403956,0.0,1.0064181363757672,110.0,0.0,7488.72564,0.0,rest_14h
C0123,CPT,EDI,B737,EDI-B737-CPT,1.0,180.22,21,13,106.5,98.25005,8.249950000000013,4.2499500000000126,1.083968914010731,110.0,0.0,19193.43,0.0,rest_14h
C0124,CPT,EDI,B737,EDI-B737-CPT,1.0,189.13,0,0,0.0,0.0,0.0,0.0,,110.0,0.0,0.0,0.0,rest_14h
C0125,CPT,EDI,B737,EDI-B737-CPT,1.0,126.03,21,13,111.1667,98.25005,12.916650000000018,8.916650000000018,1.1314671086681385,110.0,1.1667000000000058,14010.339201,73.51960050000037,rest_14h
C0126,CPT,EDI,B737,EDI-B737-CPT,0.5,185.18,18,6,50.6667,42.10716428571428,8.559535714285715,4.559535714285715,1.2032797947685523,55.0,0.0,9382.459506,0.0,rest_14h
C0127,CPT,EDI,B737,EDI-B737-CPT,1.0,188.57,31,17,131.0001,145.0357880952381,-14.0356880952381,10.0356880952381,0.9032260362799454,110.0,21.000100000000003,24702.688857,1979.9944285,rest_14h
C0128,CPT,EDI,B737,EDI-B737-CPT,1.0,139.54,31,19,146.0834,145.0357880952381,1.047611904761908,0.0,1.0072231269159166,110.0,36.08340000000001,20384.477636,2517.5388180000004,rest_14h
C0129,CPT,EDI,B737,EDI-B737-CPT,1.0,154.72,25,14,112.5,116.96434523809523,-4.464345238095248,0.4643452380952482,0.9618315715869864,110.0,2.5,17406.0,193.4,rest_14h
C0130,CPT,EDI,B737,EDI-B737-CPT,1.0,183.67,30,16,128.08350000000002,140.3572142857143,-12.273714285714275,8.273714285714277,0.9125537340693466,110.0,18.08350000000001,23525.096445000003,1660.6982225000013,rest_14h
C0131,FO,EDI,B737,EDI-B737-FO,1.0,91.26,30,13,96.4166,100.34047659574468,-3.923876595744673,0.0,0.9608943795278816,110.0,0.0,8798.978916,0.0,rest_14h
C0132,FO,EDI,B737,EDI-B737-FO,1.0,66.78,31,14,106.6667,103.68515914893617,2.9815408510638406,0.0,1.0287557146609678,110.0,0.0,7123.202226,0.0,rest_14h
C0133,FO,EDI,B737,EDI-B737-FO,1.0,87.44,31,13,102.5001,103.68515914893617,-1.185059148936162,0.0,0.9885706000871936,110.0,0.0,8962.608744,0.0,rest_14h
C0134,FO,EDI,B737,EDI-B737-FO,1.0,67.72,30,13,102.9167,100.34047659574468,2.5762234042553303,0.0,1.0256748172986512,110.0,0.0,6969.518924,0.0,rest_14h
C0135,FO,EDI,B737,EDI-B737-FO,1.0,74.96,30,12,102.5,100.34047659574468,2.1595234042553244,0.0,1.0215219568166465,110.0,0.0,7683.4,0.0,rest_14h
C0136,FO,EDI,B737,EDI-B737-FO,1.0,82.26,24,10,78.3334,80.27238127659575,-1.9389812765957544,0.0,0.975844976245135,110.0,0.0,6443.705484,0.0,rest_14h
C0137,FO,EDI,B737,EDI-B737-FO,1.0,72.46,28,12,95.9168,93.65111148936172,2.2656885106382845,0.0,1.0241928630061763,110.0,0.0,6950.131328,0.0,rest_14h
C0138,FO,EDI,B737,EDI-B737-FO,1.0,60.3,31,11,100.7501,103.68515914893617,-2.935059148936162,0.0,0.971692581917918,110.0,0.0,6075.23103,0.0,rest_14h
C0001,CPT,MAN,A320,MAN-A320-CPT,1.0,183.17,21,10,83.0,79.01847911275416,3.981520887245836,0.0,1.050387212357814,110.0,0.0,15203.11,0.0,rest_16h
C0002,CPT,MAN,A320,MAN-A320-CPT,1.0,130.86,29,14,107.3333,109.12075686999384,-1.7874568699938465,0.0,0.9836194604833668,110.0,0.0,14045.635638000002,0.0,rest_16h
C0003,CPT,MAN,A320,MAN-A320-CPT,1.0,132.32,31,15,113.0,116.64632630930376,-3.64632630930376,0.0,0.9687403244947892,110.0,3.0,14952.16,198.48,rest_16h
C0004,CPT,MAN,A320,MAN-A320-CPT,1.0,176.86,24,13,101.1667,90.30683327171904,10.859866728280949,6.859866728280949,1.1202552047817391,110.0,0.0,17892.342562,0.0,rest_16h
C0005,CPT,MAN,A320,MAN-A320-CPT,1.0,159.21,31,13,108.5,116.64632630930376,-8.14632630930376,4.14632630930376,0.93016216997951,110.0,0.0,17274.285,0.0,rest_16h
C0007,CPT,MAN,A320,MAN-A320-CPT,1.0,180.77,31,13,105.9167,116.64632630930376,-10.729626309303754,6.729626309303754,0.908015737410772,110.0,0.0,19146.561859,0.0,rest_16h
C0008,CPT,MAN,A320,MAN-A320-CPT,1.0,139.53,20,11,83.41669999999999,75.2556943930992,8.161005606900787,4.161005606900787,1.1084436954932826,110.0,0.0,11639.132151,0.0,rest_16h
C0010,CPT,MAN,A320,MAN-A320-CPT,1.0,131.11,29,14,114.0833,109.12075686999384,4.962543130006168,0.9625431300061678,1.045477535826832,110.0,4.083300000000008,14957.461463000003,267.6807315000006,rest_16h
C0011,CPT,MAN,A320,MAN-A320-CPT,1.0,129.68,31,14,118.4999,116.64632630930376,1.853573690696237,0.0,1.0158905449433635,110.0,8.499899999999997,15367.067032,551.1335159999998,rest_16h
C0012,CPT,MAN,A320,MAN-A320-CPT,1.0,172.54,31,14,109.4167,116.64632630930376,-7.229626309303754,3.229626309303754,0.9380209687004336,110.0,0.0,18878.757418,0.0,rest_16h
C0013,CPT,MAN,A320,MAN-A320-CPT,1.0,185.4,29,14,109.0832,109.12075686999384,-0.0375568699938355,0.0,0.9996558228601862,110.0,0.0,20224.02528,0.0,rest_16h
C0014,CPT,MAN,A320,MAN-A320-CPT,1.0,154.27,31,13,112.0001,116.64632630930376,-4.646226309303756,0.6462263093037564,0.9601682585614942,110.0,2.0001000000000038,17278.255427,154.27771350000026,rest_16h
C0015,CPT,MAN,A320,MAN-A320-CPT,1.0,158.07,31,14,112.0001,116.64632630930376,-4.646226309303756,0.6462263093037564,0.9601682585614942,110.0,2.0001000000000038,17703.855807,158.07790350000025,rest_16h
C0016,CPT,MAN,A320,MAN-A320-CPT,0.75,173.03,30,10,83.7499,84.66265619223661,-0.912756192236614,0.0,0.9892189043754536,82.5,1.249899999999997,14491.245197,108.13509849999971,rest_16h
C0017,CPT,MAN,A320,MAN-A320-CPT,1.0,175.12,0,0,0.0,0.0,0.0,0.0,,110.0,0.0,0.0,0.0,rest_16h
C0018,CPT,MAN,A320,MAN-A320-CPT,0.75,148.09,19,8,65.58330000000001,53.619682255083184,11.963617744916824,7.963617744916824,1.2231198925797937,82.5,0.0,9712.230897,0.0,rest_16h
C0019,FO,MAN,A320,MAN-A320-FO,1.0,83.05,29,11,86.25,90.22057483443707,-3.970574834437088,0.0,0.9559903620463132,110.0,0.0,7163.0625,0.0,rest_16h
C0020,FO,MAN,A320,MAN-A320-FO,1.0,81.61,31,13,98.25,96.4426834437086,1.807316556291397,0.0,1.0187397995551035,110.0,0.0,8018.1825,0.0,rest_16h
C0021,FO,MAN,A320,MAN-A320-FO,1.0,87.24,31,13,97.6667,96.4426834437086,1.2240165562913887,0.0,1.0126916476458871,110.0,0.0,8520.442907999999,0.0,rest_16h
C0022,FO,MAN,A320,MAN-A320-FO,0.75,58.81,30,9,71.1668,69.99872185430463,1.168078145695361,0.0,1.0166871353469369,82.5,0.0,4185.319508,0.0,rest_16h
C0023,FO,MAN,A320,MAN-A320-FO,1.0,80.61,23,9,73.4999,71.55424900662251,1.945650993377484,0.0,1.0271912712436884,110.0,0.0,5924.826939,0.0,rest_16h
C0024,FO,MAN,A320,MAN-A320-FO,1.0,59.32,31,12,96.6666,96.4426834437086,0.2239165562913996,0.0,1.0023217578389148,110.0,0.0,5734.262712,0.0,rest_16h
C0025,FO,MAN,A320,MAN-A320-FO,1.0,78.68,29,11,92.7499,90.22057483443707,2.529325165562909,0.0,1.028034904124746,110.0,0.0,7297.562132,0.0,rest_16h
C0026,FO,MAN,A320,MAN-A320-FO,1.0,85.93,22,9,65.0001,68.44319470198676,-3.443094701986752,0.0,0.9496941263922796,110.0,0.0,5585.458593,0.0,rest_16h
C0027,FO,MAN,A320,MAN-A320-FO,1.0,60.31,29,11,91.5,90.22057483443707,1.2794251655629123,0.0,1.0141810797360886,110.0,0.0,5518.365,0.0,rest_16h
C0028,FO,MAN,A320,MAN-A320-FO,1.0,76.92,31,11,98.9999,96.4426834437086,2.5572165562913938,0.0,1.0265154023610716,110.0,0.0,7615.072308,0.0,rest_16h
C0029,FO,MAN,A320,MAN-A320-FO,1.0,90.06,31,12,94.4167,96.4426834437086,-2.025983443708597,0.0,0.978992875650426,110.0,0.0,8503.168002,0.0,rest_16h
C0030,FO,MAN,A320,MAN-A320-FO,0.75,66.56,11,4,30.0,25.666198013245037,4.333801986754967,0.3338019867549668,1.1688525111712498,82.5,0.0,1996.8,0.0,rest_16h
C0031,FO,MAN,A320,MAN-A320-FO,1.0,88.63,31,11,93.5834,96.4426834437086,-2.859283443708605,0.0,0.9703525105107896,110.0,0.0,8294.296741999999,0.0,rest_16h
C0032,FO,MAN,A320,MAN-A320-FO,1.0,87.15,26,10,81.41669999999999,80.8874119205298,0.5292880794701915,0.0,1.0065435160663838,110.0,0.0,7095.465405,0.0,rest_16h
C0033,FO,MAN,A320,MAN-A320-FO,1.0,84.72,31,12,93.9166,96.4426834437086,-2.5260834437086004,0.0,0.9738074123042936,110.0,0.0,7956.614352,0.0,rest_16h
C0034,FO,MAN,A320,MAN-A320-FO,1.0,84.86,25,9,79.5833,77.77635761589403,1.806942384105966,0.0,1.0232325405752445,110.0,0.0,6753.438837999999,0.0,rest_16h
C0035,FO,MAN,A320,MAN-A320-FO,1.0,82.49,29,11,88.1666,90.22057483443707,-2.053974834437085,0.0,0.9772338533842606,110.0,0.0,7272.862834,0.0,rest_16h
C0036,FO,MAN,A320,MAN-A320-FO,1.0,76.26,31,12,93.9167,96.4426834437086,-2.5259834437086117,0.0,0.9738084491895856,110.0,0.0,7162.087542,0.0,rest_16h
C0037,CPT,MAN,B737,MAN-B737-CPT,1.0,168.5,29,13,94.9166,94.1389083993661,0.7776916006339007,0.0,1.0082611070582497,110.0,0.0,15993.4471,0.0,rest_16h
C0038,CPT,MAN,B737,MAN-B737-CPT,1.0,135.14,31,12,105.8333,100.6312469096672,5.202053090332811,1.2020530903328108,1.0516942127826607,110.0,0.0,14302.312162,0.0,rest_16h
C0039,CPT,MAN,B737,MAN-B737-CPT,1.0,184.92,31,12,96.5833,100.6312469096672,-4.047946909667203,0.0479469096672033,0.959774453422992,110.0,0.0,17860.183835999997,0.0,rest_16h
C0040,CPT,MAN,B737,MAN-B737-CPT,1.0,142.65,31,12,100.4998,100.6312469096672,-0.1314469096672041,0.0,0.9986937763994398,110.0,0.0,14336.29647,0.0,rest_16h
C0041,CPT,MAN,B737,MAN-B737-CPT,0.75,171.44,30,10,76.7499,73.03880824088749,3.711091759112506,0.0,1.0508098618870263,82.5,0.0,13158.002856,0.0,rest_16h
C0042,CPT,MAN,B737,MAN-B737-CPT,0.75,171.95,31,10,74.3333,75.4734351822504,-1.140135182250404,0.0,0.9848935565275748,82.5,0.0,12781.610935,0.0,rest_16h
C0043,CPT,MAN,B737,MAN-B737-CPT,0.5,161.43,21,4,31.8334,34.08477717908083,-2.251377179080833,0.0,0.9339477219624428,55.0,0.0,5138.865761999999,0.0,rest_16h
C0044,CPT,MAN,B737,MAN-B737-CPT,1.0,178.77,31,12,100.7502,100.6312469096672,0.1189530903328091,0.0,1.0011820691284845,110.0,0.0,18011.113254000004,0.0,rest_16h
C0045,CPT,MAN,B737,MAN-B737-CPT,1.0,171.75,30,12,92.3333,97.38507765451664,-5.051777654516656,1.0517776545166555,0.9481257521564204,110.0,0.0,15858.244275,0.0,rest_16h
C0046,CPT,MAN,B737,MAN-B737-CPT,1.0,130.75,23,9,79.4999,74.66189286846276,4.838007131537239,0.838007131537239,1.0647988812721465,110.0,0.0,10394.611925,0.0,rest_16h
C0047,CPT,MAN,B737,MAN-B737-CPT,0.75,165.92,31,10,73.6668,75.4734351822504,-1.8066351822504032,0.0,0.9760626347815252,82.5,0.0,12222.795455999998,0.0,rest_16h
C0048,CPT,MAN,B737,MAN-B737-CPT,1.0,180.04,30,12,97.1666,97.38507765451664,-0.2184776545166471,0.0,0.9977565592205848,110.0,0.0,17493.874664,0.0,rest_16h
C0049,FO,MAN,B737,MAN-B737-FO,1.0,75.34,29,13,101.6666,98.67383920265782,2.9927607973421857,0.0,1.0303298302926636,110.0,0.0,7659.561644,0.0,rest_16h
C0050,FO,MAN,B737,MAN-B737-FO,0.5,85.52,29,6,45.4167,49.33691960132891,-3.9202196013289097,0.0,0.9205418653412784,55.0,0.0,3884.036184,0.0,rest_16h
C0051,FO,MAN,B737,MAN-B737-FO,1.0,61.23,25,12,89.7499,85.06365448504985,4.686245514950144,0.6862455149501443,1.0550910437991323,110.0,0.0,5495.386377,0.0,rest_16h
C0052,FO,MAN,B737,MAN-B737-FO,1.0,90.14,24,10,78.0,81.66110830564784,-3.661108305647844,0.0,0.9551670509792158,110.0,0.0,7030.92,0.0,rest_16h
C0053,FO,MAN,B737,MAN-B737-FO,0.75,90.37,19,6,48.3334,48.48628305647841,-0.1528830564784158,0.0,0.9968468802547654,82.5,0.0,4367.889358,0.0,rest_16h
C0054,FO,MAN,B737,MAN-B737-FO,1.0,91.09,29,12,94.2501,98.67383920265782,-4.4237392026578135,0.4237392026578135,0.9551680644190575,110.0,0.0,8585.241609,0.0,rest_16h
C0055,FO,MAN,B737,MAN-B737-FO,0.75,85.3,31,10,76.5833,79.10919867109635,-2.525898671096357,0.0,0.968070733700666,82.5,0.0,6532.55549,0.0,rest_16h
C0056,FO,MAN,B737,MAN-B737-FO,1.0,76.45,27,12,94.8331,91.86874684385384,2.9643531561461742,0.0,1.0322672645266904,110.0,0.0,7249.990495,0.0,rest_16h
C0057,FO,MAN,B737,MAN-B737-FO,1.0,82.86,31,13,100.1668,105.4789315614618,-5.312131561461797,1.312131561461797,0.9496379847347386,110.0,0.0,8299.821048,0.0,rest_16h
C0058,FO,MAN,B737,MAN-B737-FO,1.0,57.05,31,14,110.9165,105.4789315614618,5.437568438538207,1.4375684385382073,1.0515512278901855,110.0,0.9164999999999992,6327.786325,26.143162499999978,rest_16h
C0059,FO,MAN,B737,MAN-B737-FO,1.0,54.44,31,11,109.25,105.4789315614618,3.771068438538208,0.0,1.0357518642131944,110.0,0.0,5947.57,0.0,rest_16h
C0060,FO,MAN,B737,MAN-B737-FO,1.0,66.7,22,9,75.0,74.85601594684385,0.1439840531561458,0.0,1.0019234800481285,110.0,0.0,5002.5,0.0,rest_16h
C0061,CPT,BHX,A320,BHX-A320-CPT,0.75,153.75,31,10,76.5001,73.4092414187643,3.0908585812357074,0.0,1.0421044887741566,82.5,0.0,11761.890375,0.0,rest_16h
C0062,CPT,BHX,A320,BHX-A320-CPT,1.0,174.77,31,13,96.6666,97.8789885583524,-1.2123885583523872,0.0,0.9876133930661778,110.0,0.0,16894.421682,0.0,rest_16h
C0063,CPT,BHX,A320,BHX-A320-CPT,1.0,138.87,31,13,101.9166,97.8789885583524,4.037611441647613,0.0376114416476127,1.0412510539914346,110.0,0.0,14153.158242,0.0,rest_16h
C0064,CPT,BHX,A320,BHX-A320-CPT,1.0,190.87,31,12,92.8333,97.8789885583524,-5.045688558352396,1.0456885583523956,0.948449727232885,110.0,0.0,17719.091970999998,0.0,rest_16h
C0065,CPT,BHX,A320,BHX-A320-CPT,1.0,181.16,31,12,92.6667,97.8789885583524,-5.212288558352398,1.212288558352398,0.9467476254595236,110.0,0.0,16787.499372,0.0,rest_16h
C0066,CPT,BHX,A320,BHX-A320-CPT,0.5,147.01,11,2,19.4167,17.365627002288328,2.051072997711671,0.0,1.1181110821648648,55.0,0.0,2854.449067,0.0,rest_16h
C0067,CPT,BHX,A320,BHX-A320-CPT,1.0,161.67,23,9,70.8333,72.6198947368421,-1.786594736842105,0.0,0.975397998808504,110.0,0.0,11451.619610999998,0.0,rest_16h
C0068,CPT,BHX,A320,BHX-A320-CPT,1.0,171.05,31,12,94.9999,97.8789885583524,-2.879088558352393,0.0,0.9705852236444396,110.0,0.0,16249.732895,0.0,rest_16h
C0069,CPT,BHX,A320,BHX-A320-CPT,1.0,141.67,31,12,102.5834,97.8789885583524,4.704411441647608,0.7044114416476077,1.0480635477638085,110.0,0.0,14532.990277999996,0.0,rest_16h
C0070,CPT,BHX,A320,BHX-A320-CPT,1.0,168.68,31,12,93.5835,97.8789885583524,-4.295488558352389,0.2954885583523889,0.9561142935616712,110.0,0.0,15785.66478,0.0,rest_16h
C0071,CPT,BHX,A320,BHX-A320-CPT,1.0,125.39,28,10,91.1667,88.40682837528604,2.7598716247139663,0.0,1.03121785585383,110.0,0.0,11431.392513,0.0,rest_16h
C0072,CPT,BHX,A320,BHX-A320-CPT,1.0,154.19,31,12,101.6667,97.8789885583524,3.787711441647602,0.0,1.0386979013313924,110.0,0.0,15675.988472999998,0.0,rest_16h
C0073,FO,BHX,A320,BHX-A320-FO,1.0,82.5,29,14,97.5834,97.19893603238866,0.3844639676113388,0.0,1.0039554339101329,110.0,0.0,8050.6305,0.0,rest_16h
C0074,FO,BHX,A320,BHX-A320-FO,0.75,77.97,22,7,51.0833,55.30284291497976,-4.219542914979755,0.2195429149797547,0.9237011572539462,82.5,0.0,3982.964901,0.0,rest_16h
C0075,FO,BHX,A320,BHX-A320-FO,0.75,66.55,23,8,61.4999,57.81660850202429,3.683291497975709,0.0,1.0637064607109694,82.5,0.0,4092.818345,0.0,rest_16h
C0076,FO,BHX,A320,BHX-A320-FO,1.0,79.19,31,14,107.0833,103.90231093117409,3.180989068825909,0.0,1.0306151907529086,110.0,0.0,8479.926527,0.0,rest_16h
C0077,FO,BHX,A320,BHX-A320-FO,1.0,79.06,29,12,95.25,97.19893603238866,-1.9489360323886584,0.0,0.9799489982921292,110.0,0.0,7530.465,0.0,rest_16h
C0078,FO,BHX,A320,BHX-A320-FO,1.0,58.75,31,12,110.3333,103.90231093117409,6.430989068825909,2.430989068825909,1.0618945720378237,110.0,0.3332999999999941,6482.081375,9.790687499999828,rest_16h
C0079,FO,BHX,A320,BHX-A320-FO,1.0,91.62,31,12,99.5001,103.90231093117409,-4.402210931174082,0.402210931174082,0.9576312510114414,110.0,0.0,9116.199162,0.0,rest_16h
C0080,FO,BHX,A320,BHX-A320-FO,1.0,74.37,27,11,87.8333,90.49556113360325,-2.662261133603238,0.0,0.9705813069696004,110.0,0.0,6532.162521,0.0,rest_16h
C0081,FO,BHX,A320,BHX-A320-FO,1.0,79.13,31,12,102.0835,103.90231093117409,-1.8188109311740843,0.0,0.9824949905841952,110.0,0.0,8077.867354999999,0.0,rest_16h
C0082,FO,BHX,A320,BHX-A320-FO,1.0,69.41,4,2,16.5,13.40674979757085,3.09325020242915,0.0,1.2307233482487765,110.0,0.0,1145.265,0.0,rest_16h
C0083,FO,BHX,A320,BHX-A320-FO,1.0,75.54,31,12,100.2499,103.90231093117409,-3.6524109311740887,0.0,0.9648476448844966,110.0,0.0,7572.877446,0.0,rest_16h
C0084,FO,BHX,A320,BHX-A320-FO,1.0,66.42,31,13,105.8335,103.90231093117409,1.9311890688259157,0.0,1.018586584374482,110.0,0.0,7029.46107,0.0,rest_16h
C0085,CPT,BHX,E190,BHX-E190-CPT,1.0,169.58,31,10,87.0833,88.47469482758622,-1.3913948275862251,0.0,0.984273527811566,110.0,0.0,14767.586014,0.0,rest_16h
C0086,CPT,BHX,E190,BHX-E190-CPT,1.0,189.89,19,6,51.75,54.226425862068965,-2.4764258620689645,0.0,0.9543317520434036,110.0,0.0,9826.8075,0.0,rest_16h
C0087,CPT,BHX,E190,BHX-E190-CPT,1.0,137.79,25,9,77.25,71.3505603448276,5.899439655172401,1.8994396551724009,1.0826824572457625,110.0,0.0,10644.2775,0.0,rest_16h
C0088,CPT,BHX,E190,BHX-E190-CPT,1.0,165.31,31,10,85.8333,88.47469482758622,-2.6413948275862253,0.0,0.970145194253186,110.0,0.0,14189.102823,0.0,rest_16h
C0089,CPT,BHX,E190,BHX-E190-CPT,1.0,192.27,31,10,82.33330000000001,88.47469482758622,-6.141394827586211,2.141394827586211,0.9305858602897228,110.0,0.0,15830.223591000002,0.0,rest_16h
C0090,CPT,BHX,E190,BHX-E190-CPT,1.0,131.7,31,11,94.0834,88.47469482758622,5.608705172413778,1.608705172413778,1.0633933260051776,110.0,0.0,12390.783779999998,0.0,rest_16h
C0091,CPT,BHX,E190,BHX-E190-CPT,1.0,169.65,31,10,86.1666,88.47469482758622,-2.308094827586217,0.0,0.9739123731131926,110.0,0.0,14618.16369,0.0,rest_16h
C0092,CPT,BHX,E190,BHX-E190-CPT,1.0,155.28,31,11,91.5,88.47469482758622,3.0253051724137805,0.0,1.034194016473403,110.0,0.0,14208.12,0.0,rest_16h
C0093,CPT,BHX,E190,BHX-E190-CPT,1.0,125.29,29,10,85.6666,82.76665,2.899950000000004,0.0,1.0350376631167264,110.0,0.0,10733.168314,0.0,rest_16h
C0094,CPT,BHX,E190,BHX-E190-CPT,1.0,179.44,31,10,86.0,88.47469482758622,-2.4746948275862195,0.0,0.9720293488165316,110.0,0.0,15431.84,0.0,rest_16h
C0095,FO,BHX,E190,BHX-E190-FO,1.0,88.89,31,10,85.3334,86.68128885135135,-1.3478888513513567,0.0,0.9844500598778264,110.0,0.0,7585.285926,0.0,rest_16h
C0096,FO,BHX,E190,BHX-E190-FO,1.0,58.48,31,11,90.5833,86.68128885135135,3.902011148648654,0.0,1.045015610639341,110.0,0.0,5297.3113840000005,0.0,rest_16h
C0097,FO,BHX,E190,BHX-E190-FO,1.0,92.0,31,10,83.25,86.68128885135135,-3.431288851351354,0.0,0.960414884263712,110.0,0.0,7659.0,0.0,rest_16h
C0098,FO,BHX,E190,BHX-E190-FO,1.0,79.44,31,10,88.8332,86.68128885135135,2.151911148648651,0.0,1.024825555516819,110.0,0.0,7056.909408,0.0,rest_16h
C0099,FO,BHX,E190,BHX-E190-FO,1.0,84.09,31,10,85.5,86.68128885135135,-1.1812888513513542,0.0,0.9863720432978664,110.0,0.0,7189.695000000001,0.0,rest_16h
C0100,FO,BHX,E190,BHX-E190-FO,1.0,65.14,31,10,85.4166,86.68128885135135,-1.2646888513513517,0.0,0.9854098979363336,110.0,0.0,5564.037324,0.0,rest_16h
C0101,FO,BHX,E190,BHX-E190-FO,1.0,85.08,31,10,86.0832,86.68128885135135,-0.5980888513513491,0.0,0.9931001389195192,110.0,0.0,7323.958656000001,0.0,rest_16h
C0102,FO,BHX,E190,BHX-E190-FO,1.0,60.77,24,8,71.1668,67.10809459459459,4.058705405405405,0.058705405405405,1.0604801168908813,110.0,0.0,4324.806436,0.0,rest_16h
C0103,FO,BHX,E190,BHX-E190-FO,1.0,91.64,24,8,66.6667,67.10809459459459,-0.4413945945945841,0.0,0.9934226325861122,110.0,0.0,6109.336388000001,0.0,rest_16h
C0104,FO,BHX,E190,BHX-E190-FO,1.0,84.78,31,10,84.83330000000001,86.68128885135135,-1.8479888513513456,0.0,0.9786806486631684,110.0,0.0,7192.167174000001,0.0,rest_16h
C0105,CPT,EDI,A320,EDI-A320-CPT,1.0,179.75,31,14,104.6668,108.5000135667396,-3.8332135667396017,0.0,0.9646708471203854,110.0,0.0,18813.8573,0.0,rest_16h
C0106,CPT,EDI,A320,EDI-A320-CPT,1.0,157.68,22,10,75.3332,77.00000962800875,-1.6668096280087497,0.0,0.9783531244208774,110.0,0.0,11878.538976000002,0.0,rest_16h
C0107,CPT,EDI,A320,EDI-A320-CPT,1.0,140.25,25,11,89.3334,87.50001094091903,1.833389059080972,0.0,1.0209530151981223,110.0,0.0,12529.00935,0.0,rest_16h
C0108,CPT,EDI,A320,EDI-A320-CPT,1.0,148.93,25,11,90.9166,87.50001094091903,3.4165890590809767,0.0,1.039046727221416,110.0,0.0,13540.209238,0.0,rest_16h
C0109,CPT,EDI,A320,EDI-A320-CPT,1.0,189.46,31,13,107.5834,108.5000135667396,-0.9166135667395992,0.0,0.9915519497499806,110.0,0.0,20382.750964,0.0,rest_16h
C0110,CPT,EDI,A320,EDI-A320-CPT,0.5,157.74,31,7,54.5833,54.2500067833698,0.3332932166302029,0.0,1.006143652994572,55.0,0.0,8609.969742000001,0.0,rest_16h
C0111,CPT,EDI,A320,EDI-A320-CPT,1.0,159.52,29,12,100.5832,101.50001269146608,-0.9168126914660776,0.0,0.9909673637750868,110.0,0.0,16045.032064000005,0.0,rest_16h
C0112,CPT,EDI,A320,EDI-A320-CPT,1.0,132.71,31,12,110.8334,108.5000135667396,2.333386433260401,0.0,1.0215058630552625,110.0,0.8333999999999975,14708.700514,55.30025699999984,rest_16h
C0113,CPT,EDI,A320,EDI-A320-CPT,1.0,159.12,19,8,65.9168,66.50000831509847,-0.5832083150984744,0.0,0.991229951245494,110.0,0.0,10488.681216,0.0,rest_16h
C0114,FO,EDI,A320,EDI-A320-FO,0.5,84.78,31,7,53.5001,55.77559752530933,-2.2754975253093264,0.0,0.9592026329385934,55.0,0.0,4535.738478,0.0,rest_16h
C0115,FO,EDI,A320,EDI-A320-FO,1.0,68.14,31,13,111.2499,111.55119505061866,-0.3012950506186627,0.0,0.9972990423770725,110.0,1.249899999999997,7580.568185999999,42.58409299999989,rest_16h
C0116,FO,EDI,A320,EDI-A320-FO,1.0,85.56,28,12,98.3334,100.7559181102362,-2.4225181102362114,0.0,0.9759565675577908,110.0,0.0,8413.405704,0.0,rest_16h
C0117,FO,EDI,A320,EDI-A320-FO,1.0,81.57,29,12,101.1667,104.35434375703036,-3.187643757030358,0.0,0.9694536552838452,110.0,0.0,8252.167719,0.0,rest_16h
C0118,FO,EDI,A320,EDI-A320-FO,1.0,91.66,31,14,110.6666,111.55119505061866,-0.8845950506186568,0.0,0.9920700531247804,110.0,0.6666000000000025,10143.700556,30.55027800000012,rest_16h
C0119,FO,EDI,A320,EDI-A320-FO,0.75,65.57,31,11,85.8333,83.66339628796399,2.169903712036003,0.0,1.0259361179238689,82.5,3.333299999999994,5628.089480999999,109.2822404999998,rest_16h
C0120,FO,EDI,A320,EDI-A320-FO,1.0,71.54,25,11,93.8335,89.96064116985376,3.8728588301462414,0.0,1.0430505916785755,110.0,0.0,6712.8485900000005,0.0,rest_16h
C0121,FO,EDI,A320,EDI-A320-FO,0.5,71.07,31,7,55.3333,55.77559752530933,-0.4422975253093284,0.0,0.9920700531247804,55.0,0.3333000000000012,3932.537631,11.843815500000044,rest_16h
C0122,FO,EDI,A320,EDI-A320-FO,1.0,86.16,24,11,89.8333,86.3622155230596,3.4710844769403906,0.0,1.0401921657048454,110.0,0.0,7740.037127999999,0.0,rest_16h
C0123,CPT,EDI,B737,EDI-B737-CPT,1.0,180.22,21,14,109.4168,98.25005,11.166750000000008,7.166750000000008,1.1136564307091956,110.0,0.0,19719.095696,0.0,rest_16h
C0124,CPT,EDI,B737,EDI-B737-CPT,1.0,189.13,0,0,0.0,0.0,0.0,0.0,,110.0,0.0,0.0,0.0,rest_16h
C0125,CPT,EDI,B737,EDI-B737-CPT,1.0,126.03,21,15,119.3333,98.25005,21.083250000000007,17.083250000000007,1.2145876770546171,110.0,9.333299999999994,15039.575799,588.1378994999997,rest_16h
C0126,CPT,EDI,B737,EDI-B737-CPT,0.5,185.18,18,7,54.25,42.10716428571428,12.142835714285717,8.142835714285717,1.2883793273726918,55.0,0.0,10046.015,0.0,rest_16h
C0127,CPT,EDI,B737,EDI-B737-CPT,1.0,188.57,31,15,115.0,145.0357880952381,-30.035788095238104,26.035788095238104,0.7929077471864046,110.0,5.0,21685.55,471.425,rest_16h
C0128,CPT,EDI,B737,EDI-B737-CPT,1.0,139.54,31,17,145.4167,145.0357880952381,0.3809119047618878,0.0,1.002626330437228,110.0,35.41669999999999,20291.446318,2471.0231589999994,rest_16h
C0129,CPT,EDI,B737,EDI-B737-CPT,1.0,154.72,25,14,115.4168,116.96434523809523,-1.5475452380952532,0.0,0.9867690856136968,110.0,5.416799999999995,17857.287296,419.0436479999996,rest_16h
C0130,CPT,EDI,B737,EDI-B737-CPT,1.0,183.67,30,14,109.8334,140.3572142857143,-30.52381428571429,26.52381428571429,0.7825276424795712,110.0,0.0,20173.100578,0.0,rest_16h
C0131,FO,EDI,B737,EDI-B737-FO,1.0,91.26,30,13,97.4168,100.34047659574468,-2.9236765957446806,0.0,0.9708624406128376,110.0,0.0,8890.257168,0.0,rest_16h
C0132,FO,EDI,B737,EDI-B737-FO,1.0,66.78,31,13,106.4167,103.68515914893617,2.7315408510638264,0.0,1.026344569208214,110.0,0.0,7106.507226,0.0,rest_16h
C0133,FO,EDI,B737,EDI-B737-FO,1.0,87.44,31,13,103.1667,103.68515914893617,-0.5184591489361594,0.0,0.994999678322416,110.0,0.0,9020.896248,0.0,rest_16h
C0134,FO,EDI,B737,EDI-B737-FO,1.0,67.72,30,13,102.3334,100.34047659574468,1.9929234042553217,0.0,1.019861609909274,110.0,0.0,6930.017848,0.0,rest_16h
C0135,FO,EDI,B737,EDI-B737-FO,1.0,74.96,30,12,98.4167,100.34047659574468,-1.923776595744684,0.0,0.9808275118774324,110.0,0.0,7377.315831999998,0.0,rest_16h
C0136,FO,EDI,B737,EDI-B737-FO,1.0,82.26,24,10,78.2499,80.27238127659575,-2.022481276595755,0.0,0.9748047679110594,110.0,0.0,6436.836774,0.0,rest_16h
C0137,FO,EDI,B737,EDI-B737-FO,1.0,72.46,28,12,94.9168,93.65111148936172,1.2656885106382845,0.0,1.0135149331439814,110.0,0.0,6877.671327999999,0.0,rest_16h
C0138,FO,EDI,B737,EDI-B737-FO,1.0,60.3,31,12,105.0834,103.68515914893617,1.3982408510638322,0.0,1.013485448279588,110.0,0.0,6336.52902,0.0,rest_16h
C0001,CPT,MAN,A320,MAN-A320-CPT,1.0,183.17,21,10,83.83330000000001,79.01847911275416,4.814820887245844,0.814820887245844,1.0609328468645345,110.0,0.0,15355.745561,0.0,max_50h_7d
C0002,CPT,MAN,A320,MAN-A320-CPT,1.0,130.86,29,15,114.3332,109.12075686999384,5.212443130006164,1.2124431300061644,1.0477676592384366,110.0,4.333200000000005,14961.642552000005,283.52127600000034,max_50h_7d
C0003,CPT,MAN,A320,MAN-A320-CPT,1.0,132.32,31,15,113.5001,116.64632630930376,-3.1462263093037564,0.0,0.9730276433999206,110.0,3.5001000000000038,15018.333232,231.5666160000002,max_50h_7d
C0004,CPT,MAN,A320,MAN-A320-CPT,1.0,176.86,24,13,99.0834,90.30683327171904,8.776566728280955,4.7765667282809545,1.0971860756303309,110.0,0.0,17523.890124,0.0,max_50h_7d
C0005,CPT,MAN,A320,MAN-A320-CPT,1.0,159.21,31,14,112.9168,116.64632630930376,-3.7295263093037647,0.0,0.968027057282418,110.0,2.916799999999995,17977.483728,232.1918639999996,max_50h_7d
C0007,CPT,MAN,A320,MAN-A320-CPT,1.0,180.77,31,13,108.0834,116.64632630930376,-8.562926309303762,4.562926309303762,0.9265906901637178,110.0,0.0,19538.236218,0.0,max_50h_7d
C0008,CPT,MAN,A320,MAN-A320-CPT,1.0,139.53,20,11,83.9999,75.2556943930992,8.744205606900792,4.744205606900792,1.116193275172312,110.0,0.0,11720.506047,0.0,max_50h_7d
C0010,CPT,MAN,A320,MAN-A320-CPT,1.0,131.11,29,14,107.8333,109.12075686999384,-1.2874568699938465,0.0,0.9882015401384384,110.0,0.0,14138.023963,0.0,max_50h_7d
C0011,CPT,MAN,A320,MAN-A320-CPT,1.0,129.68,31,14,118.0832,116.64632630930376,1.4368736906962454,0.0,1.0123182078352486,110.0,8.083200000000005,15313.029376000002,524.1146880000003,max_50h_7d
C0012,CPT,MAN,A320,MAN-A320-CPT,1.0,172.54,31,13,109.4167,116.64632630930376,-7.229626309303754,3.229626309303754,0.9380209687004336,110.0,0.0,18878.757418,0.0,max_50h_7d
C0013,CPT,MAN,A320,MAN-A320-CPT,1.0,185.4,29,14,111.4164,109.12075686999384,2.2956431300061557,0.0,1.0210376393626115,110.0,1.416399999999996,20656.60056,131.30027999999962,max_50h_7d
C0014,CPT,MAN,A320,MAN-A320-CPT,1.0,154.27,31,13,110.5002,116.64632630930376,-6.146126309303753,2.146126309303753,0.9473097310153904,110.0,0.5002000000000066,17046.865854000003,38.58292700000052,max_50h_7d
C0015,CPT,MAN,A320,MAN-A320-CPT,1.0,158.07,31,14,110.1667,116.64632630930376,-6.479626309303754,2.479626309303754,0.9444506611196468,110.0,0.1667000000000058,17414.050269,13.17513450000046,max_50h_7d
C0016,CPT,MAN,A320,MAN-A320-CPT,0.75,173.03,30,10,80.6666,84.66265619223661,-3.996056192236608,0.0,0.9528002501697668,82.5,0.0,13957.741798,0.0,max_50h_7d
C0017,CPT,MAN,A320,MAN-A320-CPT,1.0,175.12,0,0,0.0,0.0,0.0,0.0,,110.0,0.0,0.0,0.0,max_50h_7d
C0018,CPT,MAN,A320,MAN-A320-CPT,0.75,148.09,19,7,62.9167,53.619682255083184,9.297017744916817,5.297017744916815,1.1733881543849591,82.5,0.0,9317.334103,0.0,max_50h_7d
C0019,FO,MAN,A320,MAN-A320-FO,1.0,83.05,29,11,90.8334,90.22057483443707,0.61282516556291,0.0,1.0067925211814213,110.0,0.0,7543.71387,0.0,max_50h_7d
C0020,FO,MAN,A320,MAN-A320-FO,1.0,81.61,31,12,91.8334,96.4426834437086,-4.609283443708605,0.6092834437086054,0.9522070178978488,110.0,0.0,7494.523773999999,0.0,max_50h_7d
C0021,FO,MAN,A320,MAN-A320-FO,1.0,87.24,31,12,93.4167,96.4426834437086,-3.0259834437086117,0.0,0.9686240227287454,110.0,0.0,8149.672907999999,0.0,max_50h_7d
C0022,FO,MAN,A320,MAN-A320-FO,0.75,58.81,30,9,73.7501,69.99872185430463,3.7513781456953694,0.0,1.0535920949171542,82.5,0.0,4337.243381,0.0,max_50h_7d
C0023,FO,MAN,A320,MAN-A320-FO,1.0,80.61,23,9,68.75,71.55424900662251,-2.8042490066225128,0.0,0.9608094691013672,110.0,0.0,5541.9375,0.0,max_50h_7d
C0024,FO,MAN,A320,MAN-A320-FO,1.0,59.32,31,13,101.3332,96.4426834437086,4.890516556291402,0.8905165562914021,1.0507090468832287,110.0,0.0,6011.085424,0.0,max_50h_7d
C0025,FO,MAN,A320,MAN-A320-FO,1.0,78.68,29,11,90.8332,90.22057483443707,0.6126251655629176,0.0,1.006790304392176,110.0,0.0,7146.756176000001,0.0,max_50h_7d
C0026,FO,MAN,A320,MAN-A320-FO,1.0,85.93,22,8,64.5834,68.44319470198676,-3.8597947019867576,0.0,0.9436058658747162,110.0,0.0,5549.651562,0.0,max_50h_7d
C0027,FO,MAN,A320,MAN-A320-FO,1.0,60.31,29,12,93.5832,90.22057483443707,3.3626251655629176,0.0,1.0372711565153918,110.0,0.0,5644.002792,0.0,max_50h_7d
C0028,FO,MAN,A320,MAN-A320-FO,1.0,76.92,31,11,93.8334,96.4426834437086,-2.609283443708605,0.0,0.9729447237412095,110.0,0.0,7217.665128,0.0,max_50h_7d
C0029,FO,MAN,A320,MAN-A320-FO,1.0,90.06,31,12,95.3334,96.4426834437086,-1.1092834437086054,0.0,0.9884980031237304,110.0,0.0,8585.726004,0.0,max_50h_7d
C0030,FO,MAN,A320,MAN-A320-FO,0.75,66.56,11,4,29.0,25.666198013245037,3.333801986754967,0.0,1.1298907607988748,82.5,0.0,1930.24,0.0,max_50h_7d
C0031,FO,MAN,A320,MAN-A320-FO,1.0,88.63,31,12,96.6667,96.4426834437086,0.2240165562914029,0.0,1.0023227947242068,110.0,0.0,8567.569621,0.0,max_50h_7d
C0032,FO,MAN,A320,MAN-A320-FO,1.0,87.15,26,9,76.1666,80.8874119205298,-4.720811920529798,0.7208119205297976,0.941637248510709,110.0,0.0,6637.9191900000005,0.0,max_50h_7d
C0033,FO,MAN,A320,MAN-A320-FO,1.0,84.72,31,12,101.2499,96.4426834437086,4.807216556291394,0.8072165562913938,1.0498453214348529,110.0,0.0,8577.891528,0.0,max_50h_7d
C0034,FO,MAN,A320,MAN-A320-FO,1.0,84.86,25,9,78.4166,77.77635761589403,0.6402423841059743,0.0,1.0082318381026258,110.0,0.0,6654.432676,0.0,max_50h_7d
C0035,FO,MAN,A320,MAN-A320-FO,1.0,82.49,29,12,89.4167,90.22057483443707,-0.8038748344370816,0.0,0.9910898945621632,110.0,0.0,7375.983583,0.0,max_50h_7d
C0036,FO,MAN,A320,MAN-A320-FO,1.0,76.26,31,12,97.75,96.4426834437086,1.307316556291397,0.0,1.0135553730942632,110.0,0.0,7454.415000000001,0.0,max_50h_7d
C0037,CPT,MAN,B737,MAN-B737-CPT,1.0,168.5,29,12,90.6667,94.1389083993661,-3.472208399366096,0.0,0.9631161178900024,110.0,0.0,15277.33895,0.0,max_50h_7d
C0038,CPT,MAN,B737,MAN-B737-CPT,1.0,135.14,31,13,102.8332,100.6312469096672,2.2019530903328075,0.0,1.0218814052091536,110.0,0.0,13896.878648,0.0,max_50h_7d
C0039,CPT,MAN,B737,MAN-B737-CPT,1.0,184.92,31,12,99.8333,100.6312469096672,-0.7979469096672034,0.0,0.9920705850899026,110.0,0.0,18461.173836,0.0,max_50h_7d
C0040,CPT,MAN,B737,MAN-B737-CPT,1.0,142.65,31,12,104.9166,100.6312469096672,4.285353090332805,0.285353090332805,1.0425847161983357,110.0,0.0,14966.35299,0.0,max_50h_7d
C0041,CPT,MAN,B737,MAN-B737-CPT,0.75,171.44,30,9,74.8333,73.03880824088749,1.7944917591125034,0.0,1.024569017517292,82.5,0.0,12829.420952,0.0,max_50h_7d
C0042,CPT,MAN,B737,MAN-B737-CPT,0.75,171.95,31,10,75.3334,75.4734351822504,-0.1400351822504006,0.0,0.9981445765399144,82.5,0.0,12953.578129999998,0.0,max_50h_7d
C0043,CPT,MAN,B737,MAN-B737-CPT,0.5,161.43,21,4,34.9167,34.08477717908083,0.8319228209191678,0.0,1.0244074595690698,55.0,0.0,5636.602881,0.0,max_50h_7d
C0044,CPT,MAN,B737,MAN-B737-CPT,1.0,178.77,31,13,98.6666,100.6312469096672,-1.964646909667195,0.0,0.980476770685046,110.0,0.0,17638.628082000003,0.0,max_50h_7d
C0045,CPT,MAN,B737,MAN-B737-CPT,1.0,171.75,30,12,94.4167,97.38507765451664,-2.968377654516644,0.0,0.9695191735119084,110.0,0.0,16216.068225,0.0,max_50h_7d
C0046,CPT,MAN,B737,MAN-B737-CPT,1.0,130.75,23,9,79.5833,74.66189286846276,4.9214071315372365,0.9214071315372364,1.065915916975312,110.0,0.0,10405.516475,0.0,max_50h_7d
C0047,CPT,MAN,B737,MAN-B737-CPT,0.75,165.92,31,10,74.9165,75.4734351822504,-0.556935182250399,0.0,0.9926207786765564,82.5,0.0,12430.14568,0.0,max_50h_7d
C0048,CPT,MAN,B737,MAN-B737-CPT,1.0,180.04,30,12,93.2501,97.38507765451664,-4.134977654516646,0.1349776545166463,0.9575399254782556,110.0,0.0,16788.748004,0.0,max_50h_7d
C0049,FO,MAN,B737,MAN-B737-FO,1.0,75.34,29,13,95.4167,98.67383920265782,-3.257139202657811,0.0,0.9669908536145204,110.0,0.0,7188.694178000001,0.0,max_50h_7d
C0050,FO,MAN,B737,MAN-B737-FO,0.5,85.52,29,6,47.8333,49.33691960132891,-1.5036196013289072,0.0,0.9695234397793978,55.0,0.0,4090.703816,0.0,max_50h_7d
C0051,FO,MAN,B737,MAN-B737-FO,1.0,61.23,25,11,89.0,85.06365448504985,3.936345514950148,0.0,1.0462752927649257,110.0,0.0,5449.469999999999,0.0,max_50h_7d
C0052,FO,MAN,B737,MAN-B737-FO,1.0,90.14,24,11,80.0,81.66110830564784,-1.6611083056478435,0.0,0.9796585138248368,110.0,0.0,7211.2,0.0,max_50h_7d
C0053,FO,MAN,B737,MAN-B737-FO,0.75,90.37,19,6,47.8334,48.48628305647841,-0.6528830564784158,0.0,0.9865346853723987,82.5,0.0,4322.704358,0.0,max_50h_7d
C0054,FO,MAN,B737,MAN-B737-FO,1.0,91.09,29,13,99.0833,98.67383920265782,0.4094607973421773,0.0,1.004149638857177,110.0,0.0,9025.497797,0.0,max_50h_7d
C0055,FO,MAN,B737,MAN-B737-FO,0.75,85.3,31,10,74.8334,79.10919867109635,-4.275798671096354,0.2757986710963536,0.945950676496252,82.5,0.0,6383.289019999999,0.0,max_50h_7d
C0056,FO,MAN,B737,MAN-B737-FO,1.0,76.45,27,12,95.3332,91.86874684385384,3.464453156146177,0.0,1.037710900335177,110.0,0.0,7288.223140000001,0.0,max_50h_7d
C0057,FO,MAN,B737,MAN-B737-FO,1.0,82.86,31,13,100.3333,105.4789315614618,-5.145631561461784,1.1456315614617836,0.9512164990174984,110.0,0.0,8313.617238,0.0,max_50h_7d
C0058,FO,MAN,B737,MAN-B737-FO,1.0,57.05,31,12,107.4999,105.4789315614618,2.0209684385382047,0.0,1.0191599251966312,110.0,0.0,6132.869295,0.0,max_50h_7d
C0059,FO,MAN,B737,MAN-B737-FO,1.0,54.44,31,12,106.9167,105.4789315614618,1.437768438538214,0.0,1.0136308589521543,110.0,0.0,5820.545148,0.0,max_50h_7d
C0060,FO,MAN,B737,MAN-B737-FO,1.0,66.7,22,9,80.0832,74.85601594684385,5.227184053156151,1.2271840531561509,1.0698298458318705,110.0,0.0,5341.549440000001,0.0,max_50h_7d
C0061,CPT,BHX,A320,BHX-A320-CPT,0.75,153.75,31,11,78.8335,73.4092414187643,5.424258581235705,1.424258581235705,1.0738906774733297,82.5,0.0,12120.650625,0.0,max_50h_7d
C0062,CPT,BHX,A320,BHX-A320-CPT,1.0,174.77,31,12,93.5001,97.8789885583524,-4.378888558352386,0.3788885583523864,0.9552622210052588,110.0,0.0,16341.012477000002,0.0,max_50h_7d
C0063,CPT,BHX,A320,BHX-A320-CPT,1.0,138.87,31,12,102.0834,97.8789885583524,4.204411441647608,0.2044114416476077,1.04295519910426,110.0,0.0,14176.321758,0.0,max_50h_7d
C0064,CPT,BHX,A320,BHX-A320-CPT,1.0,190.87,31,13,97.0833,97.8789885583524,-0.7956885583523956,0.0,0.9918706908390452,110.0,0.0,18530.289471,0.0,max_50h_7d
C0065,CPT,BHX,A320,BHX-A320-CPT,1.0,181.16,31,13,95.5,97.8789885583524,-2.3789885583523898,0.0,0.9756945939737198,110.0,0.0,17300.78,0.0,max_50h_7d
C0066,CPT,BHX,A320,BHX-A320-CPT,0.5,147.01,11,2,16.3333,17.365627002288328,-1.0323270022883264,0.0,0.9405534276330884,55.0,0.0,2401.158433,0.0,max_50h_7d
C0067,CPT,BHX,A320,BHX-A320-CPT,1.0,161.67,23,10,73.8333,72.6198947368421,1.213405263157895,0.0,1.0167089923161552,110.0,0.0,11936.629610999998,0.0,max_50h_7d
C0068,CPT,BHX,A320,BHX-A320-CPT,1.0,171.05,31,11,92.4167,97.8789885583524,-5.462288558352384,1.462288558352384,0.9441934511297496,110.0,0.0,15807.876535,0.0,max_50h_7d
C0069,CPT,BHX,A320,BHX-A320-CPT,1.0,141.67,31,12,101.6667,97.8789885583524,3.787711441647616,0.0,1.0386979013313924,110.0,0.0,14403.121389,0.0,max_50h_7d
C0070,CPT,BHX,A320,BHX-A320-CPT,1.0,168.68,31,12,93.9999,97.8789885583524,-3.879088558352393,0.0,0.9603685263253432,110.0,0.0,15855.903132,0.0,max_50h_7d
C0071,CPT,BHX,A320,BHX-A320-CPT,1.0,125.39,28,10,93.9167,88.40682837528604,5.509871624713966,1.5098716247139663,1.0623240503700078,110.0,0.0,11776.215013,0.0,max_50h_7d
C0072,CPT,BHX,A320,BHX-A320-CPT,1.0,154.19,31,11,95.6666,97.8789885583524,-2.2123885583523872,0.0,0.9773966957470812,110.0,0.0,14750.833054,0.0,max_50h_7d
C0073,FO,BHX,A320,BHX-A320-FO,1.0,82.5,29,14,95.9167,97.19893603238866,-1.2822360323886528,0.0,0.9868081268712512,110.0,0.0,7913.127750000001,0.0,max_50h_7d
C0074,FO,BHX,A320,BHX-A320-FO,0.75,77.97,22,7,50.8334,55.30284291497976,-4.469442914979759,0.4694429149797585,0.9191824022166294,82.5,0.0,3963.480198,0.0,max_50h_7d
C0075,FO,BHX,A320,BHX-A320-FO,0.75,66.55,23,8,59.0834,57.81660850202429,1.26679149797571,0.0,1.0219105120621417,82.5,0.0,3932.00027,0.0,max_50h_7d
C0076,FO,BHX,A320,BHX-A320-FO,1.0,79.19,31,13,102.7501,103.90231093117409,-1.152210931174082,0.0,0.9889106322963566,110.0,0.0,8136.780419,0.0,max_50h_7d
C0077,FO,BHX,A320,BHX-A320-FO,1.0,79.06,29,12,93.7502,97.19893603238866,-3.448736032388652,0.0,0.9645187882381812,110.0,0.0,7411.890812000001,0.0,max_50h_7d
C0078,FO,BHX,A320,BHX-A320-FO,1.0,58.75,31,12,107.8333,103.90231093117409,3.930989068825909,0.0,1.037833509510966,110.0,0.0,6335.206375,0.0,max_50h_7d
C0079,FO,BHX,A320,BHX-A320-FO,1.0,91.62,31,12,97.4166,103.90231093117409,-6.485710931174083,2.485710931174083,0.9375787615015582,110.0,0.0,8925.308892000001,0.0,max_50h_7d
C0080,FO,BHX,A320,BHX-A320-FO,1.0,74.37,27,11,89.4167,90.49556113360325,-1.078861133603226,0.0,0.98807829776302,110.0,0.0,6649.919979000001,0.0,max_50h_7d
C0081,FO,BHX,A320,BHX-A320-FO,1.0,79.13,31,13,105.5,103.90231093117409,1.5976890688259149,0.0,1.015376838633399,110.0,0.0,8348.215,0.0,max_50h_7d
C0082,FO,BHX,A320,BHX-A320-FO,1.0,69.41,4,2,16.5,13.40674979757085,3.09325020242915,0.0,1.2307233482487765,110.0,0.0,1145.265,0.0,max_50h_7d
C0083,FO,BHX,A320,BHX-A320-FO,1.0,75.54,31,13,107.1664,103.90231093117409,3.2640890688259105,0.0,1.031414980471301,110.0,0.0,8095.349856000001,0.0,max_50h_7d
C0084,FO,BHX,A320,BHX-A320-FO,1.0,66.42,31,12,108.6667,103.90231093117409,4.7643890688259205,0.7643890688259205,1.0458545053149193,110.0,0.0,7217.642214,0.0,max_50h_7d
C0085,CPT,BHX,E190,BHX-E190-CPT,1.0,169.58,31,10,87.1665,88.47469482758622,-1.3081948275862203,0.0,0.9852139096932118,110.0,0.0,14781.695070000002,0.0,max_50h_7d
C0086,CPT,BHX,E190,BHX-E190-CPT,1.0,189.89,19,6,52.166700000000006,54.226425862068965,-2.0597258620689587,0.0,0.9620161972815966,110.0,0.0,9905.934663,0.0,max_50h_7d
C0087,CPT,BHX,E190,BHX-E190-CPT,1.0,137.79,25,9,74.9999,71.3505603448276,3.6493396551723976,0.0,1.0511466152127695,110.0,0.0,10334.236221,0.0,max_50h_7d
C0088,CPT,BHX,E190,BHX-E190-CPT,1.0,165.31,31,10,86.8333,88.47469482758622,-1.6413948275862251,0.0,0.98144786109989,110.0,0.0,14354.412823,0.0,max_50h_7d
C0089,CPT,BHX,E190,BHX-E190-CPT,1.0,192.27,31,10,85.1668,88.47469482758622,-3.307894827586225,0.0,0.962611966799858,110.0,0.0,16375.020636,0.0,max_50h_7d
C0090,CPT,BHX,E190,BHX-E190-CPT,1.0,131.7,31,11,92.5833,88.47469482758622,4.108605172413789,0.1086051724137888,1.0464381954684374,110.0,0.0,12193.22061,0.0,max_50h_7d
C0091,CPT,BHX,E190,BHX-E190-CPT,1.0,169.65,31,10,84.5833,88.47469482758622,-3.891394827586225,0.0,0.9560168606948064,110.0,0.0,14349.556845,0.0,max_50h_7d
C0092,CPT,BHX,E190,BHX-E190-CPT,1.0,155.28,31,11,92.8334,88.47469482758622,4.358705172413778,0.358705172413778,1.0492649924467978,110.0,0.0,14415.170352,0.0,max_50h_7d
C0093,CPT,BHX,E190,BHX-E190-CPT,1.0,125.29,29,10,86.0834,82.76665,3.316749999999999,0.0,1.0400735078682053,110.0,0.0,10785.389186,0.0,max_50h_7d
C0094,CPT,BHX,E190,BHX-E190-CPT,1.0,179.44,31,10,85.2499,88.47469482758622,-3.224794827586223,0.0,0.9635512184148192,110.0,0.0,15297.242056,0.0,max_50h_7d
C0095,FO,BHX,E190,BHX-E190-FO,1.0,88.89,31,11,90.8334,86.68128885135135,4.152111148648643,0.1521111486486432,1.0479008930724258,110.0,0.0,8074.180926,0.0,max_50h_7d
C0096,FO,BHX,E190,BHX-E190-FO,1.0,58.48,31,10,87.5001,86.68128885135135,0.8188111486486491,0.0,1.0094462272019606,110.0,0.0,5117.005848,0.0,max_50h_7d
C0097,FO,BHX,E190,BHX-E190-FO,1.0,92.0,31,10,84.3334,86.68128885135135,-2.3478888513513567,0.0,0.9729135447515356,110.0,0.0,7758.672799999999,0.0,max_50h_7d
C0098,FO,BHX,E190,BHX-E190-FO,1.0,79.44,31,10,86.6666,86.68128885135135,-0.0146888513513516,0.0,0.9998305418441972,110.0,0.0,6884.794704,0.0,max_50h_7d
C0099,FO,BHX,E190,BHX-E190-FO,1.0,84.09,31,10,88.4999,86.68128885135135,1.8186111486486425,0.0,1.0209804350252265,110.0,0.0,7441.956591,0.0,max_50h_7d
C0100,FO,BHX,E190,BHX-E190-FO,1.0,65.14,31,10,87.3333,86.68128885135135,0.65201114864864,0.0,1.0075219364788952,110.0,0.0,5688.891162,0.0,max_50h_7d
C0101,FO,BHX,E190,BHX-E190-FO,1.0,85.08,31,10,83.7499,86.68128885135135,-2.931388851351357,0.0,0.9661819881753448,110.0,0.0,7125.441492,0.0,max_50h_7d
C0102,FO,BHX,E190,BHX-E190-FO,1.0,60.77,24,8,68.7499,67.10809459459459,1.6418054054054068,0.0,1.0244650874879355,110.0,0.0,4177.931423,0.0,max_50h_7d
C0103,FO,BHX,E190,BHX-E190-FO,1.0,91.64,24,8,65.9999,67.10809459459459,-1.1081945945945932,0.0,0.98348642438309,110.0,0.0,6048.230836,0.0,max_50h_7d
C0104,FO,BHX,E190,BHX-E190-FO,1.0,84.78,31,10,84.0001,86.68128885135135,-2.681188851351351,0.0,0.9690684242599428,110.0,0.0,7121.528478,0.0,max_50h_7d
C0105,CPT,EDI,A320,EDI-A320-CPT,1.0,179.75,31,13,107.3333,108.5000135667396,-1.1667135667396025,0.0,0.9892468809137804,110.0,0.0,19293.160675,0.0,max_50h_7d
C0106,CPT,EDI,A320,EDI-A320-CPT,1.0,157.68,22,10,82.5001,77.00000962800875,5.500090371991249,1.5000903719912486,1.0714297361592873,110.0,0.0,13008.615768,0.0,max_50h_7d
C0107,CPT,EDI,A320,EDI-A320-CPT,1.0,140.25,25,11,91.3333,87.50001094091903,3.8332890590809834,0.0,1.04380901234023,110.0,0.0,12809.495325000002,0.0,max_50h_7d
C0108,CPT,EDI,A320,EDI-A320-CPT,1.0,148.93,25,11,87.5,87.50001094091903,-1.0940919025870244e-05,0.0,0.999999874960941,110.0,0.0,13031.375,0.0,max_50h_7d
C0109,CPT,EDI,A320,EDI-A320-CPT,1.0,189.46,31,13,105.1666,108.5000135667396,-3.333413566739594,0.0,0.9692772981573023,110.0,0.0,19924.864036000003,0.0,max_50h_7d
C0110,CPT,EDI,A320,EDI-A320-CPT,0.5,157.74,31,7,54.9167,54.2500067833698,0.6666932166302004,0.0,1.0122892743459448,55.0,0.0,8662.560258,0.0,max_50h_7d
C0111,CPT,EDI,A320,EDI-A320-CPT,1.0,159.52,29,12,97.6667,101.50001269146608,-3.833312691466091,0.0,0.9622333772201744,110.0,0.0,15579.791984,0.0,max_50h_7d
C0112,CPT,EDI,A320,EDI-A320-CPT,1.0,132.71,31,13,108.8333,108.5000135667396,0.3332864332604117,0.0,1.0030717639777569,110.0,0.0,14443.267243000002,0.0,max_50h_7d
C0113,CPT,EDI,A320,EDI-A320-CPT,1.0,159.12,19,8,64.5001,66.50000831509847,-1.999908315098466,0.0,0.9699261945108,110.0,0.0,10263.255912,0.0,max_50h_7d
C0114,FO,EDI,A320,EDI-A320-FO,0.5,84.78,31,8,54.1667,55.77559752530933,-1.608897525309331,0.0,0.9711540961156128,55.0,0.0,4592.252826,0.0,max_50h_7d
C0115,FO,EDI,A320,EDI-A320-FO,1.0,68.14,31,13,110.5833,111.55119505061866,-0.9678950506186652,0.0,0.9913233107885624,110.0,0.5832999999999942,7535.146062,19.8730309999998,max_50h_7d
C0116,FO,EDI,A320,EDI-A320-FO,1.0,85.56,28,13,103.7499,100.7559181102362,2.993981889763788,0.0,1.029715196346959,110.0,0.0,8876.841444,0.0,max_50h_7d
C0117,FO,EDI,A320,EDI-A320-FO,1.0,81.57,29,13,107.1668,104.35434375703036,2.8124562429696454,0.0,1.026951022273859,110.0,0.0,8741.595876,0.0,max_50h_7d
C0118,FO,EDI,A320,EDI-A320-FO,1.0,91.66,31,13,111.0835,111.55119505061866,-0.4676950506186585,0.0,0.995807350603403,110.0,1.0835000000000008,10181.91361,49.656805000000034,max_50h_7d
C0119,FO,EDI,A320,EDI-A320-FO,0.75,65.57,31,10,85.4166,83.66339628796399,1.7532037120360116,0.0,1.0209554451507274,82.5,2.9166000000000025,5600.766462,95.62073100000008,max_50h_7d
C0120,FO,EDI,A320,EDI-A320-FO,1.0,71.54,25,11,89.0001,89.96064116985376,-0.9605411698537552,0.0,0.9893226509130792,110.0,0.0,6367.067154000001,0.0,max_50h_7d
C0121,FO,EDI,A320,EDI-A320-FO,0.5,71.07,31,7,53.7499,55.77559752530933,-2.025697525309333,0.0,0.9636812940571344,55.0,0.0,3820.005393,0.0,max_50h_7d
C0122,FO,EDI,A320,EDI-A320-FO,1.0,86.16,24,10,84.83330000000001,86.3622155230596,-1.5289155230595952,0.0,0.9822964763722236,110.0,0.0,7309.237128000001,0.0,max_50h_7d
C0123,CPT,EDI,B737,EDI-B737-CPT,1.0,180.22,21,13,102.4168,98.25005,4.166750000000008,0.1667500000000075,1.0424096476286782,110.0,0.0,18457.555696,0.0,max_50h_7d
C0124,CPT,EDI,B737,EDI-B737-CPT,1.0,189.13,0,0,0.0,0.0,0.0,0.0,,110.0,0.0,0.0,0.0,max_50h_7d
C0125,CPT,EDI,B737,EDI-B737-CPT,1.0,126.03,21,13,115.3333,98.25005,17.08325000000002,13.08325000000002,1.173875229580036,110.0,5.333300000000008,14535.455799,336.0778995000005,max_50h_7d
C0126,CPT,EDI,B737,EDI-B737-CPT,0.5,185.18,18,7,53.8334,42.10716428571428,11.726235714285714,7.726235714285714,1.2784855240955773,55.0,0.0,9968.869012,0.0,max_50h_7d
C0127,CPT,EDI,B737,EDI-B737-CPT,1.0,188.57,31,17,127.5834,145.0357880952381,-17.452388095238106,13.452388095238106,0.8796684023685385,110.0,17.583399999999997,24058.401738,1657.8508689999996,max_50h_7d
C0128,CPT,EDI,B737,EDI-B737-CPT,1.0,139.54,31,19,150.0834,145.0357880952381,5.047611904761908,1.047611904761908,1.0348025268180523,110.0,40.08340000000001,20942.637636,2796.618818000001,max_50h_7d
C0129,CPT,EDI,B737,EDI-B737-CPT,1.0,154.72,25,14,113.8333,116.96434523809523,-3.131045238095254,0.0,0.9732307718927368,110.0,3.833299999999994,17612.288176,296.54408799999953,max_50h_7d
C0130,CPT,EDI,B737,EDI-B737-CPT,1.0,183.67,30,15,122.9168,140.3572142857143,-17.440414285714297,13.440414285714295,0.8757426586551355,110.0,12.916799999999997,22576.128656,1186.2143279999996,max_50h_7d
C0131,FO,EDI,B737,EDI-B737-FO,1.0,91.26,30,13,96.8333,100.34047659574468,-3.5071765957446672,0.0,0.9650472400098864,110.0,0.0,8837.006958000002,0.0,max_50h_7d
C0132,FO,EDI,B737,EDI-B737-FO,1.0,66.78,31,13,101.9166,103.68515914893617,-1.7685591489361627,0.0,0.9829429866004664,110.0,0.0,6805.990548000001,0.0,max_50h_7d
C0133,FO,EDI,B737,EDI-B737-FO,1.0,87.44,31,13,106.3334,103.68515914893617,2.648240851063832,0.0,1.0255411755433566,110.0,0.0,9297.792496,0.0,max_50h_7d
C0134,FO,EDI,B737,EDI-B737-FO,1.0,67.72,30,12,102.2501,100.34047659574468,1.909623404255328,0.0,1.019031436455588,110.0,0.0,6924.3767720000005,0.0,max_50h_7d
C0135,FO,EDI,B737,EDI-B737-FO,1.0,74.96,30,12,96.3335,100.34047659574468,-4.006976595744675,0.0069765957446747,0.9600661992877696,110.0,0.0,7221.159159999999,0.0,max_50h_7d
C0136,FO,EDI,B737,EDI-B737-FO,1.0,82.26,24,11,81.75,80.27238127659575,1.4776187234042482,0.0,1.0184075606068392,110.0,0.0,6724.755,0.0,max_50h_7d
C0137,FO,EDI,B737,EDI-B737-FO,1.0,72.46,28,12,93.1668,93.65111148936172,-0.4843114893617155,0.0,0.9948285558851404,110.0,0.0,6750.866327999999,0.0,max_50h_7d
C0138,FO,EDI,B737,EDI-B737-FO,1.0,60.3,31,12,107.4167,103.68515914893617,3.7315408510638406,0.0,1.035989151019229,110.0,0.0,6477.22701,0.0,max_50h_7d
C0001,CPT,MAN,A320,MAN-A320-CPT,1.0,183.17,21,10,81.4166,79.01847911275416,2.398120887245838,0.0,1.0303488616102554,110.0,0.0,14913.078622,0.0,max_4_days_7d
C0002,CPT,MAN,A320,MAN-A320-CPT,1.0,130.86,29,15,114.0832,109.12075686999384,4.962443130006164,0.9624431300061644,1.0454766194109009,110.0,4.083200000000005,14928.927552000005,267.1637760000004,max_4_days_7d
C0003,CPT,MAN,A320,MAN-A320-CPT,1.0,132.32,31,15,114.8333,116.64632630930376,-1.8130263093037515,0.0,0.9844570646443142,110.0,4.833300000000008,15194.742256,319.77112800000054,max_4_days_7d
C0004,CPT,MAN,A320,MAN-A320-CPT,1.0,176.86,24,13,98.5835,90.30683327171904,8.276666728280958,4.276666728280958,1.091650503383036,110.0,0.0,17435.47781,0.0,max_4_days_7d
C0005,CPT,MAN,A320,MAN-A320-CPT,1.0,159.21,31,14,110.2501,116.64632630930376,-6.396226309303756,2.3962263093037564,0.9451656429166636,110.0,0.2501000000000033,17552.918421000002,19.909210500000267,max_4_days_7d
C0007,CPT,MAN,A320,MAN-A320-CPT,1.0,180.77,31,13,110.6668,116.64632630930376,-5.979526309303765,1.9795263093037647,0.9487379800247784,110.0,0.666799999999995,20005.237436,60.268717999999545,max_4_days_7d
C0008,CPT,MAN,A320,MAN-A320-CPT,1.0,139.53,20,11,85.4166,75.2556943930992,10.160905606900798,6.160905606900798,1.1350184286895977,110.0,0.0,11918.178198,0.0,max_4_days_7d
C0010,CPT,MAN,A320,MAN-A320-CPT,1.0,131.11,29,14,113.2499,109.12075686999384,4.129143130006156,0.129143130006156,1.0378401254577587,110.0,3.2498999999999967,14848.194389,213.04719449999985,max_4_days_7d
C0011,CPT,MAN,A320,MAN-A320-CPT,1.0,129.68,31,14,115.0,116.64632630930376,-1.6463263093037597,0.0,0.9858861709460244,110.0,5.0,14913.2,324.20000000000005,max_4_days_7d
C0012,CPT,MAN,A320,MAN-A320-CPT,1.0,172.54,31,13,109.5833,116.64632630930376,-7.063026309303751,3.0630263093037517,0.9394492177098216,110.0,0.0,18907.502582,0.0,max_4_days_7d
C0013,CPT,MAN,A320,MAN-A320-CPT,1.0,185.4,29,13,106.1664,109.12075686999384,-2.9543568699938447,0.0,0.9729258029843612,110.0,0.0,19683.25056,0.0,max_4_days_7d
C0014,CPT,MAN,A320,MAN-A320-CPT,1.0,154.27,31,13,110.7502,116.64632630930376,-5.896126309303753,1.896126309303753,0.9494529618217948,110.0,0.7502000000000066,17085.433354,57.866677000000514,max_4_days_7d
C0015,CPT,MAN,A320,MAN-A320-CPT,1.0,158.07,31,14,110.9168,116.64632630930376,-5.729526309303765,1.7295263093037647,0.9508812108311826,110.0,0.916799999999995,17532.618575999997,72.4592879999996,max_4_days_7d
C0016,CPT,MAN,A320,MAN-A320-CPT,0.75,173.03,30,11,84.9999,84.66265619223661,0.3372438077633859,0.0,1.003983383264017,82.5,2.4998999999999967,14707.532697,216.27884849999973,max_4_days_7d
C0017,CPT,MAN,A320,MAN-A320-CPT,1.0,175.12,0,0,0.0,0.0,0.0,0.0,,110.0,0.0,0.0,0.0,max_4_days_7d
C0018,CPT,MAN,A320,MAN-A320-CPT,0.75,148.09,19,7,60.8333,53.619682255083184,7.213617744916817,3.2136177449168173,1.1345330192484115,82.5,0.0,9008.803397,0.0,max_4_days_7d
C0019,FO,MAN,A320,MAN-A320-FO,1.0,83.05,29,11,89.5,90.22057483443707,-0.7205748344370875,0.0,0.9920131872828408,110.0,0.0,7432.974999999999,0.0,max_4_days_7d
C0020,FO,MAN,A320,MAN-A320-FO,1.0,81.61,31,12,94.4167,96.4426834437086,-2.0259834437086117,0.0,0.9789928756504258,110.0,0.0,7705.346887,0.0,max_4_days_7d
C0021,FO,MAN,A320,MAN-A320-FO,1.0,87.24,31,12,92.25,96.4426834437086,-4.192683443708603,0.1926834437086029,0.9565266820250208,110.0,0.0,8047.889999999999,0.0,max_4_days_7d
C0022,FO,MAN,A320,MAN-A320-FO,0.75,58.81,30,9,72.6668,69.99872185430463,2.668078145695361,0.0,1.038116098051743,82.5,0.0,4273.534508,0.0,max_4_days_7d
C0023,FO,MAN,A320,MAN-A320-FO,1.0,80.61,23,9,72.58330000000001,71.55424900662251,1.0290509933774956,0.0,1.0143814100163675,110.0,0.0,5850.939813000001,0.0,max_4_days_7d
C0024,FO,MAN,A320,MAN-A320-FO,1.0,59.32,31,13,101.4999,96.4426834437086,5.057216556291394,1.0572165562913938,1.0524375346652728,110.0,0.0,6020.974068,0.0,max_4_days_7d
C0025,FO,MAN,A320,MAN-A320-FO,1.0,78.68,29,11,92.5832,90.22057483443707,2.3626251655629176,0.0,1.026187210288768,110.0,0.0,7284.446176000001,0.0,max_4_days_7d
C0026,FO,MAN,A320,MAN-A320-FO,1.0,85.93,22,9,64.8334,68.44319470198676,-3.6097947019867576,0.0,0.9472585299721265,110.0,0.0,5571.134062,0.0,max_4_days_7d
C0027,FO,MAN,A320,MAN-A320-FO,1.0,60.31,29,12,94.25,90.22057483443707,4.0294251655629125,0.0294251655629125,1.0446619318593044,110.0,0.0,5684.217500000001,0.0,max_4_days_7d
C0028,FO,MAN,A320,MAN-A320-FO,1.0,76.92,31,11,94.0,96.4426834437086,-2.442683443708603,0.0,0.9746721746379616,110.0,0.0,7230.48,0.0,max_4_days_7d
C0029,FO,MAN,A320,MAN-A320-FO,1.0,90.06,31,12,95.9168,96.4426834437086,-0.525883443708608,0.0,0.9945471919182386,110.0,0.0,8638.267007999999,0.0,max_4_days_7d
C0030,FO,MAN,A320,MAN-A320-FO,0.75,66.56,11,4,30.9166,25.666198013245037,5.250401986754966,1.2504019867549658,1.2045648515625689,82.5,0.0,2057.808896,0.0,max_4_days_7d
C0031,FO,MAN,A320,MAN-A320-FO,1.0,88.63,31,11,90.2501,96.4426834437086,-6.1925834437086,2.1925834437086,0.9357900130669522,110.0,0.0,7998.866363,0.0,max_4_days_7d
C0032,FO,MAN,A320,MAN-A320-FO,1.0,87.15,26,9,76.0,80.8874119205298,-4.8874119205298,0.8874119205298001,0.9395775955184278,110.0,0.0,6623.400000000001,0.0,max_4_days_7d
C0033,FO,MAN,A320,MAN-A320-FO,1.0,84.72,31,12,98.3332,96.4426834437086,1.890516556291402,0.0,1.019602488118187,110.0,0.0,8330.788704,0.0,max_4_days_7d
C0034,FO,MAN,A320,MAN-A320-FO,1.0,84.86,25,9,78.4166,77.77635761589403,0.6402423841059743,0.0,1.0082318381026258,110.0,0.0,6654.432676,0.0,max_4_days_7d
C0035,FO,MAN,A320,MAN-A320-FO,1.0,82.49,29,12,90.3333,90.22057483443707,0.1127251655629066,0.0,1.0012494396734866,110.0,0.0,7451.593916999999,0.0,max_4_days_7d
C0036,FO,MAN,A320,MAN-A320-FO,1.0,76.26,31,12,98.0,96.4426834437086,1.557316556291397,0.0,1.0161475863246834,110.0,0.0,7473.48,0.0,max_4_days_7d
C0037,CPT,MAN,B737,MAN-B737-CPT,1.0,168.5,29,13,96.4165,94.1389083993661,2.277591600633897,0.0,1.024193945302315,110.0,0.0,16246.18025,0.0,max_4_days_7d
C0038,CPT,MAN,B737,MAN-B737-CPT,1.0,135.14,31,12,102.5833,100.6312469096672,1.9520530903328108,0.0,1.01939808111575,110.0,0.0,13863.107162,0.0,max_4_days_7d
C0039,CPT,MAN,B737,MAN-B737-CPT,1.0,184.92,31,13,97.5833,100.6312469096672,-3.0479469096672034,0.0,0.9697117247051183,110.0,0.0,18045.103836,0.0,max_4_days_7d
C0040,CPT,MAN,B737,MAN-B737-CPT,1.0,142.65,31,12,100.0833,100.6312469096672,-0.5479469096672034,0.0,0.9945549029104342,110.0,0.0,14276.882745,0.0,max_4_days_7d
C0041,CPT,MAN,B737,MAN-B737-CPT,0.75,171.44,30,9,69.8334,73.03880824088749,-3.2054082408874933,0.0,0.9561136289311318,82.5,0.0,11972.238096,0.0,max_4_days_7d
C0042,CPT,MAN,B737,MAN-B737-CPT,0.75,171.95,31,10,75.3334,75.4734351822504,-0.1400351822504006,0.0,0.9981445765399144,82.5,0.0,12953.578129999998,0.0,max_4_days_7d
C0043,CPT,MAN,B737,MAN-B737-CPT,0.5,161.43,21,4,38.1666,34.08477717908083,4.081822820919172,0.0818228209191715,1.1197550096769988,55.0,0.0,6161.234238000001,0.0,max_4_days_7d
C0044,CPT,MAN,B737,MAN-B737-CPT,1.0,178.77,31,13,100.0001,100.6312469096672,-0.6311469096671942,0.0,0.9937281219397616,110.0,0.0,17877.017877000002,0.0,max_4_days_7d
C0045,CPT,MAN,B737,MAN-B737-CPT,1.0,171.75,30,13,96.5833,97.38507765451664,-0.8017776545166413,0.0,0.9917669352037586,110.0,0.0,16588.181775,0.0,max_4_days_7d
C0046,CPT,MAN,B737,MAN-B737-CPT,1.0,130.75,23,8,75.9999,74.66189286846276,1.338007131537239,0.0,1.0179208841368983,110.0,0.0,9936.986925,0.0,max_4_days_7d
C0047,CPT,MAN,B737,MAN-B737-CPT,0.75,165.92,31,10,78.1667,75.4734351822504,2.693264817749608,0.0,1.0356849375047792,82.5,0.0,12969.418864,0.0,max_4_days_7d
C0048,CPT,MAN,B737,MAN-B737-CPT,1.0,180.04,30,11,93.4166,97.38507765451664,-3.968477654516647,0.0,0.9592496330023452,110.0,0.0,16818.724664,0.0,max_4_days_7d
C0049,FO,MAN,B737,MAN-B737-FO,1.0,75.34,29,13,97.1667,98.67383920265782,-1.5071392026578252,0.0,0.984726050847556,110.0,0.0,7320.539178,0.0,max_4_days_7d
C0050,FO,MAN,B737,MAN-B737-FO,0.5,85.52,29,6,45.3333,49.33691960132891,-4.003619601328907,0.0036196013289071,0.9188514476850096,55.0,0.0,3876.903816,0.0,max_4_days_7d
C0051,FO,MAN,B737,MAN-B737-FO,1.0,61.23,25,10,89.9999,85.06365448504985,4.936245514950144,0.9362455149501444,1.058030019340607,110.0,0.0,5510.693877,0.0,max_4_days_7d
C0052,FO,MAN,B737,MAN-B737-FO,1.0,90.14,24,11,80.25,81.66110830564784,-1.4111083056478435,0.0,0.9827199466805394,110.0,0.0,7233.735,0.0,max_4_days_7d
C0053,FO,MAN,B737,MAN-B737-FO,0.75,90.37,19,6,43.6666,48.48628305647841,-4.819683056478411,0.8196830564784108,0.9005969781007077,82.5,0.0,3946.150642000001,0.0,max_4_days_7d
C0054,FO,MAN,B737,MAN-B737-FO,1.0,91.09,29,12,95.1668,98.67383920265782,-3.507039202657822,0.0,0.9644582674496428,110.0,0.0,8668.743812,0.0,max_4_days_7d
C0055,FO,MAN,B737,MAN-B737-FO,0.75,85.3,31,10,77.9166,79.10919867109635,-1.1925986710963483,0.0,0.9849246523649584,82.5,0.0,6646.28598,0.0,max_4_days_7d
C0056,FO,MAN,B737,MAN-B737-FO,1.0,76.45,27,11,91.5835,91.86874684385384,-0.2852468438538267,0.0,0.9968950611208548,110.0,0.0,7001.558575,0.0,max_4_days_7d
C0057,FO,MAN,B737,MAN-B737-FO,1.0,82.86,31,14,101.0832,105.4789315614618,-4.395731561461787,0.3957315614617869,0.958325975657988,110.0,0.0,8375.753952000001,0.0,max_4_days_7d
C0058,FO,MAN,B737,MAN-B737-FO,1.0,57.05,31,12,111.5001,105.4789315614618,6.021168438538211,2.021168438538212,1.057084086361168,110.0,1.500100000000003,6361.080705,42.79035250000009,max_4_days_7d
C0059,FO,MAN,B737,MAN-B737-FO,1.0,54.44,31,13,109.7498,105.4789315614618,4.270868438538201,0.2708684385382014,1.0404902512313523,110.0,0.0,5974.779111999999,0.0,max_4_days_7d
C0060,FO,MAN,B737,MAN-B737-FO,1.0,66.7,22,10,80.7499,74.85601594684385,5.893884053156143,1.8938840531561425,1.0787362776205116,110.0,0.0,5386.01833,0.0,max_4_days_7d
C0061,CPT,BHX,A320,BHX-A320-CPT,0.75,153.75,31,10,77.58330000000001,73.4092414187643,4.1740585812357125,0.1740585812357125,1.0568601241555504,82.5,0.0,11928.432375000002,0.0,max_4_days_7d
C0062,CPT,BHX,A320,BHX-A320-CPT,1.0,174.77,31,12,92.1666,97.8789885583524,-5.712388558352387,1.7123885583523872,0.9416382551302434,110.0,0.0,16107.956682000002,0.0,max_4_days_7d
C0063,CPT,BHX,A320,BHX-A320-CPT,1.0,138.87,31,13,100.5001,97.8789885583524,2.6211114416476136,0.0,1.0267791022389343,110.0,0.0,13956.448887,0.0,max_4_days_7d
C0064,CPT,BHX,A320,BHX-A320-CPT,1.0,190.87,31,12,94.4167,97.8789885583524,-3.462288558352398,0.0,0.9646268457679424,110.0,0.0,18021.315529,0.0,max_4_days_7d
C0065,CPT,BHX,A320,BHX-A320-CPT,1.0,181.16,31,11,92.9166,97.8789885583524,-4.962388558352387,0.9623885583523872,0.9493007781195658,110.0,0.0,16832.771256,0.0,max_4_days_7d
C0066,CPT,BHX,A320,BHX-A320-CPT,0.5,147.01,11,2,18.1667,17.365627002288328,0.8010729977116711,0.0,1.0461298055985029,55.0,0.0,2670.686567,0.0,max_4_days_7d
C0067,CPT,BHX,A320,BHX-A320-CPT,1.0,161.67,23,9,72.6667,72.6198947368421,0.046805263157907,0.0,1.0006445239741468,110.0,0.0,11748.025389,0.0,max_4_days_7d
C0068,CPT,BHX,A320,BHX-A320-CPT,1.0,171.05,31,13,95.0835,97.8789885583524,-2.795488558352389,0.0,0.971439339540316,110.0,0.0,16264.032675,0.0,max_4_days_7d
C0069,CPT,BHX,A320,BHX-A320-CPT,1.0,141.67,31,12,102.3333,97.8789885583524,4.454311441647604,0.4543114416476044,1.0455083517643022,110.0,0.0,14497.558611,0.0,max_4_days_7d
C0070,CPT,BHX,A320,BHX-A320-CPT,1.0,168.68,31,12,101.5,97.8789885583524,3.62101144164761,0.0,1.036994777888299,110.0,0.0,17121.02,0.0,max_4_days_7d
C0071,CPT,BHX,A320,BHX-A320-CPT,1.0,125.39,28,11,88.3333,88.40682837528604,-0.0735283752860453,0.0,0.9991682952930524,110.0,0.0,11076.112487,0.0,max_4_days_7d
C0072,CPT,BHX,A320,BHX-A320-CPT,1.0,154.19,31,12,99.1667,97.8789885583524,1.287711441647602,0.0,1.013156158033651,110.0,0.0,15290.513473,0.0,max_4_days_7d
C0073,FO,BHX,A320,BHX-A320-FO,1.0,82.5,29,14,97.8332,97.19893603238866,0.6342639676113464,0.0,1.0065254208893808,110.0,0.0,8071.239,0.0,max_4_days_7d
C0074,FO,BHX,A320,BHX-A320-FO,0.75,77.97,22,8,55.5,55.30284291497976,0.1971570850202439,0.0,1.0035650443020323,82.5,0.0,4327.335,0.0,max_4_days_7d
C0075,FO,BHX,A320,BHX-A320-FO,0.75,66.55,23,8,62.0,57.81660850202429,4.1833914979757125,0.1833914979757125,1.0723562243854072,82.5,0.0,4126.099999999999,0.0,max_4_days_7d
C0076,FO,BHX,A320,BHX-A320-FO,1.0,79.19,31,13,99.5001,103.90231093117409,-4.402210931174082,0.402210931174082,0.9576312510114414,110.0,0.0,7879.412919,0.0,max_4_days_7d
C0077,FO,BHX,A320,BHX-A320-FO,1.0,79.06,29,11,93.9999,97.19893603238866,-3.199036032388662,0.0,0.9670877463995832,110.0,0.0,7431.632094,0.0,max_4_days_7d
C0078,FO,BHX,A320,BHX-A320-FO,1.0,58.75,31,11,106.5,103.90231093117409,2.5976890688259147,0.0,1.025001263644142,110.0,0.0,6256.875,0.0,max_4_days_7d
C0079,FO,BHX,A320,BHX-A320-FO,1.0,91.62,31,14,106.1669,103.90231093117409,2.264589068825913,0.0,1.0217953676730636,110.0,0.0,9727.011378,0.0,max_4_days_7d
C0080,FO,BHX,A320,BHX-A320-FO,1.0,74.37,27,11,87.4167,90.49556113360325,-3.078861133603226,0.0,0.9659777662568692,110.0,0.0,6501.1799790000005,0.0,max_4_days_7d
C0081,FO,BHX,A320,BHX-A320-FO,1.0,79.13,31,12,103.3334,103.90231093117409,-0.5689109311740879,0.0,0.994524559405123,110.0,0.0,8176.771941999999,0.0,max_4_days_7d
C0082,FO,BHX,A320,BHX-A320-FO,1.0,69.41,4,2,15.5,13.40674979757085,2.09325020242915,0.0,1.1561340544155172,110.0,0.0,1075.855,0.0,max_4_days_7d
C0083,FO,BHX,A320,BHX-A320-FO,1.0,75.54,31,13,104.6666,103.90231093117409,0.7642890688259172,0.0,1.0073558428294458,110.0,0.0,7906.514964000001,0.0,max_4_days_7d
C0084,FO,BHX,A320,BHX-A320-FO,1.0,66.42,31,12,102.4167,103.90231093117409,-1.4856109311740795,0.0,0.9857018489977748,110.0,0.0,6802.517214,0.0,max_4_days_7d
C0085,CPT,BHX,E190,BHX-E190-CPT,1.0,169.58,31,10,86.3333,88.47469482758622,-2.1413948275862253,0.0,0.975796527676538,110.0,0.0,14640.401014,0.0,max_4_days_7d
C0086,CPT,BHX,E190,BHX-E190-CPT,1.0,189.89,19,6,51.3333,54.226425862068965,-2.8931258620689637,0.0,0.9466473068052104,110.0,0.0,9747.680337,0.0,max_4_days_7d
C0087,CPT,BHX,E190,BHX-E190-CPT,1.0,137.79,25,9,76.4999,71.3505603448276,5.149339655172398,1.1493396551723976,1.0721695755476388,110.0,0.0,10540.921221,0.0,max_4_days_7d
C0088,CPT,BHX,E190,BHX-E190-CPT,1.0,165.31,31,10,86.6666,88.47469482758622,-1.808094827586217,0.0,0.9795637065365446,110.0,0.0,14326.855646,0.0,max_4_days_7d
C0089,CPT,BHX,E190,BHX-E190-CPT,1.0,192.27,31,10,85.8334,88.47469482758622,-2.641294827586222,0.0,0.9701463245198708,110.0,0.0,16503.187818000002,0.0,max_4_days_7d
C0090,CPT,BHX,E190,BHX-E190-CPT,1.0,131.7,31,11,93.5001,88.47469482758622,5.025405172413784,1.0254051724137838,1.0568004804334954,110.0,0.0,12313.96317,0.0,max_4_days_7d
C0091,CPT,BHX,E190,BHX-E190-CPT,1.0,169.65,31,10,85.3333,88.47469482758622,-3.1413948275862253,0.0,0.9644938608298342,110.0,0.0,14476.794345,0.0,max_4_days_7d
C0092,CPT,BHX,E190,BHX-E190-CPT,1.0,155.28,31,11,90.0,88.47469482758622,1.5253051724137805,0.0,1.0172400162033473,110.0,0.0,13975.2,0.0,max_4_days_7d
C0093,CPT,BHX,E190,BHX-E190-CPT,1.0,125.29,29,10,84.75,82.76665,1.9833500000000013,0.0,1.0239631542414729,110.0,0.0,10618.3275,0.0,max_4_days_7d
C0094,CPT,BHX,E190,BHX-E190-CPT,1.0,179.44,31,10,87.4166,88.47469482758622,-1.058094827586217,0.0,0.9880407066715724,110.0,0.0,15686.034704,0.0,max_4_days_7d
C0095,FO,BHX,E190,BHX-E190-FO,1.0,88.89,31,10,82.66680000000001,86.68128885135135,-4.014488851351345,0.014488851351345,0.9536867886420592,110.0,0.0,7348.251852000001,0.0,max_4_days_7d
C0096,FO,BHX,E190,BHX-E190-FO,1.0,58.48,31,10,90.25,86.68128885135135,3.568711148648646,0.0,1.041170490147748,110.0,0.0,5277.82,0.0,max_4_days_7d
C0097,FO,BHX,E190,BHX-E190-FO,1.0,92.0,31,10,84.3332,86.68128885135135,-2.348088851351349,0.0,0.9729112374485104,110.0,0.0,7758.6544,0.0,max_4_days_7d
C0098,FO,BHX,E190,BHX-E190-FO,1.0,79.44,31,10,87.4166,86.68128885135135,0.7353111486486483,0.0,1.0084829281889154,110.0,0.0,6944.374704,0.0,max_4_days_7d
C0099,FO,BHX,E190,BHX-E190-FO,1.0,84.09,31,10,87.3334,86.68128885135135,0.6521111486486433,0.0,1.007523090130408,110.0,0.0,7343.865606,0.0,max_4_days_7d
C0100,FO,BHX,E190,BHX-E190-FO,1.0,65.14,31,11,90.8333,86.68128885135135,4.152011148648654,0.1520111486486541,1.0478997394209133,110.0,0.0,5916.881162000001,0.0,max_4_days_7d
C0101,FO,BHX,E190,BHX-E190-FO,1.0,85.08,31,10,85.0833,86.68128885135135,-1.59798885135136,0.0,0.9815647774447408,110.0,0.0,7238.887164,0.0,max_4_days_7d
C0102,FO,BHX,E190,BHX-E190-FO,1.0,60.77,24,8,69.0,67.10809459459459,1.89190540540541,0.0,1.0281919106306707,110.0,0.0,4193.13,0.0,max_4_days_7d
C0103,FO,BHX,E190,BHX-E190-FO,1.0,91.64,24,8,67.0,67.10809459459459,-0.1080945945945899,0.0,0.9983892465544194,110.0,0.0,6139.88,0.0,max_4_days_7d
C0104,FO,BHX,E190,BHX-E190-FO,1.0,84.78,31,10,83.7499,86.68128885135135,-2.931388851351357,0.0,0.9661819881753448,110.0,0.0,7100.316522,0.0,max_4_days_7d
C0105,CPT,EDI,A320,EDI-A320-CPT,1.0,179.75,31,14,106.4167,108.5000135667396,-2.083313566739591,0.0,0.98079895570282,110.0,0.0,19128.401825,0.0,max_4_days_7d
C0106,CPT,EDI,A320,EDI-A320-CPT,1.0,157.68,22,11,81.0,77.00000962800875,3.999990371991245,0.0,1.0519479204134574,110.0,0.0,12772.08,0.0,max_4_days_7d
C0107,CPT,EDI,A320,EDI-A320-CPT,1.0,140.25,25,10,88.66680000000001,87.50001094091903,1.1667890590809833,0.0,1.0133347304364204,110.0,0.0,12435.5187,0.0,max_4_days_7d
C0108,CPT,EDI,A320,EDI-A320-CPT,1.0,148.93,25,11,90.8334,87.50001094091903,3.333389059080972,0.0,1.038095870197453,110.0,0.0,13527.818262,0.0,max_4_days_7d
C0109,CPT,EDI,A320,EDI-A320-CPT,1.0,189.46,31,13,105.8332,108.5000135667396,-2.666813566739592,0.0,0.9754210761909332,110.0,0.0,20051.158072,0.0,max_4_days_7d
C0110,CPT,EDI,A320,EDI-A320-CPT,0.5,157.74,31,7,50.6668,54.2500067833698,-3.583206783369804,0.0,0.9339501136344884,55.0,0.0,7992.181031999999,0.0,max_4_days_7d
C0111,CPT,EDI,A320,EDI-A320-CPT,1.0,159.52,29,12,97.9166,101.50001269146608,-3.58341269146608,0.0,0.9646954458778372,110.0,0.0,15619.656032,0.0,max_4_days_7d
C0112,CPT,EDI,A320,EDI-A320-CPT,1.0,132.71,31,11,109.0832,108.5000135667396,0.5831864332604084,0.0,1.005374989496215,110.0,0.0,14476.431472000002,0.0,max_4_days_7d
C0113,CPT,EDI,A320,EDI-A320-CPT,1.0,159.12,19,9,69.3334,66.50000831509847,2.833391684901528,0.0,1.0426073884303293,110.0,0.0,11032.330608,0.0,max_4_days_7d
C0114,FO,EDI,A320,EDI-A320-FO,0.5,84.78,31,8,54.7499,55.77559752530933,-1.025697525309326,0.0,0.9816102817214304,55.0,0.0,4641.696522,0.0,max_4_days_7d
C0115,FO,EDI,A320,EDI-A320-FO,1.0,68.14,31,13,109.25,111.55119505061866,-2.30119505061866,0.0,0.9793709511621596,110.0,0.0,7444.295,0.0,max_4_days_7d
C0116,FO,EDI,A320,EDI-A320-FO,1.0,85.56,28,13,103.5,100.7559181102362,2.744081889763791,0.0,1.0272349450159497,110.0,0.0,8855.460000000001,0.0,max_4_days_7d
C0117,FO,EDI,A320,EDI-A320-FO,1.0,81.57,29,12,105.1667,104.35434375703036,0.812356242969642,0.0,1.0077845944282018,110.0,0.0,8578.447719,0.0,max_4_days_7d
C0118,FO,EDI,A320,EDI-A320-FO,1.0,91.66,31,14,111.0,111.55119505061866,-0.5511950506186594,0.0,0.9950588153684186,110.0,1.0,10174.26,45.83,max_4_days_7d
C0119,FO,EDI,A320,EDI-A320-FO,0.75,65.57,31,10,80.75,83.66339628796399,-2.913396287963991,0.0,0.9651771692612588,82.5,0.0,5294.777499999999,0.0,max_4_days_7d
C0120,FO,EDI,A320,EDI-A320-FO,1.0,71.54,25,11,94.1667,89.96064116985376,4.206058830146247,0.2060588301462473,1.046754433666217,110.0,0.0,6736.685718000001,0.0,max_4_days_7d
C0121,FO,EDI,A320,EDI-A320-FO,0.5,71.07,31,7,56.1667,55.77559752530933,0.391102474690669,0.0,1.0070120714442046,55.0,1.1666999999999987,3991.767369,41.458684499999954,max_4_days_7d
C0122,FO,EDI,A320,EDI-A320-FO,1.0,86.16,24,10,85.0001,86.3622155230596,-1.3621155230596005,0.0,0.98422787656836,110.0,0.0,7323.608616,0.0,max_4_days_7d
C0123,CPT,EDI,B737,EDI-B737-CPT,1.0,180.22,21,12,106.9167,98.25005,8.666650000000018,4.666650000000018,1.0882101332263956,110.0,0.0,19268.527674,0.0,max_4_days_7d
C0124,CPT,EDI,B737,EDI-B737-CPT,1.0,189.13,0,0,0.0,0.0,0.0,0.0,,110.0,0.0,0.0,0.0,max_4_days_7d
C0125,CPT,EDI,B737,EDI-B737-CPT,1.0,126.03,21,14,114.9167,98.25005,16.66665000000002,12.666650000000018,1.1696350281755583,110.0,4.916700000000006,14482.951701000002,309.8258505000004,max_4_days_7d
C0126,CPT,EDI,B737,EDI-B737-CPT,0.5,185.18,18,7,54.2501,42.10716428571428,12.14293571428572,8.14293571428572,1.2883817022654611,55.0,0.0,10046.033518,0.0,max_4_days_7d
C0127,CPT,EDI,B737,EDI-B737-CPT,1.0,188.57,31,15,113.5834,145.0357880952381,-31.452388095238103,27.452388095238103,0.7831405027110632,110.0,3.583399999999997,21418.421738,337.8608689999997,max_4_days_7d
C0128,CPT,EDI,B737,EDI-B737-CPT,1.0,139.54,31,18,142.3333,145.0357880952381,-2.7024880952380954,0.0,0.9813667500226668,110.0,32.33330000000001,19861.188682,2255.8943410000006,max_4_days_7d
C0129,CPT,EDI,B737,EDI-B737-CPT,1.0,154.72,25,14,109.75,116.96434523809523,-7.214345238095248,3.214345238095248,0.9383201331704156,110.0,0.0,16980.52,0.0,max_4_days_7d
C0130,CPT,EDI,B737,EDI-B737-CPT,1.0,183.67,30,14,108.8335,140.3572142857143,-31.52371428571429,27.52371428571429,0.7754036766393503,110.0,0.0,19989.448945,0.0,max_4_days_7d
C0131,FO,EDI,B737,EDI-B737-FO,1.0,91.26,30,13,97.5,100.34047659574468,-2.840476595744676,0.0,0.9716916174597368,110.0,0.0,8897.85,0.0,max_4_days_7d
C0132,FO,EDI,B737,EDI-B737-FO,1.0,66.78,31,13,104.6667,103.68515914893617,0.9815408510638406,0.0,1.0094665510389382,110.0,0.0,6989.642226000001,0.0,max_4_days_7d
C0133,FO,EDI,B737,EDI-B737-FO,1.0,87.44,31,12,99.6667,103.68515914893617,-4.018459148936159,0.0184591489361594,0.9612436419838644,110.0,0.0,8714.856248,0.0,max_4_days_7d
C0134,FO,EDI,B737,EDI-B737-FO,1.0,67.72,30,12,99.3335,100.34047659574468,-1.0069765957446748,0.0,0.9899644029019156,110.0,0.0,6726.86462,0.0,max_4_days_7d
C0135,FO,EDI,B737,EDI-B737-FO,1.0,74.96,30,12,100.1667,100.34047659574468,-0.1737765957446839,0.0,0.9982681306523508,110.0,0.0,7508.495831999999,0.0,max_4_days_7d
C0136,FO,EDI,B737,EDI-B737-FO,1.0,82.26,24,11,81.3333,80.27238127659575,1.0609187234042423,0.0,1.0132164850043333,110.0,0.0,6690.477258,0.0,max_4_days_7d
C0137,FO,EDI,B737,EDI-B737-FO,1.0,72.46,28,12,95.2502,93.65111148936172,1.599088510638282,0.0,1.0170749549600373,110.0,0.0,6901.829491999999,0.0,max_4_days_7d
C0138,FO,EDI,B737,EDI-B737-FO,1.0,60.3,31,13,108.0833,103.68515914893617,4.398140851063829,0.3981408510638289,1.0424182292544513,110.0,0.0,6517.422989999999,0.0,max_4_days_7d
C0001,CPT,MAN,A320,MAN-A320-CPT,1.0,183.17,21,13,103.5834,79.01847911275416,24.564920887245837,20.564920887245837,1.3108756478619803,110.0,0.0,18973.371378,0.0,cost_only
C0002,CPT,MAN,A320,MAN-A320-CPT,1.0,130.86,29,14,108.8335,109.12075686999384,-0.2872568699938398,0.0,0.9973675322804434,110.0,0.0,14241.951810000002,0.0,cost_only
C0003,CPT,MAN,A320,MAN-A320-CPT,1.0,132.32,31,14,111.4999,116.64632630930376,-5.146426309303763,1.146426309303763,0.9558800823640404,110.0,1.499899999999997,14753.666768,99.23338399999976,cost_only
C0004,CPT,MAN,A320,MAN-A320-CPT,1.0,176.86,24,14,109.3333,90.30683327171904,19.02646672828095,15.026466728280951,1.2106868997502471,110.0,0.0,19336.687438,0.0,cost_only
C0005,CPT,MAN,A320,MAN-A320-CPT,1.0,159.21,31,14,113.4167,116.64632630930376,-3.229626309303754,0.0,0.9723126616029042,110.0,3.416700000000006,18057.072807,271.9864035000005,cost_only
C0007,CPT,MAN,A320,MAN-A320-CPT,1.0,180.77,31,14,110.4167,116.64632630930376,-6.229626309303768,2.229626309303768,0.9465938919260511,110.0,0.4166999999999916,19960.026859,37.663429499999246,cost_only
C0008,CPT,MAN,A320,MAN-A320-CPT,1.0,139.53,20,13,108.0,75.2556943930992,32.744305606900795,28.744305606900795,1.435107347968387,110.0,0.0,15069.24,0.0,cost_only
C0010,CPT,MAN,A320,MAN-A320-CPT,1.0,131.11,29,13,113.6668,109.12075686999384,4.546043130006154,0.5460431300061543,1.0416606634741574,110.0,3.666799999999995,14902.854148,240.37707399999968,cost_only
C0011,CPT,MAN,A320,MAN-A320-CPT,1.0,129.68,31,14,114.4999,116.64632630930376,-2.146426309303763,0.0,0.9815988520408933,110.0,4.499899999999997,14848.347032,291.7735159999998,cost_only
C0012,CPT,MAN,A320,MAN-A320-CPT,1.0,172.54,31,13,107.0002,116.64632630930376,-9.646126309303767,5.646126309303767,0.9173044997257288,110.0,0.0,18461.814508,0.0,cost_only
C0013,CPT,MAN,A320,MAN-A320-CPT,1.0,185.4,29,6,47.75,109.12075686999384,-61.37075686999384,57.37075686999384,0.4375886070593262,110.0,0.0,8852.85,0.0,cost_only
C0014,CPT,MAN,A320,MAN-A320-CPT,1.0,154.27,31,14,108.4166,116.64632630930376,-8.229726309303757,4.229726309303757,0.9294471881824936,110.0,0.0,16725.428882,0.0,cost_only
C0015,CPT,MAN,A320,MAN-A320-CPT,1.0,158.07,31,14,112.0831,116.64632630930376,-4.563226309303758,0.5632263093037579,0.9608798111892204,110.0,2.0831000000000017,17716.975617,164.63780850000012,cost_only
C0016,CPT,MAN,A320,MAN-A320-CPT,0.75,173.03,30,10,76.5831,84.66265619223661,-8.079556192236609,4.079556192236609,0.9045676505366071,82.5,0.0,13251.173793,0.0,cost_only
C0017,CPT,MAN,A320,MAN-A320-CPT,1.0,175.12,0,0,0.0,0.0,0.0,0.0,,110.0,0.0,0.0,0.0,cost_only
C0018,CPT,MAN,A320,MAN-A320-CPT,0.75,148.09,19,10,81.66669999999999,53.619682255083184,28.047017744916808,24.047017744916808,1.523073180693045,82.5,0.0,12094.021603,0.0,cost_only
C0019,FO,MAN,A320,MAN-A320-FO,1.0,83.05,29,14,109.4166,90.22057483443707,19.196025165562915,15.196025165562917,1.212767710700019,110.0,0.0,9087.04863,0.0,cost_only
C0020,FO,MAN,A320,MAN-A320-FO,1.0,81.61,31,14,108.75,96.4426834437086,12.307316556291395,8.307316556291397,1.1276127552327482,110.0,0.0,8875.0875,0.0,cost_only
C0021,FO,MAN,A320,MAN-A320-FO,1.0,87.24,31,0,0.0,96.4426834437086,-96.4426834437086,92.4426834437086,0.0,110.0,0.0,0.0,0.0,cost_only
C0022,FO,MAN,A320,MAN-A320-FO,0.75,58.81,30,11,88.16669999999999,69.99872185430463,18.16797814569536,14.167978145695358,1.2595472840705606,82.5,5.666699999999992,5185.083627,166.62931349999977,cost_only
C0023,FO,MAN,A320,MAN-A320-FO,1.0,80.61,23,14,104.6669,71.55424900662251,33.112650993377486,29.11265099337749,1.4627628890397946,110.0,0.0,8437.198809,0.0,cost_only
C0024,FO,MAN,A320,MAN-A320-FO,1.0,59.32,31,15,119.1668,96.4426834437086,22.724116556291392,18.724116556291392,1.2356230223473088,110.0,9.166799999999997,7068.974576,271.88728799999984,cost_only
C0025,FO,MAN,A320,MAN-A320-FO,1.0,78.68,29,13,109.8332,90.22057483443707,19.61262516556292,15.612625165562918,1.2173852826980305,110.0,0.0,8641.676176,0.0,cost_only
C0026,FO,MAN,A320,MAN-A320-FO,1.0,85.93,22,14,107.3335,68.44319470198676,38.890305298013246,34.890305298013246,1.568212887597492,110.0,0.0,9223.167655,0.0,cost_only
C0027,FO,MAN,A320,MAN-A320-FO,1.0,60.31,29,14,112.9166,90.22057483443707,22.696025165562915,18.696025165562915,1.2515615224932026,110.0,2.9166000000000025,6810.000146,87.95007300000007,cost_only
C0028,FO,MAN,A320,MAN-A320-FO,1.0,76.92,31,14,112.3332,96.4426834437086,15.890516556291402,11.890516556291402,1.1647664290217137,110.0,2.333200000000005,8640.669744,89.7348720000002,cost_only
C0029,FO,MAN,A320,MAN-A320-FO,1.0,90.06,31,0,0.0,96.4426834437086,-96.4426834437086,92.4426834437086,0.0,110.0,0.0,0.0,0.0,cost_only
C0030,FO,MAN,A320,MAN-A320-FO,0.75,66.56,11,9,84.3332,25.666198013245037,58.66700198675497,54.66700198675497,3.285769086503575,82.5,1.833200000000005,5613.217792,61.00889600000017,cost_only
C0031,FO,MAN,A320,MAN-A320-FO,1.0,88.63,31,0,0.0,96.4426834437086,-96.4426834437086,92.4426834437086,0.0,110.0,0.0,0.0,0.0,cost_only
C0032,FO,MAN,A320,MAN-A320-FO,1.0,87.15,26,5,40.0,80.8874119205298,-40.8874119205298,36.8874119205298,0.4945145239570672,110.0,0.0,3486.0,0.0,cost_only
C0033,FO,MAN,A320,MAN-A320-FO,1.0,84.72,31,14,110.1667,96.4426834437086,13.724016556291405,9.724016556291405,1.142302309166893,110.0,0.1667000000000058,9333.322824,7.061412000000248,cost_only
C0034,FO,MAN,A320,MAN-A320-FO,1.0,84.86,25,13,105.5832,77.77635761589403,27.806842384105977,23.806842384105977,1.3575230730324597,110.0,0.0,8959.790352,0.0,cost_only
C0035,FO,MAN,A320,MAN-A320-FO,1.0,82.49,29,13,109.0,90.22057483443707,18.779425165562916,14.779425165562913,1.2081501387020073,110.0,0.0,8991.41,0.0,cost_only
C0036,FO,MAN,A320,MAN-A320-FO,1.0,76.26,31,13,105.0833,96.4426834437086,8.640616556291391,4.640616556291391,1.0895932822248224,110.0,0.0,8013.652458,0.0,cost_only
C0037,CPT,MAN,B737,MAN-B737-CPT,1.0,168.5,29,15,108.0833,94.1389083993661,13.944391600633892,9.944391600633892,1.1481256989031303,110.0,0.0,18212.03605,0.0,cost_only
C0038,CPT,MAN,B737,MAN-B737-CPT,1.0,135.14,31,16,109.5834,100.6312469096672,8.9521530903328,4.9521530903328,1.0889599738177629,110.0,0.0,14809.100675999998,0.0,cost_only
C0039,CPT,MAN,B737,MAN-B737-CPT,1.0,184.92,31,0,0.0,100.6312469096672,-100.6312469096672,96.6312469096672,0.0,110.0,0.0,0.0,0.0,cost_only
C0040,CPT,MAN,B737,MAN-B737-CPT,1.0,142.65,31,14,107.5,100.6312469096672,6.8687530903328025,2.8687530903328025,1.0682566628285806,110.0,0.0,15334.875,0.0,cost_only
C0041,CPT,MAN,B737,MAN-B737-CPT,0.75,171.44,30,10,81.33330000000001,73.03880824088749,8.294491759112518,4.294491759112518,1.1135628025550015,82.5,0.0,13943.780952,0.0,cost_only
C0042,CPT,MAN,B737,MAN-B737-CPT,0.75,171.95,31,9,80.2499,75.4734351822504,4.776464817749599,0.7764648177495985,1.0632867022180132,82.5,0.0,13798.970305,0.0,cost_only
C0043,CPT,MAN,B737,MAN-B737-CPT,0.5,161.43,21,7,59.3334,34.08477717908083,25.248622820919167,21.248622820919167,1.7407595093922232,55.0,4.3333999999999975,9578.190762,349.7703809999998,cost_only
C0044,CPT,MAN,B737,MAN-B737-CPT,1.0,178.77,31,13,109.7501,100.6312469096672,9.118853090332806,5.118853090332806,1.090616516940493,110.0,0.0,19620.025377,0.0,cost_only
C0045,CPT,MAN,B737,MAN-B737-CPT,1.0,171.75,30,13,106.5833,97.38507765451664,9.198222345483344,5.1982223454833445,1.0944520717857305,110.0,0.0,18305.681775,0.0,cost_only
C0046,CPT,MAN,B737,MAN-B737-CPT,1.0,130.75,23,14,108.5832,74.66189286846276,33.92130713153725,29.921307131537247,1.4543322681531643,110.0,0.0,14197.2534,0.0,cost_only
C0047,CPT,MAN,B737,MAN-B737-CPT,0.75,165.92,31,10,83.2499,75.4734351822504,7.7764648177495985,3.7764648177495994,1.1030357873465184,82.5,0.7498999999999967,13812.823407999998,62.21170399999972,cost_only
C0048,CPT,MAN,B737,MAN-B737-CPT,1.0,180.04,30,7,69.9166,97.38507765451664,-27.468477654516647,23.468477654516647,0.717939562034711,110.0,0.0,12587.784664,0.0,cost_only
C0049,FO,MAN,B737,MAN-B737-FO,1.0,75.34,29,16,114.3332,98.67383920265782,15.659360797342188,11.659360797342188,1.158698201305219,110.0,4.333200000000005,8613.863288,163.2316440000002,cost_only
C0050,FO,MAN,B737,MAN-B737-FO,0.5,85.52,29,6,51.4998,49.33691960132891,2.162880398671092,0.0,1.0438389833850277,55.0,0.0,4404.262896,0.0,cost_only
C0051,FO,MAN,B737,MAN-B737-FO,1.0,61.23,25,15,111.3332,85.06365448504985,26.269545514950156,22.269545514950156,1.3088222070163595,110.0,1.333200000000005,6816.931836,40.81591800000015,cost_only
C0052,FO,MAN,B737,MAN-B737-FO,1.0,90.14,24,0,0.0,81.66110830564784,-81.66110830564784,77.66110830564784,0.0,110.0,0.0,0.0,0.0,cost_only
C0053,FO,MAN,B737,MAN-B737-FO,0.75,90.37,19,1,7.1667,48.48628305647841,-41.319583056478415,37.319583056478415,0.1478088141269148,82.5,0.0,647.654679,0.0,cost_only
C0054,FO,MAN,B737,MAN-B737-FO,1.0,91.09,29,1,8.25,98.67383920265782,-90.42383920265782,86.42383920265782,0.0836087869557403,110.0,0.0,751.4925000000001,0.0,cost_only
C0055,FO,MAN,B737,MAN-B737-FO,0.75,85.3,31,9,75.75,79.10919867109635,-3.359198671096351,0.0,0.9575371925449212,82.5,0.0,6461.474999999999,0.0,cost_only
C0056,FO,MAN,B737,MAN-B737-FO,1.0,76.45,27,13,107.2498,91.86874684385384,15.381053156146166,11.381053156146166,1.167424218622344,110.0,0.0,8199.24721,0.0,cost_only
C0057,FO,MAN,B737,MAN-B737-FO,1.0,82.86,31,13,109.4166,105.4789315614618,3.9376684385382106,0.0,1.0373313265525803,110.0,0.0,9066.259476,0.0,cost_only
C0058,FO,MAN,B737,MAN-B737-FO,1.0,57.05,31,18,139.5002,105.4789315614618,34.021268438538215,30.02126843853821,1.3225408897767823,110.0,29.500200000000007,7958.48641,841.4932050000001,cost_only
C0059,FO,MAN,B737,MAN-B737-FO,1.0,54.44,31,22,189.6669,105.4789315614618,84.1879684385382,80.1879684385382,1.7981496133138446,110.0,79.6669,10325.466036,2168.533018,cost_only
C0060,FO,MAN,B737,MAN-B737-FO,1.0,66.7,22,14,110.0,74.85601594684385,35.143984053156146,31.143984053156142,1.4694877707372551,110.0,0.0,7337.0,0.0,cost_only
C0061,CPT,BHX,A320,BHX-A320-CPT,0.75,153.75,31,12,86.8334,73.4092414187643,13.424158581235702,9.424158581235702,1.18286741998405,82.5,4.3333999999999975,13350.63525,333.1301249999998,cost_only
C0062,CPT,BHX,A320,BHX-A320-CPT,1.0,174.77,31,12,110.1667,97.8789885583524,12.287711441647602,8.287711441647602,1.125539828543713,110.0,0.1666999999999916,19253.834159,14.56707949999927,cost_only
C0063,CPT,BHX,A320,BHX-A320-CPT,1.0,138.87,31,14,108.0,97.8789885583524,10.12101144164761,6.12101144164761,1.1034033104624266,110.0,0.0,14997.96,0.0,cost_only
C0064,CPT,BHX,A320,BHX-A320-CPT,1.0,190.87,31,0,0.0,97.8789885583524,-97.8789885583524,93.8789885583524,0.0,110.0,0.0,0.0,0.0,cost_only
C0065,CPT,BHX,A320,BHX-A320-CPT,1.0,181.16,31,2,21.3333,97.8789885583524,-76.5456885583524,72.5456885583524,0.2179558689174822,110.0,0.0,3864.740628,0.0,cost_only
C0066,CPT,BHX,A320,BHX-A320-CPT,0.5,147.01,11,7,56.0001,17.365627002288328,38.63447299771168,34.63447299771168,3.224766948675143,55.0,1.000100000000003,8232.574701,73.51235050000024,cost_only
C0067,CPT,BHX,A320,BHX-A320-CPT,1.0,161.67,23,13,106.9998,72.6198947368421,34.379905263157895,30.37990526315789,1.4734226810399935,110.0,0.0,17298.657666,0.0,cost_only
C0068,CPT,BHX,A320,BHX-A320-CPT,1.0,171.05,31,13,102.0833,97.8789885583524,4.204311441647604,0.2043114416476044,1.042954177434528,110.0,0.0,17461.348465,0.0,cost_only
C0069,CPT,BHX,A320,BHX-A320-CPT,1.0,141.67,31,14,110.0835,97.8789885583524,12.204511441647613,8.204511441647611,1.1246897993267642,110.0,0.0835000000000008,15595.529444999998,5.914722500000056,cost_only
C0070,CPT,BHX,A320,BHX-A320-CPT,1.0,168.68,31,14,112.0833,97.8789885583524,14.204311441647604,10.204311441647604,1.1451211506254937,110.0,2.083299999999994,18906.211044,175.70552199999952,cost_only
C0071,CPT,BHX,A320,BHX-A320-CPT,1.0,125.39,28,15,113.6667,88.40682837528604,25.259871624713952,21.259871624713952,1.2857230837134668,110.0,3.666699999999992,14252.667513,229.88375649999944,cost_only
C0072,CPT,BHX,A320,BHX-A320-CPT,1.0,154.19,31,13,107.5834,97.8789885583524,9.704411441647608,5.704411441647608,1.0991470343592908,110.0,0.0,16588.284445999998,0.0,cost_only
C0073,FO,BHX,A320,BHX-A320-FO,1.0,82.5,29,10,76.91669999999999,97.19893603238866,-20.282236032388667,16.282236032388667,0.7913327361358131,110.0,0.0,6345.62775,0.0,cost_only
C0074,FO,BHX,A320,BHX-A320-FO,0.75,77.97,22,11,82.3333,55.30284291497976,27.03045708502024,23.03045708502024,1.488771565081667,82.5,0.0,6419.527400999999,0.0,cost_only
C0075,FO,BHX,A320,BHX-A320-FO,0.75,66.55,23,11,82.66669999999999,57.81660850202429,24.850091497975704,20.850091497975704,1.4298088757161471,82.5,0.1666999999999916,5501.468884999999,5.546942499999721,cost_only
C0076,FO,BHX,A320,BHX-A320-FO,1.0,79.19,31,13,110.0,103.90231093117409,6.097689068825915,2.0976890688259147,1.058686751181743,110.0,0.0,8710.9,0.0,cost_only
C0077,FO,BHX,A320,BHX-A320-FO,1.0,79.06,29,12,102.0832,97.19893603238866,4.884263967611346,0.8842639676113464,1.0502501793433603,110.0,0.0,8070.697792000001,0.0,cost_only
C0078,FO,BHX,A320,BHX-A320-FO,1.0,58.75,31,15,109.75,103.90231093117409,5.847689068825915,1.8476890688259149,1.0562806449290574,110.0,0.0,6447.8125,0.0,cost_only
C0079,FO,BHX,A320,BHX-A320-FO,1.0,91.62,31,0,0.0,103.90231093117409,-103.90231093117409,99.90231093117409,0.0,110.0,0.0,0.0,0.0,cost_only
C0080,FO,BHX,A320,BHX-A320-FO,1.0,74.37,27,13,107.4168,90.49556113360325,16.921238866396777,12.921238866396775,1.1869841863449533,110.0,0.0,7988.587416000001,0.0,cost_only
C0081,FO,BHX,A320,BHX-A320-FO,1.0,79.13,31,13,108.25,103.90231093117409,4.347689068825915,0.3476890688259146,1.0418440074129427,110.0,0.0,8565.8225,0.0,cost_only
C0082,FO,BHX,A320,BHX-A320-FO,1.0,69.41,4,4,36.8334,13.40674979757085,23.426650202429148,19.426650202429148,2.747377295477968,110.0,0.0,2556.606294,0.0,cost_only
C0083,FO,BHX,A320,BHX-A320-FO,1.0,75.54,31,13,109.9999,103.90231093117409,6.097589068825911,2.097589068825912,1.058685788739242,110.0,0.0,8309.392446,0.0,cost_only
C0084,FO,BHX,A320,BHX-A320-FO,1.0,66.42,31,14,108.5835,103.90231093117409,4.681189068825916,0.6811890688259155,1.0450537531540254,110.0,0.0,7212.11607,0.0,cost_only
C0085,CPT,BHX,E190,BHX-E190-CPT,1.0,169.58,31,13,108.0833,88.47469482758622,19.60860517241377,15.608605172413776,1.2216295315923469,110.0,0.0,18328.766014,0.0,cost_only
C0086,CPT,BHX,E190,BHX-E190-CPT,1.0,189.89,19,0,0.0,54.226425862068965,-54.226425862068965,50.226425862068965,0.0,110.0,0.0,0.0,0.0,cost_only
C0087,CPT,BHX,E190,BHX-E190-CPT,1.0,137.79,25,13,113.3333,71.3505603448276,41.9827396551724,37.9827396551724,1.5884009803465522,110.0,3.333299999999994,15616.195406999996,229.6477034999996,cost_only
C0088,CPT,BHX,E190,BHX-E190-CPT,1.0,165.31,31,13,111.4166,88.47469482758622,22.941905172413783,18.941905172413783,1.259304710992465,110.0,1.4166000000000023,18418.278146,117.0890730000002,cost_only
C0089,CPT,BHX,E190,BHX-E190-CPT,1.0,192.27,31,0,0.0,88.47469482758622,-88.47469482758622,84.47469482758622,0.0,110.0,0.0,0.0,0.0,cost_only
C0090,CPT,BHX,E190,BHX-E190-CPT,1.0,131.7,31,13,109.5835,88.47469482758622,21.10880517241378,17.10880517241378,1.2385857923957722,110.0,0.0,14432.146949999998,0.0,cost_only
C0091,CPT,BHX,E190,BHX-E190-CPT,1.0,169.65,31,13,112.0,88.47469482758622,23.52530517241378,19.52530517241378,1.265898686830832,110.0,2.0,19000.8,169.65,cost_only
C0092,CPT,BHX,E190,BHX-E190-CPT,1.0,155.28,31,13,112.8333,88.47469482758622,24.35860517241377,20.35860517241377,1.2753171991141905,110.0,2.833299999999994,17520.754824,219.9774119999996,cost_only
C0093,CPT,BHX,E190,BHX-E190-CPT,1.0,125.29,29,13,110.6665,82.76665,27.89985,23.89985,1.3370904827004595,110.0,0.6664999999999992,13865.405785,41.75289249999995,cost_only
C0094,CPT,BHX,E190,BHX-E190-CPT,1.0,179.44,31,6,49.75,88.47469482758622,-38.72469482758622,34.72469482758622,0.5623076756235169,110.0,0.0,8927.14,0.0,cost_only
C0095,FO,BHX,E190,BHX-E190-FO,1.0,88.89,31,0,0.0,86.68128885135135,-86.68128885135135,82.68128885135135,0.0,110.0,0.0,0.0,0.0,cost_only
C0096,FO,BHX,E190,BHX-E190-FO,1.0,58.48,31,20,170.9167,86.68128885135135,84.23541114864864,80.23541114864864,1.971783094885713,110.0,60.91669999999999,9995.208615999998,1781.2043079999996,cost_only
C0097,FO,BHX,E190,BHX-E190-FO,1.0,92.0,31,0,0.0,86.68128885135135,-86.68128885135135,82.68128885135135,0.0,110.0,0.0,0.0,0.0,cost_only
C0098,FO,BHX,E190,BHX-E190-FO,1.0,79.44,31,13,112.9166,86.68128885135135,26.23531114864865,22.23531114864865,1.3026640639093316,110.0,2.9166000000000025,8970.094704,115.8473520000001,cost_only
C0099,FO,BHX,E190,BHX-E190-FO,1.0,84.09,31,12,102.5833,86.68128885135135,15.90201114864864,11.90201114864864,1.1834537921548305,110.0,0.0,8626.229697,0.0,cost_only
C0100,FO,BHX,E190,BHX-E190-FO,1.0,65.14,31,13,113.75,86.68128885135135,27.06871114864865,23.06871114864865,1.3122785956155825,110.0,3.75,7409.675,122.1375,cost_only
C0101,FO,BHX,E190,BHX-E190-FO,1.0,85.08,31,13,106.4999,86.68128885135135,19.81861114864864,15.818611148648642,1.2286377072984611,110.0,0.0,9061.011492,0.0,cost_only
C0102,FO,BHX,E190,BHX-E190-FO,1.0,60.77,24,13,109.3333,67.10809459459459,42.22520540540542,38.22520540540542,1.6292118061240046,110.0,0.0,6644.184641000001,0.0,cost_only
C0103,FO,BHX,E190,BHX-E190-FO,1.0,91.64,24,0,0.0,67.10809459459459,-67.10809459459459,63.10809459459459,0.0,110.0,0.0,0.0,0.0,cost_only
C0104,FO,BHX,E190,BHX-E190-FO,1.0,84.78,31,13,111.6667,86.68128885135135,24.98541114864864,20.98541114864864,1.2882445736529806,110.0,1.6666999999999916,9467.102826,70.65141299999965,cost_only
C0105,CPT,EDI,A320,EDI-A320-CPT,1.0,179.75,31,12,93.6666,108.5000135667396,-14.833413566739594,10.833413566739594,0.8632865280001519,110.0,0.0,16836.571350000002,0.0,cost_only
C0106,CPT,EDI,A320,EDI-A320-CPT,1.0,157.68,22,14,111.9999,77.00000962800875,34.99989037199124,30.99989037199124,1.4545439739693231,110.0,1.999899999999997,17660.144232,157.67211599999973,cost_only
C0107,CPT,EDI,A320,EDI-A320-CPT,1.0,140.25,25,15,107.5834,87.50001094091903,20.08338905908097,16.08338905908097,1.229524417689976,110.0,0.0,15088.57185,0.0,cost_only
C0108,CPT,EDI,A320,EDI-A320-CPT,1.0,148.93,25,13,109.1667,87.50001094091903,21.66668905908098,17.66668905908098,1.2476192725702693,110.0,0.0,16258.196631,0.0,cost_only
C0109,CPT,EDI,A320,EDI-A320-CPT,1.0,189.46,31,0,0.0,108.5000135667396,-108.5000135667396,104.5000135667396,0.0,110.0,0.0,0.0,0.0,cost_only
C0110,CPT,EDI,A320,EDI-A320-CPT,0.5,157.74,31,6,50.4166,54.2500067833698,-3.833406783369796,0.0,0.9293381326443462,55.0,0.0,7952.714484000001,0.0,cost_only
C0111,CPT,EDI,A320,EDI-A320-CPT,1.0,159.52,29,11,109.8333,101.50001269146608,8.333287308533912,4.333287308533912,1.0821013425275616,110.0,0.0,17520.608016000002,0.0,cost_only
C0112,CPT,EDI,A320,EDI-A320-CPT,1.0,132.71,31,14,107.4168,108.5000135667396,-1.0832135667396017,0.0,0.9900164660710083,110.0,0.0,14255.283528,0.0,cost_only
C0113,CPT,EDI,A320,EDI-A320-CPT,1.0,159.12,19,13,109.6668,66.50000831509847,43.166791684901526,39.166791684901526,1.6491246058250604,110.0,0.0,17450.181216,0.0,cost_only
C0114,FO,EDI,A320,EDI-A320-FO,0.5,84.78,31,8,53.3333,55.77559752530933,-2.4422975253093284,0.0,0.9562120777961888,55.0,0.0,4521.597174,0.0,cost_only
C0115,FO,EDI,A320,EDI-A320-FO,1.0,68.14,31,15,109.4167,111.55119505061866,-2.134495050618668,0.0,0.9808653322839788,110.0,0.0,7455.653937999999,0.0,cost_only
C0116,FO,EDI,A320,EDI-A320-FO,1.0,85.56,28,13,105.4999,100.7559181102362,4.743981889763788,0.7439818897637878,1.0470839031467456,110.0,0.0,9026.571444,0.0,cost_only
C0117,FO,EDI,A320,EDI-A320-FO,1.0,81.57,29,13,108.7501,104.35434375703036,4.39575624296964,0.3957562429696395,1.0421233662606737,110.0,0.0,8870.745657,0.0,cost_only
C0118,FO,EDI,A320,EDI-A320-FO,1.0,91.66,31,7,65.41669999999999,111.55119505061866,-46.13449505061867,42.13449505061867,0.5864276036694704,110.0,0.0,5996.094721999999,0.0,cost_only
C0119,FO,EDI,A320,EDI-A320-FO,0.75,65.57,31,10,80.6668,83.66339628796399,-2.996596287963996,0.0,0.9641827080788126,82.5,0.0,5289.322076,0.0,cost_only
C0120,FO,EDI,A320,EDI-A320-FO,1.0,71.54,25,13,109.8334,89.96064116985376,19.87275883014624,15.87275883014624,1.2209050377111552,110.0,0.0,7857.481436000001,0.0,cost_only
C0121,FO,EDI,A320,EDI-A320-FO,0.5,71.07,31,7,55.9999,55.77559752530933,0.224302474690667,0.0,1.0040215163018,55.0,0.9998999999999968,3979.9128929999993,35.53144649999988,cost_only
C0122,FO,EDI,A320,EDI-A320-FO,1.0,86.16,24,12,110.8333,86.3622155230596,24.47108447694039,20.47108447694039,1.2833540609018577,110.0,0.8332999999999942,9549.397128,35.898563999999745,cost_only
C0123,CPT,EDI,B737,EDI-B737-CPT,1.0,180.22,21,14,110.4167,98.25005,12.166650000000018,8.166650000000018,1.1238335247666542,110.0,0.4167000000000058,19899.297674,37.548837000000525,cost_only
C0124,CPT,EDI,B737,EDI-B737-CPT,1.0,189.13,0,0,0.0,0.0,0.0,0.0,,110.0,0.0,0.0,0.0,cost_only
C0125,CPT,EDI,B737,EDI-B737-CPT,1.0,126.03,21,17,150.3333,98.25005,52.08325000000002,48.08325000000002,1.5301091449826236,110.0,40.33330000000001,18946.505799,2541.6028995000006,cost_only
C0126,CPT,EDI,B737,EDI-B737-CPT,0.5,185.18,18,7,53.6666,42.10716428571428,11.55943571428572,7.559435714285719,1.2745242029563006,55.0,0.0,9937.980988,0.0,cost_only
C0127,CPT,EDI,B737,EDI-B737-CPT,1.0,188.57,31,14,108.9168,145.0357880952381,-36.11898809523811,32.11898809523811,0.7509649958152363,110.0,0.0,20538.440976,0.0,cost_only
C0128,CPT,EDI,B737,EDI-B737-CPT,1.0,139.54,31,19,146.9168,145.0357880952381,1.8810119047618912,0.0,1.012969294885527,110.0,36.9168,20500.770272,2575.685136,cost_only
C0129,CPT,EDI,B737,EDI-B737-CPT,1.0,154.72,25,14,109.0835,116.96434523809523,-7.880845238095247,3.880845238095248,0.932621815459636,110.0,0.0,16877.39912,0.0,cost_only
C0130,CPT,EDI,B737,EDI-B737-CPT,1.0,183.67,30,13,106.6667,140.3572142857143,-33.690514285714286,29.690514285714286,0.7599659236814638,110.0,0.0,19591.472789,0.0,cost_only
C0131,FO,EDI,B737,EDI-B737-FO,1.0,91.26,30,0,0.0,100.34047659574468,-100.34047659574468,96.34047659574468,0.0,110.0,0.0,0.0,0.0,cost_only
C0132,FO,EDI,B737,EDI-B737-FO,1.0,66.78,31,15,107.5001,103.68515914893617,3.814940851063838,0.0,1.0367935091422675,110.0,0.0,7178.856678,0.0,cost_only
C0133,FO,EDI,B737,EDI-B737-FO,1.0,87.44,31,13,109.75,103.68515914893617,6.064840851063835,2.0648408510638347,1.0584928537588696,110.0,0.0,9596.54,0.0,cost_only
C0134,FO,EDI,B737,EDI-B737-FO,1.0,67.72,30,13,109.8334,100.34047659574468,9.492923404255322,5.492923404255322,1.0946071189446385,110.0,0.0,7437.917848,0.0,cost_only
C0135,FO,EDI,B737,EDI-B737-FO,1.0,74.96,30,13,110.25,100.34047659574468,9.909523404255324,5.909523404255324,1.098758982819856,110.0,0.25,8264.34,9.37,cost_only
C0136,FO,EDI,B737,EDI-B737-FO,1.0,82.26,24,14,109.8333,80.27238127659575,29.56091872340424,25.56091872340424,1.3682576529223138,110.0,0.0,9034.887258,0.0,cost_only
C0137,FO,EDI,B737,EDI-B737-FO,1.0,72.46,28,14,110.25,93.65111148936172,16.59888851063829,12.59888851063829,1.1772417673069886,110.0,0.25,7988.714999999999,9.0575,cost_only
C0138,FO,EDI,B737,EDI-B737-FO,1.0,60.3,31,16,128.5836,103.68515914893617,24.898440851063825,20.898440851063825,1.240135049754797,110.0,18.58359999999999,7753.591079999999,560.2955399999996,cost_only
C0001,CPT,MAN,A320,MAN-A320-CPT,1.0,183.17,21,10,79.08330000000001,79.01847911275416,0.064820887245844,0.0,1.0008203256753825,110.0,0.0,14485.688061,0.0,fairness_weight_5
C0002,CPT,MAN,A320,MAN-A320-CPT,1.0,130.86,29,14,117.7501,109.12075686999384,8.629343130006163,4.629343130006163,1.0790806751852642,110.0,7.750100000000003,15408.778086000002,507.0890430000003,fairness_weight_5
C0003,CPT,MAN,A320,MAN-A320-CPT,1.0,132.32,31,14,113.4168,116.64632630930376,-3.2295263093037647,0.0,0.9723135188952268,110.0,3.416799999999995,15007.310976,226.05548799999968,fairness_weight_5
C0004,CPT,MAN,A320,MAN-A320-CPT,1.0,176.86,24,12,88.9999,90.30683327171904,-1.3069332717190465,0.0,0.985527858475707,110.0,0.0,15740.522314,0.0,fairness_weight_5
C0005,CPT,MAN,A320,MAN-A320-CPT,1.0,159.21,31,14,113.2499,116.64632630930376,-3.396426309303763,0.0,0.9708826980088712,110.0,3.2498999999999967,18030.516579,258.7082894999997,fairness_weight_5
C0007,CPT,MAN,A320,MAN-A320-CPT,1.0,180.77,31,14,108.3334,116.64632630930376,-8.312926309303762,4.312926309303762,0.9287339209701222,110.0,0.0,19583.428718,0.0,fairness_weight_5
C0008,CPT,MAN,A320,MAN-A320-CPT,1.0,139.53,20,13,109.4166,75.2556943930992,34.1609056069008,30.1609056069008,1.4539311726825723,110.0,0.0,15266.898198,0.0,fairness_weight_5
C0010,CPT,MAN,A320,MAN-A320-CPT,1.0,131.11,29,14,113.6666,109.12075686999384,4.545843130006162,0.5458431300061619,1.0416588306422954,110.0,3.6666000000000025,14902.827926000002,240.36396300000015,fairness_weight_5
C0011,CPT,MAN,A320,MAN-A320-CPT,1.0,129.68,31,14,108.7501,116.64632630930376,-7.896226309303756,3.896226309303757,0.9323062580782372,110.0,0.0,14102.712968000002,0.0,fairness_weight_5
C0012,CPT,MAN,A320,MAN-A320-CPT,1.0,172.54,31,13,104.0,116.64632630930376,-12.64632630930376,8.64632630930376,0.8915840154642308,110.0,0.0,17944.16,0.0,fairness_weight_5
C0013,CPT,MAN,A320,MAN-A320-CPT,1.0,185.4,29,11,92.5832,109.12075686999384,-16.537556869993836,12.537556869993836,0.8484471942428274,110.0,0.0,17164.925280000003,0.0,fairness_weight_5
C0014,CPT,MAN,A320,MAN-A320-CPT,1.0,154.27,31,14,109.9999,116.64632630930376,-6.646426309303763,2.646426309303763,0.943020697525614,110.0,0.0,16969.684573000002,0.0,fairness_weight_5
C0015,CPT,MAN,A320,MAN-A320-CPT,1.0,158.07,31,14,108.4166,116.64632630930376,-8.229726309303757,4.229726309303757,0.9294471881824936,110.0,0.0,17137.411962,0.0,fairness_weight_5
C0016,CPT,MAN,A320,MAN-A320-CPT,0.75,173.03,30,9,76.16669999999999,84.66265619223661,-8.49595619223662,4.495956192236619,0.8996493073292486,82.5,0.0,13179.124101,0.0,fairness_weight_5
C0017,CPT,MAN,A320,MAN-A320-CPT,1.0,175.12,0,0,0.0,0.0,0.0,0.0,,110.0,0.0,0.0,0.0,fairness_weight_5
C0018,CPT,MAN,A320,MAN-A320-CPT,0.75,148.09,19,10,82.9168,53.619682255083184,29.29711774491681,25.29711774491681,1.5463873807670585,82.5,0.4167999999999949,12279.148912,30.861955999999623,fairness_weight_5
C0019,FO,MAN,A320,MAN-A320-FO,1.0,83.05,29,10,83.8333,90.22057483443707,-6.387274834437093,2.3872748344370933,0.929203789200431,110.0,0.0,6962.355564999999,0.0,fairness_weight_5
C0020,FO,MAN,A320,MAN-A320-FO,1.0,81.61,31,12,98.6667,96.4426834437086,2.224016556291403,0.0,1.0230605005675677,110.0,0.0,8052.189387,0.0,fairness_weight_5
C0021,FO,MAN,A320,MAN-A320-FO,1.0,87.24,31,10,78.3334,96.4426834437086,-18.109283443708605,14.109283443708604,0.8122275034551628,110.0,0.0,6833.805815999999,0.0,fairness_weight_5
C0022,FO,MAN,A320,MAN-A320-FO,0.75,58.81,30,10,82.5,69.99872185430463,12.501278145695366,8.501278145695366,1.1785929487643436,82.5,0.0,4851.825,0.0,fairness_weight_5
C0023,FO,MAN,A320,MAN-A320-FO,1.0,80.61,23,10,76.4999,71.55424900662251,4.945650993377484,0.945650993377484,1.069117502622657,110.0,0.0,6166.656939,0.0,fairness_weight_5
C0024,FO,MAN,A320,MAN-A320-FO,1.0,59.32,31,13,108.4166,96.4426834437086,11.9739165562914,7.9739165562914,1.12415577966866,110.0,0.0,6431.272712,0.0,fairness_weight_5
C0025,FO,MAN,A320,MAN-A320-FO,1.0,78.68,29,12,98.5833,90.22057483443707,8.362725165562907,4.362725165562907,1.0926919960431338,110.0,0.0,7756.534044,0.0,fairness_weight_5
C0026,FO,MAN,A320,MAN-A320-FO,1.0,85.93,22,8,60.0,68.44319470198676,-8.443194701986755,4.443194701986755,0.8766393833784374,110.0,0.0,5155.8,0.0,fairness_weight_5
C0027,FO,MAN,A320,MAN-A320-FO,1.0,60.31,29,14,109.2499,90.22057483443707,19.02932516556291,15.02932516556291,1.2109200168640406,110.0,0.0,6588.861469,0.0,fairness_weight_5
C0028,FO,MAN,A320,MAN-A320-FO,1.0,76.92,31,13,104.4166,96.4426834437086,7.9739165562914,3.9739165562914,1.082680367981938,110.0,0.0,8031.724872000001,0.0,fairness_weight_5
C0029,FO,MAN,A320,MAN-A320-FO,1.0,90.06,31,9,75.9168,96.4426834437086,-20.525883443708608,16.525883443708608,0.7871701334846298,110.0,0.0,6837.067008,0.0,fairness_weight_5
C0030,FO,MAN,A320,MAN-A320-FO,0.75,66.56,11,6,47.25,25.666198013245037,21.583801986754967,17.583801986754967,1.8409427050947185,82.5,0.0,3144.96,0.0,fairness_weight_5
C0031,FO,MAN,A320,MAN-A320-FO,1.0,88.63,31,10,77.7499,96.4426834437086,-18.692783443708606,14.692783443708606,0.8061772777753622,110.0,0.0,6890.973636999999,0.0,fairness_weight_5
C0032,FO,MAN,A320,MAN-A320-FO,1.0,87.15,26,9,79.5,80.8874119205298,-1.3874119205298,0.0,0.9828476163646712,110.0,0.0,6928.425,0.0,fairness_weight_5
C0033,FO,MAN,A320,MAN-A320-FO,1.0,84.72,31,12,95.5,96.4426834437086,-0.9426834437086028,0.0,0.9902254540204822,110.0,0.0,8090.76,0.0,fairness_weight_5
C0034,FO,MAN,A320,MAN-A320-FO,1.0,84.86,25,8,62.3336,77.77635761589403,-15.442757615894024,11.442757615894024,0.8014466337937866,110.0,0.0,5289.629296,0.0,fairness_weight_5
C0035,FO,MAN,A320,MAN-A320-FO,1.0,82.49,29,11,81.8333,90.22057483443707,-8.387274834437093,4.387274834437093,0.9070358967471832,110.0,0.0,6750.428916999999,0.0,fairness_weight_5
C0036,FO,MAN,A320,MAN-A320-FO,1.0,76.26,31,13,106.1666,96.4426834437086,9.7239165562914,5.7239165562914,1.1008258605948789,110.0,0.0,8096.264916000001,0.0,fairness_weight_5
C0037,CPT,MAN,B737,MAN-B737-CPT,1.0,168.5,29,15,109.2498,94.1389083993661,15.110891600633906,11.110891600633906,1.160516962195152,110.0,0.0,18408.5913,0.0,fairness_weight_5
C0038,CPT,MAN,B737,MAN-B737-CPT,1.0,135.14,31,13,104.75,100.6312469096672,4.1187530903328025,0.1187530903328024,1.0409291668027332,110.0,0.0,14155.915,0.0,fairness_weight_5
C0039,CPT,MAN,B737,MAN-B737-CPT,1.0,184.92,31,9,64.4165,100.6312469096672,-36.2147469096672,32.2147469096672,0.6401242355450908,110.0,0.0,11911.89918,0.0,fairness_weight_5
C0040,CPT,MAN,B737,MAN-B737-CPT,1.0,142.65,31,13,109.6664,100.6312469096672,9.035153090332798,5.035153090332798,1.0897847673341792,110.0,0.0,15643.91196,0.0,fairness_weight_5
C0041,CPT,MAN,B737,MAN-B737-CPT,0.75,171.44,30,10,77.2501,73.03880824088749,4.2112917591125125,0.2112917591125125,1.0576582759294668,82.5,0.0,13243.757144,0.0,fairness_weight_5
C0042,CPT,MAN,B737,MAN-B737-CPT,0.75,171.95,31,11,79.0001,75.4734351822504,3.526664817749605,0.0,1.0467272333534778,82.5,0.0,13584.067195,0.0,fairness_weight_5
C0043,CPT,MAN,B737,MAN-B737-CPT,0.5,161.43,21,6,51.1667,34.08477717908083,17.081922820919168,13.081922820919168,1.50115987941394,55.0,0.0,8259.840381,0.0,fairness_weight_5
C0044,CPT,MAN,B737,MAN-B737-CPT,1.0,178.77,31,10,70.0834,100.6312469096672,-30.5478469096672,26.5478469096672,0.6964377581737725,110.0,0.0,12528.809418,0.0,fairness_weight_5
C0045,CPT,MAN,B737,MAN-B737-CPT,1.0,171.75,30,12,99.7499,97.38507765451664,2.364822345483347,0.0,1.0242832105538058,110.0,0.0,17132.045325,0.0,fairness_weight_5
C0046,CPT,MAN,B737,MAN-B737-CPT,1.0,130.75,23,12,112.4168,74.66189286846276,37.75490713153724,33.75490713153724,1.5056784081010748,110.0,2.416799999999995,14698.4966,157.99829999999966,fairness_weight_5
C0047,CPT,MAN,B737,MAN-B737-CPT,0.75,165.92,31,9,82.1667,75.4734351822504,6.693264817749608,2.693264817749608,1.0886837176761197,82.5,0.0,13633.098864,0.0,fairness_weight_5
C0048,CPT,MAN,B737,MAN-B737-CPT,1.0,180.04,30,8,64.25,97.38507765451664,-33.13507765451665,29.13507765451665,0.6597520025391707,110.0,0.0,11567.57,0.0,fairness_weight_5
C0049,FO,MAN,B737,MAN-B737-FO,1.0,75.34,29,14,105.1665,98.67383920265782,6.492660797342182,2.4926607973421824,1.0657992113188934,110.0,0.0,7923.244110000001,0.0,fairness_weight_5
C0050,FO,MAN,B737,MAN-B737-FO,0.5,85.52,29,7,53.0,49.33691960132891,3.663080398671092,0.0,1.0742462324010278,55.0,0.0,4532.56,0.0,fairness_weight_5
C0051,FO,MAN,B737,MAN-B737-FO,1.0,61.23,25,13,109.7501,85.06365448504985,24.68644551495015,20.68644551495015,1.2902114382975265,110.0,0.0,6719.998623,0.0,fairness_weight_5
C0052,FO,MAN,B737,MAN-B737-FO,1.0,90.14,24,8,58.3333,81.66110830564784,-23.32780830564784,19.32780830564784,0.7143339248062294,110.0,0.0,5258.163662,0.0,fairness_weight_5
C0053,FO,MAN,B737,MAN-B737-FO,0.75,90.37,19,3,21.3333,48.48628305647841,-27.15298305647841,23.15298305647841,0.4399862941679871,82.5,0.0,1927.8903210000003,0.0,fairness_weight_5
C0054,FO,MAN,B737,MAN-B737-FO,1.0,91.09,29,10,72.8332,98.67383920265782,-25.84063920265781,21.84063920265781,0.7381206669217976,110.0,0.0,6634.376188000001,0.0,fairness_weight_5
C0055,FO,MAN,B737,MAN-B737-FO,0.75,85.3,31,10,73.4166,79.10919867109635,-5.6925986710963485,1.6925986710963483,0.9280412547880325,82.5,0.0,6262.43598,0.0,fairness_weight_5
C0056,FO,MAN,B737,MAN-B737-FO,1.0,76.45,27,13,103.9167,91.86874684385384,12.047953156146164,8.047953156146164,1.131143109817571,110.0,0.0,7944.431715,0.0,fairness_weight_5
C0057,FO,MAN,B737,MAN-B737-FO,1.0,82.86,31,13,104.6665,105.4789315614618,-0.8124315614617927,0.0,0.9922976887475544,110.0,0.0,8672.66619,0.0,fairness_weight_5
C0058,FO,MAN,B737,MAN-B737-FO,1.0,57.05,31,13,109.4169,105.4789315614618,3.9379684385382063,0.0,1.0373341707224593,110.0,0.0,6242.234144999999,0.0,fairness_weight_5
C0059,FO,MAN,B737,MAN-B737-FO,1.0,54.44,31,11,110.4166,105.4789315614618,4.937668438538211,0.9376684385382106,1.046811892815401,110.0,0.4166000000000025,6011.079704,11.339852000000068,fairness_weight_5
C0060,FO,MAN,B737,MAN-B737-FO,1.0,66.7,22,13,101.9167,74.85601594684385,27.060684053156137,23.060684053156137,1.3615031298536149,110.0,0.0,6797.84389,0.0,fairness_weight_5
C0061,CPT,BHX,A320,BHX-A320-CPT,0.75,153.75,31,11,80.2501,73.4092414187643,6.8408585812357074,2.8408585812357074,1.0931879753696392,82.5,0.0,12338.452875,0.0,fairness_weight_5
C0062,CPT,BHX,A320,BHX-A320-CPT,1.0,174.77,31,8,55.0835,97.8789885583524,-42.79548855835239,38.79548855835239,0.5627714467764544,110.0,0.0,9626.943295,0.0,fairness_weight_5
C0063,CPT,BHX,A320,BHX-A320-CPT,1.0,138.87,31,13,109.25,97.8789885583524,11.37101144164761,7.37101144164761,1.1161741821112972,110.0,0.0,15171.5475,0.0,fairness_weight_5
C0064,CPT,BHX,A320,BHX-A320-CPT,1.0,190.87,31,8,55.9167,97.8789885583524,-41.96228855835239,37.96228855835239,0.5712839989827256,110.0,0.0,10672.820529,0.0,fairness_weight_5
C0065,CPT,BHX,A320,BHX-A320-CPT,1.0,181.16,31,8,59.1667,97.8789885583524,-38.71228855835239,34.71228855835239,0.6044882652697894,110.0,0.0,10718.639372,0.0,fairness_weight_5
C0066,CPT,BHX,A320,BHX-A320-CPT,0.5,147.01,11,6,48.1667,17.365627002288328,30.80107299771167,26.80107299771167,2.773680443191191,55.0,0.0,7080.986566999999,0.0,fairness_weight_5
C0067,CPT,BHX,A320,BHX-A320-CPT,1.0,161.67,23,13,103.75,72.6198947368421,31.1301052631579,27.1301052631579,1.428671858806272,110.0,0.0,16773.262499999997,0.0,fairness_weight_5
C0068,CPT,BHX,A320,BHX-A320-CPT,1.0,171.05,31,13,99.3332,97.8789885583524,1.4542114416476153,0.0,1.014857238137281,110.0,0.0,16990.943860000003,0.0,fairness_weight_5
C0069,CPT,BHX,A320,BHX-A320-CPT,1.0,141.67,31,12,103.5,97.8789885583524,5.62101144164761,1.6210114416476102,1.0574281725264922,110.0,0.0,14662.845,0.0,fairness_weight_5
C0070,CPT,BHX,A320,BHX-A320-CPT,1.0,168.68,31,13,103.0832,97.8789885583524,5.204211441647615,1.2042114416476153,1.0531698530838929,110.0,0.0,17388.074176000002,0.0,fairness_weight_5
C0071,CPT,BHX,A320,BHX-A320-CPT,1.0,125.39,28,12,112.1667,88.40682837528604,23.759871624713952,19.759871624713952,1.2687560685228243,110.0,2.166699999999992,14064.582513,135.84125649999947,fairness_weight_5
C0072,CPT,BHX,A320,BHX-A320-CPT,1.0,154.19,31,12,105.1667,97.8789885583524,7.287711441647616,3.287711441647616,1.0744563419482305,110.0,0.0,16215.653473,0.0,fairness_weight_5
C0073,FO,BHX,A320,BHX-A320-FO,1.0,82.5,29,13,96.5833,97.19893603238866,-0.6156360323886645,0.0,0.9936662266325268,110.0,0.0,7968.122249999999,0.0,fairness_weight_5
C0074,FO,BHX,A320,BHX-A320-FO,0.75,77.97,22,8,59.0,55.30284291497976,3.697157085020244,0.0,1.0668529299787373,82.5,0.0,4600.23,0.0,fairness_weight_5
C0075,FO,BHX,A320,BHX-A320-FO,0.75,66.55,23,7,60.0834,57.81660850202429,2.26679149797571,0.0,1.03920658019739,82.5,0.0,3998.55027,0.0,fairness_weight_5
C0076,FO,BHX,A320,BHX-A320-FO,1.0,79.19,31,13,99.5834,103.90231093117409,-4.318910931174088,0.3189109311740878,0.9584329656148364,110.0,0.0,7886.009446,0.0,fairness_weight_5
C0077,FO,BHX,A320,BHX-A320-FO,1.0,79.06,29,13,98.8333,97.19893603238866,1.6343639676113355,0.0,1.0168146281669868,110.0,0.0,7813.760698,0.0,fairness_weight_5
C0078,FO,BHX,A320,BHX-A320-FO,1.0,58.75,31,12,106.5834,103.90231093117409,2.681089068825912,0.0,1.025803940690038,110.0,0.0,6261.77475,0.0,fairness_weight_5
C0079,FO,BHX,A320,BHX-A320-FO,1.0,91.62,31,13,99.4168,103.90231093117409,-4.48551093117409,0.4855109311740904,0.9568295364080464,110.0,0.0,9108.567216,0.0,fairness_weight_5
C0080,FO,BHX,A320,BHX-A320-FO,1.0,74.37,27,10,87.9166,90.49556113360325,-2.578961133603229,0.0,0.9715017941068316,110.0,0.0,6538.357542000001,0.0,fairness_weight_5
C0081,FO,BHX,A320,BHX-A320-FO,1.0,79.13,31,13,100.9999,103.90231093117409,-2.9024109311740887,0.0,0.972065963642554,110.0,0.0,7992.122086999999,0.0,fairness_weight_5
C0082,FO,BHX,A320,BHX-A320-FO,1.0,69.41,4,2,16.8334,13.40674979757085,3.426650202429151,0.0,1.255591418812785,110.0,0.0,1168.406294,0.0,fairness_weight_5
C0083,FO,BHX,A320,BHX-A320-FO,1.0,75.54,31,13,103.0833,103.90231093117409,-0.8190109311740912,0.0,0.992117490709936,110.0,0.0,7786.912482000001,0.0,fairness_weight_5
C0084,FO,BHX,A320,BHX-A320-FO,1.0,66.42,31,12,105.9167,103.90231093117409,2.0143890688259063,0.0,1.0193873365353756,110.0,0.0,7034.987214,0.0,fairness_weight_5
C0085,CPT,BHX,E190,BHX-E190-CPT,1.0,169.58,31,11,95.2499,88.47469482758622,6.775205172413777,2.775205172413777,1.0765778868818576,110.0,0.0,16152.478042,0.0,fairness_weight_5
C0086,CPT,BHX,E190,BHX-E190-CPT,1.0,189.89,19,1,8.4167,54.226425862068965,-45.809725862068966,41.809725862068966,0.1552139914478012,110.0,0.0,1598.247163,0.0,fairness_weight_5
C0087,CPT,BHX,E190,BHX-E190-CPT,1.0,137.79,25,13,110.6667,71.3505603448276,39.31613965517241,35.31613965517241,1.551027762993911,110.0,0.6667000000000058,15248.764593,45.9322965000004,fairness_weight_5
C0088,CPT,BHX,E190,BHX-E190-CPT,1.0,165.31,31,12,102.6665,88.47469482758622,14.19180517241378,10.19180517241378,1.1604052458171217,110.0,0.0,16971.799115,0.0,fairness_weight_5
C0089,CPT,BHX,E190,BHX-E190-CPT,1.0,192.27,31,5,42.1665,88.47469482758622,-46.30819482758622,42.30819482758622,0.4765939015915382,110.0,0.0,8107.352955,0.0,fairness_weight_5
C0090,CPT,BHX,E190,BHX-E190-CPT,1.0,131.7,31,13,111.25,88.47469482758622,22.77530517241378,18.77530517241378,1.257421686695804,110.0,1.25,14651.624999999998,82.3125,fairness_weight_5
C0091,CPT,BHX,E190,BHX-E190-CPT,1.0,169.65,31,11,93.4167,88.47469482758622,4.942005172413786,0.9420051724137865,1.0558578380184802,110.0,0.0,15848.143155000002,0.0,fairness_weight_5
C0092,CPT,BHX,E190,BHX-E190-CPT,1.0,155.28,31,13,110.5834,88.47469482758622,22.108705172413774,18.108705172413774,1.2498873289757912,110.0,0.5833999999999975,17171.390352,45.295175999999806,fairness_weight_5
C0093,CPT,BHX,E190,BHX-E190-CPT,1.0,125.29,29,13,111.5834,82.76665,28.81675,24.81675,1.3481686162240467,110.0,1.5833999999999977,13980.284186,99.19209299999984,fairness_weight_5
C0094,CPT,BHX,E190,BHX-E190-CPT,1.0,179.44,31,5,41.6667,88.47469482758622,-46.80799482758622,42.80799482758622,0.4709448287015556,110.0,0.0,7476.672648,0.0,fairness_weight_5
C0095,FO,BHX,E190,BHX-E190-FO,1.0,88.89,31,8,70.0835,86.68128885135135,-16.597788851351353,12.597788851351352,0.8085193578534038,110.0,0.0,6229.722315,0.0,fairness_weight_5
C0096,FO,BHX,E190,BHX-E190-FO,1.0,58.48,31,13,109.3334,86.68128885135135,22.652111148648643,18.652111148648643,1.2613264229088064,110.0,0.0,6393.817231999999,0.0,fairness_weight_5
C0097,FO,BHX,E190,BHX-E190-FO,1.0,92.0,31,7,60.0833,86.68128885135135,-26.597988851351356,22.597988851351356,0.6931518992874701,110.0,0.0,5527.6636,0.0,fairness_weight_5
C0098,FO,BHX,E190,BHX-E190-FO,1.0,79.44,31,10,86.0833,86.68128885135135,-0.59798885135136,0.0,0.9931012925710316,110.0,0.0,6838.457351999999,0.0,fairness_weight_5
C0099,FO,BHX,E190,BHX-E190-FO,1.0,84.09,31,10,84.6665,86.68128885135135,-2.014788851351355,0.0,0.976756357940103,110.0,0.0,7119.605985,0.0,fairness_weight_5
C0100,FO,BHX,E190,BHX-E190-FO,1.0,65.14,31,13,110.75,86.68128885135135,24.06871114864865,20.06871114864865,1.2776690502367098,110.0,0.75,7214.255,24.4275,fairness_weight_5
C0101,FO,BHX,E190,BHX-E190-FO,1.0,85.08,31,10,83.083,86.68128885135135,-3.598288851351356,0.0,0.9584882862376214,110.0,0.0,7068.701639999999,0.0,fairness_weight_5
C0102,FO,BHX,E190,BHX-E190-FO,1.0,60.77,24,11,96.0001,67.10809459459459,28.892005405405413,24.892005405405413,1.4305293657932676,110.0,0.0,5833.926077,0.0,fairness_weight_5
C0103,FO,BHX,E190,BHX-E190-FO,1.0,91.64,24,5,42.25,67.10809459459459,-24.85809459459459,20.85809459459459,0.6295812786108093,110.0,0.0,3871.79,0.0,fairness_weight_5
C0104,FO,BHX,E190,BHX-E190-FO,1.0,84.78,31,10,85.3334,86.68128885135135,-1.3478888513513567,0.0,0.9844500598778264,110.0,0.0,7234.565652,0.0,fairness_weight_5
C0105,CPT,EDI,A320,EDI-A320-CPT,1.0,179.75,31,7,52.5,108.5000135667396,-56.0000135667396,52.0000135667396,0.483870907239165,110.0,0.0,9436.875,0.0,fairness_weight_5
C0106,CPT,EDI,A320,EDI-A320-CPT,1.0,157.68,22,14,107.9167,77.00000962800875,30.91669037199125,26.91669037199125,1.4015154091713946,110.0,0.0,17016.305256000003,0.0,fairness_weight_5
C0107,CPT,EDI,A320,EDI-A320-CPT,1.0,140.25,25,13,109.6667,87.50001094091903,22.16668905908098,18.16668905908098,1.2533335575700462,110.0,0.0,15380.754675,0.0,fairness_weight_5
C0108,CPT,EDI,A320,EDI-A320-CPT,1.0,148.93,25,13,106.2499,87.50001094091903,18.74988905908097,14.74988905908097,1.214284419595571,110.0,0.0,15823.797607,0.0,fairness_weight_5
C0109,CPT,EDI,A320,EDI-A320-CPT,1.0,189.46,31,7,51.6666,108.5000135667396,-56.8334135667396,52.8334135667396,0.4761898022088199,110.0,0.0,9788.754036,0.0,fairness_weight_5
C0110,CPT,EDI,A320,EDI-A320-CPT,0.5,157.74,31,6,46.9167,54.2500067833698,-7.3333067833698,3.3333067833698,0.864823854996866,55.0,0.0,7400.640258,0.0,fairness_weight_5
C0111,CPT,EDI,A320,EDI-A320-CPT,1.0,159.52,29,14,106.6667,101.50001269146608,5.166687308533923,1.166687308533923,1.0509033168718838,110.0,0.0,17015.471984000003,0.0,fairness_weight_5
C0112,CPT,EDI,A320,EDI-A320-CPT,1.0,132.71,31,11,110.6666,108.5000135667396,2.166586433260406,0.0,1.0199685360585482,110.0,0.6666000000000025,14686.564486,44.23224300000017,fairness_weight_5
C0113,CPT,EDI,A320,EDI-A320-CPT,1.0,159.12,19,13,107.5002,66.50000831509847,41.00019168490154,37.00019168490154,1.6165441587710698,110.0,0.0,17105.431824000003,0.0,fairness_weight_5
C0114,FO,EDI,A320,EDI-A320-FO,0.5,84.78,31,7,51.8333,55.77559752530933,-3.942297525309328,0.0,0.9293185962997452,55.0,0.0,4394.427174,0.0,fairness_weight_5
C0115,FO,EDI,A320,EDI-A320-FO,1.0,68.14,31,13,110.1667,111.55119505061866,-1.3844950506186535,0.0,0.9875887026580896,110.0,0.1667000000000058,7506.758938000001,5.679469000000199,fairness_weight_5
C0116,FO,EDI,A320,EDI-A320-FO,1.0,85.56,28,13,101.6667,100.7559181102362,0.9107818897637828,0.0,1.0090394877724929,110.0,0.0,8698.602852,0.0,fairness_weight_5
C0117,FO,EDI,A320,EDI-A320-FO,1.0,81.57,29,14,109.9167,104.35434375703036,5.562356242969642,1.562356242969642,1.0533025846621251,110.0,0.0,8965.905219,0.0,fairness_weight_5
C0118,FO,EDI,A320,EDI-A320-FO,1.0,91.66,31,14,107.8333,111.55119505061866,-3.717895050618665,0.0,0.9666709527501556,110.0,0.0,9884.000278,0.0,fairness_weight_5
C0119,FO,EDI,A320,EDI-A320-FO,0.75,65.57,31,9,86.08330000000001,83.66339628796399,2.4199037120360174,0.0,1.028924282534585,82.5,3.5833000000000084,5644.481981,117.47849050000026,fairness_weight_5
C0120,FO,EDI,A320,EDI-A320-FO,1.0,71.54,25,11,94.5835,89.96064116985376,4.622858830146242,0.6228588301462423,1.0513875709424734,110.0,0.0,6766.50359,0.0,fairness_weight_5
C0121,FO,EDI,A320,EDI-A320-FO,0.5,71.07,31,6,53.8333,55.77559752530933,-1.9422975253093284,0.0,0.9651765716283368,55.0,0.0,3825.932631,0.0,fairness_weight_5
C0122,FO,EDI,A320,EDI-A320-FO,1.0,86.16,24,11,83.83330000000001,86.3622155230596,-2.528915523059595,0.0,0.9707173385056992,110.0,0.0,7223.077128000001,0.0,fairness_weight_5
C0123,CPT,EDI,B737,EDI-B737-CPT,1.0,180.22,21,14,110.4167,98.25005,12.166650000000004,8.166650000000004,1.1238335247666542,110.0,0.4166999999999916,19899.297674,37.548836999999246,fairness_weight_5
C0124,CPT,EDI,B737,EDI-B737-CPT,1.0,189.13,0,0,0.0,0.0,0.0,0.0,,110.0,0.0,0.0,0.0,fairness_weight_5
C0125,CPT,EDI,B737,EDI-B737-CPT,1.0,126.03,21,16,136.0,98.25005,37.74995000000001,33.74995000000001,1.384223214135769,110.0,26.0,17140.08,1638.39,fairness_weight_5
C0126,CPT,EDI,B737,EDI-B737-CPT,0.5,185.18,18,8,57.4999,42.10716428571428,15.392735714285712,11.392735714285712,1.3655609674838165,55.0,2.4998999999999967,10647.831482,231.4657409999997,fairness_weight_5
C0127,CPT,EDI,B737,EDI-B737-CPT,1.0,188.57,31,14,108.8335,145.0357880952381,-36.2022880952381,32.2022880952381,0.7503906548122744,110.0,0.0,20522.733095,0.0,fairness_weight_5
C0128,CPT,EDI,B737,EDI-B737-CPT,1.0,139.54,31,18,149.08350000000002,145.0357880952381,4.047711904761911,0.0477119047619112,1.027908366327516,110.0,39.083500000000015,20803.11159,2726.855795000001,fairness_weight_5
C0129,CPT,EDI,B737,EDI-B737-CPT,1.0,154.72,25,14,113.6667,116.96434523809523,-3.2976452380952423,0.0,0.9718064062053912,110.0,3.666700000000006,17586.511824,283.65591200000046,fairness_weight_5
C0130,CPT,EDI,B737,EDI-B737-CPT,1.0,183.67,30,14,110.5001,140.3572142857143,-29.85711428571429,25.85711428571429,0.7872776655075493,110.0,0.5001000000000033,20295.553367,45.9266835000003,fairness_weight_5
C0131,FO,EDI,B737,EDI-B737-FO,1.0,91.26,30,13,93.8334,100.34047659574468,-6.507076595744678,2.507076595744678,0.9351500330025276,110.0,0.0,8563.236084,0.0,fairness_weight_5
C0132,FO,EDI,B737,EDI-B737-FO,1.0,66.78,31,13,105.6667,103.68515914893617,1.9815408510638264,0.0,1.019111132849953,110.0,0.0,7056.422226,0.0,fairness_weight_5
C0133,FO,EDI,B737,EDI-B737-FO,1.0,87.44,31,13,96.5,103.68515914893617,-7.185159148936165,3.1851591489361653,0.930702144762924,110.0,0.0,8437.96,0.0,fairness_weight_5
C0134,FO,EDI,B737,EDI-B737-FO,1.0,67.72,30,12,108.0834,100.34047659574468,7.742923404255322,3.742923404255322,1.0771665001697202,110.0,0.0,7319.407848,0.0,fairness_weight_5
C0135,FO,EDI,B737,EDI-B737-FO,1.0,74.96,30,12,98.2501,100.34047659574468,-2.0903765957446723,0.0,0.9791671649700604,110.0,0.0,7364.827496,0.0,fairness_weight_5
C0136,FO,EDI,B737,EDI-B737-FO,1.0,82.26,24,10,76.1667,80.27238127659575,-4.105681276595746,0.105681276595746,0.9488531271739812,110.0,0.0,6265.472742000001,0.0,fairness_weight_5
C0137,FO,EDI,B737,EDI-B737-FO,1.0,72.46,28,12,96.5834,93.65111148936172,2.932288510638287,0.0,1.0313107710523155,110.0,0.0,6998.433163999999,0.0,fairness_weight_5
C0138,FO,EDI,B737,EDI-B737-FO,1.0,60.3,31,13,110.9167,103.68515914893617,7.231540851063841,3.2315408510638406,1.0697451873577806,110.0,0.9167000000000058,6688.27701,27.638505000000176,fairness_weight_5
C0001,CPT,MAN,A320,MAN-A320-CPT,1.0,183.17,21,10,82.7499,79.01847911275416,3.731420887245832,0.0,1.04722212992636,110.0,0.0,15157.299183,0.0,fairness_weight_80
C0002,CPT,MAN,A320,MAN-A320-CPT,1.0,130.86,29,14,110.6665,109.12075686999384,1.5457431300061586,0.0,1.0141654362959354,110.0,0.6664999999999992,14481.818190000002,43.609094999999954,fairness_weight_80
C0003,CPT,MAN,A320,MAN-A320-CPT,1.0,132.32,31,15,119.1668,116.64632630930376,2.5204736906962357,0.0,1.021607827442528,110.0,9.166799999999997,15768.150976,606.4754879999996,fairness_weight_80
C0004,CPT,MAN,A320,MAN-A320-CPT,1.0,176.86,24,11,86.5832,90.30683327171904,-3.723633271719038,0.0,0.9587668713782131,110.0,0.0,15313.104752000005,0.0,fairness_weight_80
C0005,CPT,MAN,A320,MAN-A320-CPT,1.0,159.21,31,15,120.5,116.64632630930376,3.85367369069624,0.0,1.0330372486869213,110.0,10.5,19184.805,835.8525000000001,fairness_weight_80
C0007,CPT,MAN,A320,MAN-A320-CPT,1.0,180.77,31,13,113.3334,116.64632630930376,-3.312926309303762,0.0,0.9715985370982102,110.0,3.333399999999997,20487.278718,301.28935899999976,fairness_weight_80
C0008,CPT,MAN,A320,MAN-A320-CPT,1.0,139.53,20,10,77.8333,75.2556943930992,2.5776056069007893,0.0,1.034251303209517,110.0,0.0,10860.080349,0.0,fairness_weight_80
C0010,CPT,MAN,A320,MAN-A320-CPT,1.0,131.11,29,14,112.0835,109.12075686999384,2.96274313000616,0.0,1.027151050038408,110.0,2.083500000000001,14695.267685000004,136.58384250000006,fairness_weight_80
C0011,CPT,MAN,A320,MAN-A320-CPT,1.0,129.68,31,14,113.2499,116.64632630930376,-3.396426309303763,0.0,0.9708826980088712,110.0,3.2498999999999967,14686.247032,210.7235159999998,fairness_weight_80
C0012,CPT,MAN,A320,MAN-A320-CPT,1.0,172.54,31,14,113.2502,116.64632630930376,-3.396126309303753,0.0,0.9708852698858388,110.0,3.250200000000006,19540.189508,280.39475400000055,fairness_weight_80
C0013,CPT,MAN,A320,MAN-A320-CPT,1.0,185.4,29,13,109.9167,109.12075686999384,0.7959431300061652,0.0,1.0072941496451904,110.0,0.0,20378.556180000003,0.0,fairness_weight_80
C0014,CPT,MAN,A320,MAN-A320-CPT,1.0,154.27,31,15,115.6665,116.64632630930376,-0.9798263093037604,0.0,0.9916000242758988,110.0,5.666499999999999,17843.870955000002,437.0854775,fairness_weight_80
C0015,CPT,MAN,A320,MAN-A320-CPT,1.0,158.07,31,15,114.1667,116.64632630930376,-2.479626309303754,0.0,0.9787423540221174,110.0,4.166700000000006,18046.330269,329.31513450000045,fairness_weight_80
C0016,CPT,MAN,A320,MAN-A320-CPT,0.75,173.03,30,10,80.7499,84.66265619223661,-3.912756192236614,0.0,0.9537841550429008,82.5,0.0,13972.155197,0.0,fairness_weight_80
C0017,CPT,MAN,A320,MAN-A320-CPT,1.0,175.12,0,0,0.0,0.0,0.0,0.0,,110.0,0.0,0.0,0.0,fairness_weight_80
C0018,CPT,MAN,A320,MAN-A320-CPT,0.75,148.09,19,7,56.8334,53.619682255083184,3.213717744916813,0.0,1.05993541195616,82.5,0.0,8416.458206,0.0,fairness_weight_80
C0019,FO,MAN,A320,MAN-A320-FO,1.0,83.05,29,11,88.0834,90.22057483443707,-2.13717483443709,0.0,0.9763116690582054,110.0,0.0,7315.32637,0.0,fairness_weight_80
C0020,FO,MAN,A320,MAN-A320-FO,1.0,81.61,31,12,100.5,96.4426834437086,4.057316556291397,0.057316556291397,1.0420697186288843,110.0,0.0,8201.805,0.0,fairness_weight_80
C0021,FO,MAN,A320,MAN-A320-FO,1.0,87.24,31,12,91.9167,96.4426834437086,-4.525983443708611,0.5259834437086113,0.9530707433462248,110.0,0.0,8018.812907999999,0.0,fairness_weight_80
C0022,FO,MAN,A320,MAN-A320-FO,0.75,58.81,30,9,73.5833,69.99872185430463,3.5845781456953603,0.0,1.0512091942643795,82.5,0.0,4327.433873,0.0,fairness_weight_80
C0023,FO,MAN,A320,MAN-A320-FO,1.0,80.61,23,8,70.2499,71.55424900662251,-1.304349006622516,0.0,0.9817711872498056,110.0,0.0,5662.844439,0.0,fairness_weight_80
C0024,FO,MAN,A320,MAN-A320-FO,1.0,59.32,31,13,101.0,96.4426834437086,4.557316556291397,0.5573165562913971,1.0472541450897248,110.0,0.0,5991.32,0.0,fairness_weight_80
C0025,FO,MAN,A320,MAN-A320-FO,1.0,78.68,29,11,93.6667,90.22057483443707,3.4461251655629184,0.0,1.0381966660253148,110.0,0.0,7369.695956000001,0.0,fairness_weight_80
C0026,FO,MAN,A320,MAN-A320-FO,1.0,85.93,22,8,62.5,68.44319470198676,-5.943194701986755,1.943194701986755,0.9131660243525388,110.0,0.0,5370.625,0.0,fairness_weight_80
C0027,FO,MAN,A320,MAN-A320-FO,1.0,60.31,29,11,92.8333,90.22057483443707,2.612725165562921,0.0,1.0289593052400463,110.0,0.0,5598.776323000001,0.0,fairness_weight_80
C0028,FO,MAN,A320,MAN-A320-FO,1.0,76.92,31,11,98.4166,96.4426834437086,1.9739165562914,0.0,1.0204672504518555,110.0,0.0,7570.204872,0.0,fairness_weight_80
C0029,FO,MAN,A320,MAN-A320-FO,1.0,90.06,31,12,95.2499,96.4426834437086,-1.1927834437086062,0.0,0.98763220390477,110.0,0.0,8578.205994,0.0,fairness_weight_80
C0030,FO,MAN,A320,MAN-A320-FO,0.75,66.56,11,3,26.3333,25.666198013245037,0.6671019867549681,0.0,1.0259914610808625,82.5,0.0,1752.744448,0.0,fairness_weight_80
C0031,FO,MAN,A320,MAN-A320-FO,1.0,88.63,31,12,92.75,96.4426834437086,-3.692683443708603,0.0,0.961711108485861,110.0,0.0,8220.432499999999,0.0,fairness_weight_80
C0032,FO,MAN,A320,MAN-A320-FO,1.0,87.15,26,10,82.6667,80.8874119205298,1.7792880794702055,0.0,1.0219970949400423,110.0,0.0,7204.402905000001,0.0,fairness_weight_80
C0033,FO,MAN,A320,MAN-A320-FO,1.0,84.72,31,12,94.1667,96.4426834437086,-2.275983443708597,0.0,0.9764006624200058,110.0,0.0,7977.802824,0.0,fairness_weight_80
C0034,FO,MAN,A320,MAN-A320-FO,1.0,84.86,25,10,73.3333,77.77635761589403,-4.443057615894034,0.443057615894034,0.9428739304322208,110.0,0.0,6223.063837999999,0.0,fairness_weight_80
C0035,FO,MAN,A320,MAN-A320-FO,1.0,82.49,29,12,86.5834,90.22057483443707,-3.63717483443709,0.0,0.9596857497182696,110.0,0.0,7142.264665999999,0.0,fairness_weight_80
C0036,FO,MAN,A320,MAN-A320-FO,1.0,76.26,31,13,102.9167,96.4426834437086,6.474016556291389,2.4740165562913887,1.0671281254847096,110.0,0.0,7848.427541999999,0.0,fairness_weight_80
C0037,CPT,MAN,B737,MAN-B737-CPT,1.0,168.5,29,12,98.5833,94.1389083993661,4.444391600633907,0.4443916006339066,1.047210995710503,110.0,0.0,16611.286050000002,0.0,fairness_weight_80
C0038,CPT,MAN,B737,MAN-B737-CPT,1.0,135.14,31,13,104.7499,100.6312469096672,4.118653090332799,0.1186530903327991,1.040928173075605,110.0,0.0,14155.901486,0.0,fairness_weight_80
C0039,CPT,MAN,B737,MAN-B737-CPT,1.0,184.92,31,13,99.1667,100.6312469096672,-1.464546909667206,0.0,0.9854464000532372,110.0,0.0,18337.906164,0.0,fairness_weight_80
C0040,CPT,MAN,B737,MAN-B737-CPT,1.0,142.65,31,12,100.9168,100.6312469096672,0.2855530903327974,0.0,1.0028376185240866,110.0,0.0,14395.78152,0.0,fairness_weight_80
C0041,CPT,MAN,B737,MAN-B737-CPT,0.75,171.44,30,9,67.9166,73.03880824088749,-5.122208240887488,1.1222082408874885,0.9298700462910888,82.5,0.0,11643.621904,0.0,fairness_weight_80
C0042,CPT,MAN,B737,MAN-B737-CPT,0.75,171.95,31,9,72.08330000000001,75.4734351822504,-3.39013518225039,0.0,0.9550817426811962,82.5,0.0,12394.723435,0.0,fairness_weight_80
C0043,CPT,MAN,B737,MAN-B737-CPT,0.5,161.43,21,5,38.7501,34.08477717908083,4.665322820919165,0.6653228209191653,1.1368740888757358,55.0,0.0,6255.428642999999,0.0,fairness_weight_80
C0044,CPT,MAN,B737,MAN-B737-CPT,1.0,178.77,31,12,98.0833,100.6312469096672,-2.547946909667189,0.0,0.9746803603461816,110.0,0.0,17534.351541000004,0.0,fairness_weight_80
C0045,CPT,MAN,B737,MAN-B737-CPT,1.0,171.75,30,12,92.5834,97.38507765451664,-4.801677654516652,0.8016776545166522,0.9506939074223354,110.0,0.0,15901.19895,0.0,fairness_weight_80
C0046,CPT,MAN,B737,MAN-B737-CPT,1.0,130.75,23,10,77.3332,74.66189286846276,2.6713071315372474,0.0,1.0357787223027346,110.0,0.0,10111.3159,0.0,fairness_weight_80
C0047,CPT,MAN,B737,MAN-B737-CPT,0.75,165.92,31,9,79.2499,75.4734351822504,3.7764648177495994,0.0,1.050037007175178,82.5,0.0,13149.143407999998,0.0,fairness_weight_80
C0048,CPT,MAN,B737,MAN-B737-CPT,1.0,180.04,30,12,94.7499,97.38507765451664,-2.635177654516653,0.0,0.9729406422628196,110.0,0.0,17058.771996,0.0,fairness_weight_80
C0049,FO,MAN,B737,MAN-B737-FO,1.0,75.34,29,12,98.5,98.67383920265782,-0.1738392026578168,0.0,0.9982382442594456,110.0,0.0,7420.990000000001,0.0,fairness_weight_80
C0050,FO,MAN,B737,MAN-B737-FO,0.5,85.52,29,6,46.3333,49.33691960132891,-3.003619601328907,0.0,0.939120244522765,55.0,0.0,3962.423816,0.0,fairness_weight_80
C0051,FO,MAN,B737,MAN-B737-FO,1.0,61.23,25,11,87.5832,85.06365448504985,2.5195455149501527,0.0,1.0296195305762812,110.0,0.0,5362.719336,0.0,fairness_weight_80
C0052,FO,MAN,B737,MAN-B737-FO,1.0,90.14,24,10,80.4999,81.66110830564784,-1.1612083056478468,0.0,0.9857801549630996,110.0,0.0,7256.260985999999,0.0,fairness_weight_80
C0053,FO,MAN,B737,MAN-B737-FO,0.75,90.37,19,6,48.0834,48.48628305647841,-0.4028830564784158,0.0,0.991690782813582,82.5,0.0,4345.296858,0.0,fairness_weight_80
C0054,FO,MAN,B737,MAN-B737-FO,1.0,91.09,29,12,97.7499,98.67383920265782,-0.92393920265782,0.0,0.9906364320054456,110.0,0.0,8904.038391,0.0,fairness_weight_80
C0055,FO,MAN,B737,MAN-B737-FO,0.75,85.3,31,10,79.5,79.10919867109635,0.3908013289036489,0.0,1.004940023859026,82.5,0.0,6781.349999999999,0.0,fairness_weight_80
C0056,FO,MAN,B737,MAN-B737-FO,1.0,76.45,27,12,90.5001,91.86874684385384,-1.3686468438538242,0.0,0.9851021496333234,110.0,0.0,6918.732645000001,0.0,fairness_weight_80
C0057,FO,MAN,B737,MAN-B737-FO,1.0,82.86,31,13,108.0835,105.4789315614618,2.604568438538209,0.0,1.0246927836676136,110.0,0.0,8955.79881,0.0,fairness_weight_80
C0058,FO,MAN,B737,MAN-B737-FO,1.0,57.05,31,14,106.8333,105.4789315614618,1.3543684385382022,0.0,1.0128401797258348,110.0,0.0,6094.839765,0.0,fairness_weight_80
C0059,FO,MAN,B737,MAN-B737-FO,1.0,54.44,31,13,102.9997,105.4789315614618,-2.479231561461788,0.0,0.9764954809006844,110.0,0.0,5607.303668,0.0,fairness_weight_80
C0060,FO,MAN,B737,MAN-B737-FO,1.0,66.7,22,9,77.5001,74.85601594684385,2.644084053156149,0.0,1.0353222652810397,110.0,0.0,5169.256670000001,0.0,fairness_weight_80
C0061,CPT,BHX,A320,BHX-A320-CPT,0.75,153.75,31,11,75.4999,73.4092414187643,2.090658581235701,0.0,1.0284795012294092,82.5,0.0,11608.109625,0.0,fairness_weight_80
C0062,CPT,BHX,A320,BHX-A320-CPT,1.0,174.77,31,13,97.1667,97.8789885583524,-0.7122885583523981,0.0,0.992722763395458,110.0,0.0,16981.824159,0.0,fairness_weight_80
C0063,CPT,BHX,A320,BHX-A320-CPT,1.0,138.87,31,13,99.4167,97.8789885583524,1.537711441647602,0.0,1.0157103323634251,110.0,0.0,13805.997129,0.0,fairness_weight_80
C0064,CPT,BHX,A320,BHX-A320-CPT,1.0,190.87,31,11,95.8333,97.8789885583524,-2.0456885583523814,0.0,0.9790998191901747,110.0,0.0,18291.701971,0.0,fairness_weight_80
C0065,CPT,BHX,A320,BHX-A320-CPT,1.0,181.16,31,12,99.4168,97.8789885583524,1.5378114416476052,0.0,1.015711354033157,110.0,0.0,18010.347488,0.0,fairness_weight_80
C0066,CPT,BHX,A320,BHX-A320-CPT,0.5,147.01,11,3,20.4167,17.365627002288328,3.051072997711671,0.0,1.1756961034179545,55.0,0.0,3001.459067,0.0,fairness_weight_80
C0067,CPT,BHX,A320,BHX-A320-CPT,1.0,161.67,23,9,70.4166,72.6198947368421,-2.2032947368420963,0.0,0.9696599018102914,110.0,0.0,11384.251722,0.0,fairness_weight_80
C0068,CPT,BHX,A320,BHX-A320-CPT,1.0,171.05,31,11,94.1668,97.8789885583524,-3.712188558352395,0.0,0.9620736931079004,110.0,0.0,16107.23114,0.0,fairness_weight_80
C0069,CPT,BHX,A320,BHX-A320-CPT,1.0,141.67,31,12,100.7501,97.8789885583524,2.8711114416476136,0.0,1.0293332765687089,110.0,0.0,14273.266667,0.0,fairness_weight_80
C0070,CPT,BHX,A320,BHX-A320-CPT,1.0,168.68,31,12,94.4167,97.8789885583524,-3.462288558352398,0.0,0.9646268457679424,110.0,0.0,15926.208956,0.0,fairness_weight_80
C0071,CPT,BHX,A320,BHX-A320-CPT,1.0,125.39,28,11,92.3332,88.40682837528604,3.9263716247139655,0.0,1.0444125380004197,110.0,0.0,11577.659948,0.0,fairness_weight_80
C0072,CPT,BHX,A320,BHX-A320-CPT,1.0,154.19,31,11,95.0,97.8789885583524,-2.8789885583523898,0.0,0.9705862453141716,110.0,0.0,14648.05,0.0,fairness_weight_80
C0073,FO,BHX,A320,BHX-A320-FO,1.0,82.5,29,11,93.4165,97.19893603238866,-3.782436032388659,0.0,0.9610856230861592,110.0,0.0,7706.86125,0.0,fairness_weight_80
C0074,FO,BHX,A320,BHX-A320-FO,0.75,77.97,22,7,57.5,55.30284291497976,2.197157085020244,0.0,1.0397295504030066,82.5,0.0,4483.275,0.0,fairness_weight_80
C0075,FO,BHX,A320,BHX-A320-FO,0.75,66.55,23,8,60.3334,57.81660850202429,2.51679149797571,0.0,1.043530597231202,82.5,0.0,4015.18777,0.0,fairness_weight_80
C0076,FO,BHX,A320,BHX-A320-FO,1.0,79.19,31,13,105.8334,103.90231093117409,1.931089068825912,0.0,1.0185856219319809,110.0,0.0,8380.946946,0.0,fairness_weight_80
C0077,FO,BHX,A320,BHX-A320-FO,1.0,79.06,29,12,93.7502,97.19893603238866,-3.448736032388652,0.0,0.9645187882381812,110.0,0.0,7411.890812000001,0.0,fairness_weight_80
C0078,FO,BHX,A320,BHX-A320-FO,1.0,58.75,31,13,105.1667,103.90231093117409,1.2643890688259205,0.0,1.0121690177773184,110.0,0.0,6178.543625,0.0,fairness_weight_80
C0079,FO,BHX,A320,BHX-A320-FO,1.0,91.62,31,13,100.8333,103.90231093117409,-3.069010931174091,0.0,0.970462534435764,110.0,0.0,9238.346946,0.0,fairness_weight_80
C0080,FO,BHX,A320,BHX-A320-FO,1.0,74.37,27,11,86.9167,90.49556113360325,-3.578861133603226,0.0,0.9604526333803316,110.0,0.0,6463.994979000001,0.0,fairness_weight_80
C0081,FO,BHX,A320,BHX-A320-FO,1.0,79.13,31,12,103.0833,103.90231093117409,-0.8190109311740912,0.0,0.992117490709936,110.0,0.0,8156.981528999999,0.0,fairness_weight_80
C0082,FO,BHX,A320,BHX-A320-FO,1.0,69.41,4,2,13.75,13.40674979757085,0.3432502024291501,0.0,1.0256027902073137,110.0,0.0,954.3875,0.0,fairness_weight_80
C0083,FO,BHX,A320,BHX-A320-FO,1.0,75.54,31,13,107.25,103.90231093117409,3.3476890688259147,0.0,1.0322195824021996,110.0,0.0,8101.665000000001,0.0,fairness_weight_80
C0084,FO,BHX,A320,BHX-A320-FO,1.0,66.42,31,14,107.0,103.90231093117409,3.0976890688259147,0.0,1.0298134761495137,110.0,0.0,7106.9400000000005,0.0,fairness_weight_80
C0085,CPT,BHX,E190,BHX-E190-CPT,1.0,169.58,31,10,87.0833,88.47469482758622,-1.3913948275862251,0.0,0.984273527811566,110.0,0.0,14767.586014,0.0,fairness_weight_80
C0086,CPT,BHX,E190,BHX-E190-CPT,1.0,189.89,19,6,50.25000000000001,54.226425862068965,-3.976425862068957,0.0,0.926669962129102,110.0,0.0,9541.9725,0.0,fairness_weight_80
C0087,CPT,BHX,E190,BHX-E190-CPT,1.0,137.79,25,8,69.75,71.3505603448276,-1.6005603448275991,0.0,0.9775676555714166,110.0,0.0,9610.8525,0.0,fairness_weight_80
C0088,CPT,BHX,E190,BHX-E190-CPT,1.0,165.31,31,10,85.9166,88.47469482758622,-2.558094827586217,0.0,0.9710867064015166,110.0,0.0,14202.873146,0.0,fairness_weight_80
C0089,CPT,BHX,E190,BHX-E190-CPT,1.0,192.27,31,11,92.4167,88.47469482758622,3.9420051724137855,0.0,1.0445551711717764,110.0,0.0,17768.958909,0.0,fairness_weight_80
C0090,CPT,BHX,E190,BHX-E190-CPT,1.0,131.7,31,11,92.0833,88.47469482758622,3.608605172413789,0.0,1.0407868620450853,110.0,0.0,12127.37061,0.0,fairness_weight_80
C0091,CPT,BHX,E190,BHX-E190-CPT,1.0,169.65,31,10,86.6667,88.47469482758622,-1.8079948275862137,0.0,0.9795648368032293,110.0,0.0,14703.005655,0.0,fairness_weight_80
C0092,CPT,BHX,E190,BHX-E190-CPT,1.0,155.28,31,11,92.5,88.47469482758622,4.0253051724137805,0.0253051724137804,1.0454966833201067,110.0,0.0,14363.4,0.0,fairness_weight_80
C0093,CPT,BHX,E190,BHX-E190-CPT,1.0,125.29,29,10,85.0,82.76665,2.233350000000001,0.0,1.0269836945194712,110.0,0.0,10649.65,0.0,fairness_weight_80
C0094,CPT,BHX,E190,BHX-E190-CPT,1.0,179.44,31,10,85.9999,88.47469482758622,-2.474794827586223,0.0,0.972028218549847,110.0,0.0,15431.822056,0.0,fairness_weight_80
C0095,FO,BHX,E190,BHX-E190-FO,1.0,88.89,31,10,83.2499,86.68128885135135,-3.431388851351357,0.0,0.9604137306121994,110.0,0.0,7400.083611,0.0,fairness_weight_80
C0096,FO,BHX,E190,BHX-E190-FO,1.0,58.48,31,10,86.9166,86.68128885135135,0.2353111486486483,0.0,1.00271467062577,110.0,0.0,5082.882768,0.0,fairness_weight_80
C0097,FO,BHX,E190,BHX-E190-FO,1.0,92.0,31,10,83.5834,86.68128885135135,-3.0978888513513567,0.0,0.9642611584068174,110.0,0.0,7689.672799999999,0.0,fairness_weight_80
C0098,FO,BHX,E190,BHX-E190-FO,1.0,79.44,31,10,86.2501,86.68128885135135,-0.4311888513513509,0.0,0.9950255832940972,110.0,0.0,6851.707944,0.0,fairness_weight_80
C0099,FO,BHX,E190,BHX-E190-FO,1.0,84.09,31,10,86.0834,86.68128885135135,-0.5978888513513567,0.0,0.9931024462225444,110.0,0.0,7238.753106,0.0,fairness_weight_80
C0100,FO,BHX,E190,BHX-E190-FO,1.0,65.14,31,10,87.0,86.68128885135135,0.3187111486486458,0.0,1.0036768159873026,110.0,0.0,5667.18,0.0,fairness_weight_80
C0101,FO,BHX,E190,BHX-E190-FO,1.0,85.08,31,10,82.9999,86.68128885135135,-3.6813888513513575,0.0,0.9575296018306266,110.0,0.0,7061.631492,0.0,fairness_weight_80
C0102,FO,BHX,E190,BHX-E190-FO,1.0,60.77,24,8,71.0834,67.10809459459459,3.975305405405408,0.0,1.0592373457989015,110.0,0.0,4319.738218,0.0,fairness_weight_80
C0103,FO,BHX,E190,BHX-E190-FO,1.0,91.64,24,8,69.7499,67.10809459459459,2.6418054054054068,0.0,1.0393664195260612,110.0,0.0,6391.880835999999,0.0,fairness_weight_80
C0104,FO,BHX,E190,BHX-E190-FO,1.0,84.78,31,11,90.7499,86.68128885135135,4.0686111486486425,0.0686111486486424,1.0469375940593806,110.0,0.0,7693.776522,0.0,fairness_weight_80
C0105,CPT,EDI,A320,EDI-A320-CPT,1.0,179.75,31,14,108.0,108.5000135667396,-0.5000135667395966,0.0,0.9953915806062824,110.0,0.0,19413.0,0.0,fairness_weight_80
C0106,CPT,EDI,A320,EDI-A320-CPT,1.0,157.68,22,9,74.5832,77.00000962800875,-2.4168096280087497,0.0,0.9686128658985306,110.0,0.0,11760.278976,0.0,fairness_weight_80
C0107,CPT,EDI,A320,EDI-A320-CPT,1.0,140.25,25,11,88.4166,87.50001094091903,0.9165890590809768,0.0,1.010475302222532,110.0,0.0,12400.42815,0.0,fairness_weight_80
C0108,CPT,EDI,A320,EDI-A320-CPT,1.0,148.93,25,11,88.0002,87.50001094091903,0.5001890590809808,0.0,1.005716445674718,110.0,0.0,13105.869786,0.0,fairness_weight_80
C0109,CPT,EDI,A320,EDI-A320-CPT,1.0,189.46,31,12,104.4166,108.5000135667396,-4.083413566739594,0.0834135667395941,0.9623648566253142,110.0,0.0,19782.769036,0.0,fairness_weight_80
C0110,CPT,EDI,A320,EDI-A320-CPT,0.5,157.74,31,6,54.5001,54.2500067833698,0.250093216630205,0.0,1.0046100126333417,55.0,0.0,8596.845774000001,0.0,fairness_weight_80
C0111,CPT,EDI,A320,EDI-A320-CPT,1.0,159.52,29,13,105.0,101.50001269146608,3.499987308533917,0.0,1.034482629269939,110.0,0.0,16749.600000000002,0.0,fairness_weight_80
C0112,CPT,EDI,A320,EDI-A320-CPT,1.0,132.71,31,13,108.5,108.5000135667396,-1.3566739596626576e-05,0.0,0.999999874960941,110.0,0.0,14399.035000000002,0.0,fairness_weight_80
C0113,CPT,EDI,A320,EDI-A320-CPT,1.0,159.12,19,9,68.3334,66.50000831509847,1.833391684901528,0.0,1.0275697963256536,110.0,0.0,10873.210608,0.0,fairness_weight_80
C0114,FO,EDI,A320,EDI-A320-FO,0.5,84.78,31,6,52.8333,55.77559752530933,-2.9422975253093284,0.0,0.9472475839640409,55.0,0.0,4479.207174,0.0,fairness_weight_80
C0115,FO,EDI,A320,EDI-A320-FO,1.0,68.14,31,13,108.4999,111.55119505061866,-3.0512950506186627,0.0,0.9726466843386656,110.0,0.0,7393.183186,0.0,fairness_weight_80
C0116,FO,EDI,A320,EDI-A320-FO,1.0,85.56,28,13,103.6668,100.7559181102362,2.910881889763786,0.0,1.028890430898352,110.0,0.0,8869.731408,0.0,fairness_weight_80
C0117,FO,EDI,A320,EDI-A320-FO,1.0,81.57,29,13,108.3333,104.35434375703036,3.9789562429696304,0.0,1.0381292824018318,110.0,0.0,8836.747280999998,0.0,fairness_weight_80
C0118,FO,EDI,A320,EDI-A320-FO,1.0,91.66,31,13,110.2501,111.55119505061866,-1.301095050618656,0.0,0.9883363414436908,110.0,0.2501000000000033,10105.524166,11.462083000000153,fairness_weight_80
C0119,FO,EDI,A320,EDI-A320-FO,0.75,65.57,31,11,87.3334,83.66339628796399,3.6700037120360074,0.0,1.043866300854009,82.5,4.8333999999999975,5726.451037999999,158.4630189999999,fairness_weight_80
C0120,FO,EDI,A320,EDI-A320-FO,1.0,71.54,25,11,88.4167,89.96064116985376,-1.5439411698537526,0.0,0.982837592643002,110.0,0.0,6325.330718000001,0.0,fairness_weight_80
C0121,FO,EDI,A320,EDI-A320-FO,0.5,71.07,31,7,58.0001,55.77559752530933,2.2245024746906736,0.0,1.0398830774279246,55.0,3.0001000000000038,4122.067107,106.60855350000011,fairness_weight_80
C0122,FO,EDI,A320,EDI-A320-FO,1.0,86.16,24,11,82.4165,86.3622155230596,-3.945715523059605,0.0,0.9543120159764076,110.0,0.0,7101.005639999999,0.0,fairness_weight_80
C0123,CPT,EDI,B737,EDI-B737-CPT,1.0,180.22,21,13,101.7499,98.25005,3.499850000000009,0.0,1.0356218648234785,110.0,0.0,18337.366978,0.0,fairness_weight_80
C0124,CPT,EDI,B737,EDI-B737-CPT,1.0,189.13,0,0,0.0,0.0,0.0,0.0,,110.0,0.0,0.0,0.0,fairness_weight_80
C0125,CPT,EDI,B737,EDI-B737-CPT,1.0,126.03,21,12,98.3333,98.25005,0.0832500000000067,0.0,1.0008473278130647,110.0,0.0,12392.945799,0.0,fairness_weight_80
C0126,CPT,EDI,B737,EDI-B737-CPT,0.5,185.18,18,6,45.75,42.10716428571428,3.6428357142857166,0.0,1.086513441977892,55.0,0.0,8471.985,0.0,fairness_weight_80
C0127,CPT,EDI,B737,EDI-B737-CPT,1.0,188.57,31,17,142.0001,145.0357880952381,-3.0356880952381005,0.0,0.9790693860108188,110.0,32.0001,26776.958857,3017.1294285000004,fairness_weight_80
C0128,CPT,EDI,B737,EDI-B737-CPT,1.0,139.54,31,18,141.5003,145.0357880952381,-3.535488095238094,0.0,0.9756233399930472,110.0,31.50030000000001,19744.951862,2197.7759310000006,fairness_weight_80
C0129,CPT,EDI,B737,EDI-B737-CPT,1.0,154.72,25,15,120.1667,116.96434523809523,3.2023547619047434,0.0,1.0273788970081947,110.0,10.166699999999992,18592.191824,786.4959119999993,fairness_weight_80
C0130,CPT,EDI,B737,EDI-B737-CPT,1.0,183.67,30,17,136.5001,140.3572142857143,-3.857114285714289,0.0,0.9725193015168948,110.0,26.500100000000003,25070.973367,2433.6366835000003,fairness_weight_80
C0131,FO,EDI,B737,EDI-B737-FO,1.0,91.26,30,12,99.5,100.34047659574468,-0.8404765957446756,0.0,0.9916237532025004,110.0,0.0,9080.37,0.0,fairness_weight_80
C0132,FO,EDI,B737,EDI-B737-FO,1.0,66.78,31,13,103.5834,103.68515914893617,-0.1017591489361677,0.0,0.999018575563066,110.0,0.0,6917.299452,0.0,fairness_weight_80
C0133,FO,EDI,B737,EDI-B737-FO,1.0,87.44,31,13,101.8335,103.68515914893617,-1.8516591489361645,0.0,0.9821415218519712,110.0,0.0,8904.32124,0.0,fairness_weight_80
C0134,FO,EDI,B737,EDI-B737-FO,1.0,67.72,30,13,104.0001,100.34047659574468,3.659623404255328,0.0,1.0364720552305062,110.0,0.0,7042.886772,0.0,fairness_weight_80
C0135,FO,EDI,B737,EDI-B737-FO,1.0,74.96,30,12,98.6667,100.34047659574468,-1.6737765957446695,0.0,0.983319028845278,110.0,0.0,7396.055832,0.0,fairness_weight_80
C0136,FO,EDI,B737,EDI-B737-FO,1.0,82.26,24,10,78.25,80.27238127659575,-2.022381276595752,0.0,0.9748060136695434,110.0,0.0,6436.845,0.0,fairness_weight_80
C0137,FO,EDI,B737,EDI-B737-FO,1.0,72.46,28,12,92.5833,93.65111148936172,-1.0678114893617163,0.0,0.9885979838105498,110.0,0.0,6708.585917999999,0.0,fairness_weight_80
C0138,FO,EDI,B737,EDI-B737-FO,1.0,60.3,31,13,107.5834,103.68515914893617,3.898240851063832,0.0,1.037596902807125,110.0,0.0,6487.27902,0.0,fairness_weight_80
C0001,CPT,MAN,A320,MAN-A320-CPT,1.0,183.17,21,10,78.6666,79.01847911275416,-0.3518791127541618,0.0,0.9955468756586412,110.0,0.0,14409.361122,0.0,fairness_only
C0002,CPT,MAN,A320,MAN-A320-CPT,1.0,130.86,29,14,110.0834,109.12075686999384,0.9626431300061568,0.0,1.008821815002191,110.0,0.0833999999999974,14405.513724,5.456861999999836,fairness_only
C0003,CPT,MAN,A320,MAN-A320-CPT,1.0,132.32,31,15,112.6666,116.64632630930376,-3.979726309303757,0.0,0.9658821118913684,110.0,2.6666000000000025,14908.044512,176.42225600000015,fairness_only
C0004,CPT,MAN,A320,MAN-A320-CPT,1.0,176.86,24,12,94.5,90.30683327171904,4.193166728280957,0.193166728280957,1.0464324412269488,110.0,0.0,16713.27,0.0,fairness_only
C0005,CPT,MAN,A320,MAN-A320-CPT,1.0,159.21,31,15,113.4166,116.64632630930376,-3.229726309303757,0.0,0.9723118043105816,110.0,3.4166000000000025,18057.056886,271.9784430000002,fairness_only
C0007,CPT,MAN,A320,MAN-A320-CPT,1.0,180.77,31,15,118.0,116.64632630930376,1.3536736906962403,0.0,1.011604940622877,110.0,8.0,21330.86,723.08,fairness_only
C0008,CPT,MAN,A320,MAN-A320-CPT,1.0,139.53,20,9,74.3334,75.2556943930992,-0.9222943930992074,0.0,0.9877445235136416,110.0,0.0,10371.739302,0.0,fairness_only
C0010,CPT,MAN,A320,MAN-A320-CPT,1.0,131.11,29,13,105.6666,109.12075686999384,-3.454156869993838,0.0,0.9683455561611516,110.0,0.0,13853.947926000004,0.0,fairness_only
C0011,CPT,MAN,A320,MAN-A320-CPT,1.0,129.68,31,13,114.8332,116.64632630930376,-1.8131263093037544,0.0,0.9844562073519916,110.0,4.833200000000005,14891.569376,313.3846880000003,fairness_only
C0012,CPT,MAN,A320,MAN-A320-CPT,1.0,172.54,31,14,117.4166,116.64632630930376,0.7702736906962429,0.0,1.006603497213052,110.0,7.416600000000002,20259.060164,639.8300820000002,fairness_only
C0013,CPT,MAN,A320,MAN-A320-CPT,1.0,185.4,29,13,108.8335,109.12075686999384,-0.2872568699938398,0.0,0.9973675322804434,110.0,0.0,20177.7309,0.0,fairness_only
C0014,CPT,MAN,A320,MAN-A320-CPT,1.0,154.27,31,15,118.4166,116.64632630930376,1.7702736906962429,0.0,1.0151764204386695,110.0,8.416600000000003,18268.128882,649.2144410000002,fairness_only
C0015,CPT,MAN,A320,MAN-A320-CPT,1.0,158.07,31,15,117.5002,116.64632630930376,0.853873690696247,0.0,1.0073201935947136,110.0,7.500200000000007,18573.256614,592.7783070000005,fairness_only
C0016,CPT,MAN,A320,MAN-A320-CPT,0.75,173.03,30,10,88.4166,84.66265619223661,3.753943807763392,0.0,1.0443400192788614,82.5,5.9166000000000025,15298.724298,511.8746490000002,fairness_only
C0017,CPT,MAN,A320,MAN-A320-CPT,1.0,175.12,0,0,0.0,0.0,0.0,0.0,,110.0,0.0,0.0,0.0,fairness_only
C0018,CPT,MAN,A320,MAN-A320-CPT,0.75,148.09,19,7,54.0,53.619682255083184,0.380317744916816,0.0,1.007092875767289,82.5,0.0,7996.860000000001,0.0,fairness_only
C0019,FO,MAN,A320,MAN-A320-FO,1.0,83.05,29,11,88.5,90.22057483443707,-1.7205748344370877,0.0,0.9809292410562168,110.0,0.0,7349.925,0.0,fairness_only
C0020,FO,MAN,A320,MAN-A320-FO,1.0,81.61,31,12,94.8333,96.4426834437086,-1.6093834437086088,0.0,0.9833125397775978,110.0,0.0,7739.345612999999,0.0,fairness_only
C0021,FO,MAN,A320,MAN-A320-FO,1.0,87.24,31,12,93.8335,96.4426834437086,-2.609183443708602,0.0,0.9729457606265018,110.0,0.0,8186.03454,0.0,fairness_only
C0022,FO,MAN,A320,MAN-A320-FO,0.75,58.81,30,9,71.3333,69.99872185430463,1.3345781456953605,0.0,1.0190657502071705,82.5,0.0,4195.111373,0.0,fairness_only
C0023,FO,MAN,A320,MAN-A320-FO,1.0,80.61,23,10,75.5,71.55424900662251,3.9457509933774872,0.0,1.0551434897040468,110.0,0.0,6086.055,0.0,fairness_only
C0024,FO,MAN,A320,MAN-A320-FO,1.0,59.32,31,12,95.9166,96.4426834437086,-0.5260834437086004,0.0,0.9945451181476544,110.0,0.0,5689.772712,0.0,fairness_only
C0025,FO,MAN,A320,MAN-A320-FO,1.0,78.68,29,11,92.2499,90.22057483443707,2.029325165562909,0.0,1.022492931011434,110.0,0.0,7258.222132000001,0.0,fairness_only
C0026,FO,MAN,A320,MAN-A320-FO,1.0,85.93,22,9,69.83330000000001,68.44319470198676,1.390105298013253,0.0,1.020310350854691,110.0,0.0,6000.775469000001,0.0,fairness_only
C0027,FO,MAN,A320,MAN-A320-FO,1.0,60.31,29,11,93.6667,90.22057483443707,3.4461251655629184,0.0,1.0381966660253148,110.0,0.0,5649.0386770000005,0.0,fairness_only
C0028,FO,MAN,A320,MAN-A320-FO,1.0,76.92,31,12,96.0833,96.4426834437086,-0.3593834437086087,0.0,0.9962736059296984,110.0,0.0,7390.727436,0.0,fairness_only
C0029,FO,MAN,A320,MAN-A320-FO,1.0,90.06,31,12,95.5001,96.4426834437086,-0.9425834437085996,0.0,0.9902264909057744,110.0,0.0,8600.739006,0.0,fairness_only
C0030,FO,MAN,A320,MAN-A320-FO,0.75,66.56,11,3,24.5,25.666198013245037,-1.1661980132450331,0.0,0.9545628841231872,82.5,0.0,1630.72,0.0,fairness_only
C0031,FO,MAN,A320,MAN-A320-FO,1.0,88.63,31,12,94.0001,96.4426834437086,-2.4425834437086,0.0,0.9746732115232538,110.0,0.0,8331.228863,0.0,fairness_only
C0032,FO,MAN,A320,MAN-A320-FO,1.0,87.15,26,10,79.4165,80.8874119205298,-1.470911920529801,0.0,0.9818153172959108,110.0,0.0,6921.147975000001,0.0,fairness_only
C0033,FO,MAN,A320,MAN-A320-FO,1.0,84.72,31,12,95.7499,96.4426834437086,-0.6927834437086062,0.0,0.9928166303656102,110.0,0.0,8111.931527999999,0.0,fairness_only
C0034,FO,MAN,A320,MAN-A320-FO,1.0,84.86,25,9,75.5835,77.77635761589403,-2.1928576158940274,0.0,0.971805601559234,110.0,0.0,6414.01581,0.0,fairness_only
C0035,FO,MAN,A320,MAN-A320-FO,1.0,82.49,29,11,93.5,90.22057483443707,3.2794251655629125,0.0,1.0363489721893366,110.0,0.0,7712.815,0.0,fairness_only
C0036,FO,MAN,A320,MAN-A320-FO,1.0,76.26,31,12,96.7499,96.4426834437086,0.3072165562913937,0.0,1.0031854832872906,110.0,0.0,7378.147374,0.0,fairness_only
C0037,CPT,MAN,B737,MAN-B737-CPT,1.0,168.5,29,10,91.4998,94.1389083993661,-2.6391083993661084,0.0,0.9719658062299787,110.0,0.0,15417.716299999998,0.0,fairness_only
C0038,CPT,MAN,B737,MAN-B737-CPT,1.0,135.14,31,12,102.8333,100.6312469096672,2.202053090332811,0.0,1.0218823989362815,110.0,0.0,13896.892162,0.0,fairness_only
C0039,CPT,MAN,B737,MAN-B737-CPT,1.0,184.92,31,12,97.2498,100.6312469096672,-3.381446909667204,0.0,0.9663976447325292,110.0,0.0,17983.433016,0.0,fairness_only
C0040,CPT,MAN,B737,MAN-B737-CPT,1.0,142.65,31,12,96.9168,100.6312469096672,-3.7144469096672026,0.0,0.9630885333955812,110.0,0.0,13825.18152,0.0,fairness_only
C0041,CPT,MAN,B737,MAN-B737-CPT,0.75,171.44,30,9,69.4168,73.03880824088749,-3.622008240887496,0.0,0.9504098118777918,82.5,0.0,11900.816191999998,0.0,fairness_only
C0042,CPT,MAN,B737,MAN-B737-CPT,0.75,171.95,31,10,79.0,75.4734351822504,3.526564817749602,0.0,1.0467259083839735,82.5,0.0,13584.05,0.0,fairness_only
C0043,CPT,MAN,B737,MAN-B737-CPT,0.5,161.43,21,5,35.6667,34.08477717908083,1.5819228209191678,0.0,1.046411417408064,55.0,0.0,5757.675381,0.0,fairness_only
C0044,CPT,MAN,B737,MAN-B737-CPT,1.0,178.77,31,13,99.0001,100.6312469096672,-1.6311469096671942,0.0,0.983790850657635,110.0,0.0,17698.247877,0.0,fairness_only
C0045,CPT,MAN,B737,MAN-B737-CPT,1.0,171.75,30,12,101.0,97.38507765451664,3.6149223454833503,0.0,1.0371198794779182,110.0,0.0,17346.75,0.0,fairness_only
C0046,CPT,MAN,B737,MAN-B737-CPT,1.0,130.75,23,9,76.75,74.66189286846276,2.0881071315372424,0.0,1.0279675086086555,110.0,0.0,10035.0625,0.0,fairness_only
C0047,CPT,MAN,B737,MAN-B737-CPT,0.75,165.92,31,11,78.5832,75.4734351822504,3.109764817749607,0.0,1.04120343549012,82.5,0.0,13038.524544,0.0,fairness_only
C0048,CPT,MAN,B737,MAN-B737-CPT,1.0,180.04,30,13,96.2499,97.38507765451664,-1.135177654516653,0.0,0.9883434127501156,110.0,0.0,17328.831995999997,0.0,fairness_only
C0049,FO,MAN,B737,MAN-B737-FO,1.0,75.34,29,12,97.0,98.67383920265782,-1.6738392026578168,0.0,0.9830366466311292,110.0,0.0,7307.98,0.0,fairness_only
C0050,FO,MAN,B737,MAN-B737-FO,0.5,85.52,29,6,51.3333,49.33691960132891,1.9963803986710928,0.0,1.040464228711541,55.0,0.0,4390.023816,0.0,fairness_only
C0051,FO,MAN,B737,MAN-B737-FO,1.0,61.23,25,11,88.1667,85.06365448504985,3.103045514950153,0.0,1.0364790994900828,110.0,0.0,5398.447041,0.0,fairness_only
C0052,FO,MAN,B737,MAN-B737-FO,1.0,90.14,24,10,80.2502,81.66110830564784,-1.4109083056478369,0.0,0.982722395826824,110.0,0.0,7233.753028000001,0.0,fairness_only
C0053,FO,MAN,B737,MAN-B737-FO,0.75,90.37,19,6,44.4998,48.48628305647841,-3.986483056478413,0.0,0.9177812196526834,82.5,0.0,4021.446926,0.0,fairness_only
C0054,FO,MAN,B737,MAN-B737-FO,1.0,91.09,29,12,99.7499,98.67383920265782,1.07606079734218,0.0,1.0109052288432008,110.0,0.0,9086.218391,0.0,fairness_only
C0055,FO,MAN,B737,MAN-B737-FO,0.75,85.3,31,9,75.1668,79.10919867109635,-3.942398671096356,0.0,0.9501651042189514,82.5,0.0,6411.728039999999,0.0,fairness_only
C0056,FO,MAN,B737,MAN-B737-FO,1.0,76.45,27,12,94.9167,91.86874684385384,3.0479531561461783,0.0,1.0331772584350876,110.0,0.0,7256.381715,0.0,fairness_only
C0057,FO,MAN,B737,MAN-B737-FO,1.0,82.86,31,13,101.7499,105.4789315614618,-3.7290315614617953,0.0,0.9646466691854104,110.0,0.0,8430.996713999999,0.0,fairness_only
C0058,FO,MAN,B737,MAN-B737-FO,1.0,57.05,31,13,106.3334,105.4789315614618,0.8544684385382055,0.0,1.0081008446510509,110.0,0.0,6066.32047,0.0,fairness_only
C0059,FO,MAN,B737,MAN-B737-FO,1.0,54.44,31,14,107.7498,105.4789315614618,2.2708684385382014,0.0,1.0215291187057105,110.0,0.0,5865.899111999999,0.0,fairness_only
C0060,FO,MAN,B737,MAN-B737-FO,1.0,66.7,22,10,77.2499,74.85601594684385,2.3938840531561425,0.0,1.031979848551599,110.0,0.0,5152.56833,0.0,fairness_only
C0061,CPT,BHX,A320,BHX-A320-CPT,0.75,153.75,31,9,74.5,73.4092414187643,1.090758581235704,0.0,1.0148586003635898,82.5,0.0,11454.375,0.0,fairness_only
C0062,CPT,BHX,A320,BHX-A320-CPT,1.0,174.77,31,12,97.9167,97.8789885583524,0.037711441647616,0.0,1.0003852863847804,110.0,0.0,17112.901659000003,0.0,fairness_only
C0063,CPT,BHX,A320,BHX-A320-CPT,1.0,138.87,31,12,95.8334,97.8789885583524,-2.0455885583523923,0.0,0.9791008408599066,110.0,0.0,13308.384258,0.0,fairness_only
C0064,CPT,BHX,A320,BHX-A320-CPT,1.0,190.87,31,12,93.4168,97.8789885583524,-4.462188558352395,0.4621885583523948,0.9544111701185778,110.0,0.0,17830.464616,0.0,fairness_only
C0065,CPT,BHX,A320,BHX-A320-CPT,1.0,181.16,31,12,94.3334,97.8789885583524,-3.5455885583523923,0.0,0.9637757948812616,110.0,0.0,17089.438744,0.0,fairness_only
C0066,CPT,BHX,A320,BHX-A320-CPT,0.5,147.01,11,2,17.3333,17.365627002288328,-0.0323270022883264,0.0,0.998138448886178,55.0,0.0,2548.168433,0.0,fairness_only
C0067,CPT,BHX,A320,BHX-A320-CPT,1.0,161.67,23,9,72.9999,72.6198947368421,0.3800052631578978,0.0,1.0052327983197298,110.0,0.0,11801.893832999998,0.0,fairness_only
C0068,CPT,BHX,A320,BHX-A320-CPT,1.0,171.05,31,12,99.5834,97.8789885583524,1.7044114416476075,0.0,1.0174134558065189,110.0,0.0,17033.74057,0.0,fairness_only
C0069,CPT,BHX,A320,BHX-A320-CPT,1.0,141.67,31,13,97.9165,97.8789885583524,0.0375114416476094,0.0,1.0003832430453166,110.0,0.0,13871.830555,0.0,fairness_only
C0070,CPT,BHX,A320,BHX-A320-CPT,1.0,168.68,31,12,98.8333,97.8789885583524,0.9543114416476044,0.0,1.0097499111474642,110.0,0.0,16671.201044,0.0,fairness_only
C0071,CPT,BHX,A320,BHX-A320-CPT,1.0,125.39,28,11,92.0001,88.40682837528604,3.593271624713964,0.0,1.0406447294937509,110.0,0.0,11535.892539,0.0,fairness_only
C0072,CPT,BHX,A320,BHX-A320-CPT,1.0,154.19,31,13,100.1667,97.8789885583524,2.287711441647602,0.0,1.0233728553527477,110.0,0.0,15444.703472999998,0.0,fairness_only
C0073,FO,BHX,A320,BHX-A320-FO,1.0,82.5,29,12,100.9998,97.19893603238866,3.800863967611335,0.0,1.0391039668000563,110.0,0.0,8332.4835,0.0,fairness_only
C0074,FO,BHX,A320,BHX-A320-FO,0.75,77.97,22,7,56.25,55.30284291497976,0.947157085020244,0.0,1.0171267340898975,82.5,0.0,4385.8125,0.0,fairness_only
C0075,FO,BHX,A320,BHX-A320-FO,0.75,66.55,23,7,57.2502,57.81660850202429,-0.5664085020242879,0.0,0.990203359956604,82.5,0.0,3810.00081,0.0,fairness_only
C0076,FO,BHX,A320,BHX-A320-FO,1.0,79.19,31,14,108.0834,103.90231093117409,4.181089068825912,0.1810890688259121,1.0402405782061528,110.0,0.0,8559.124446,0.0,fairness_only
C0077,FO,BHX,A320,BHX-A320-FO,1.0,79.06,29,11,96.1668,97.19893603238866,-1.0321360323886637,0.0,0.9893812003040368,110.0,0.0,7602.947208,0.0,fairness_only
C0078,FO,BHX,A320,BHX-A320-FO,1.0,58.75,31,13,102.9167,103.90231093117409,-0.9856109311740936,0.0,0.9905140615031462,110.0,0.0,6046.356124999999,0.0,fairness_only
C0079,FO,BHX,A320,BHX-A320-FO,1.0,91.62,31,13,102.6665,103.90231093117409,-1.235810931174086,0.0,0.9881060303654584,110.0,0.0,9406.30473,0.0,fairness_only
C0080,FO,BHX,A320,BHX-A320-FO,1.0,74.37,27,10,87.4166,90.49556113360325,-3.078961133603229,0.0,0.965976661230294,110.0,0.0,6501.172542,0.0,fairness_only
C0081,FO,BHX,A320,BHX-A320-FO,1.0,79.13,31,13,100.4167,103.90231093117409,-3.4856109311740937,0.0,0.9664529989762884,110.0,0.0,7945.973470999999,0.0,fairness_only
C0082,FO,BHX,A320,BHX-A320-FO,1.0,69.41,4,2,16.5,13.40674979757085,3.09325020242915,0.0,1.2307233482487765,110.0,0.0,1145.265,0.0,fairness_only
C0083,FO,BHX,A320,BHX-A320-FO,1.0,75.54,31,14,104.8333,103.90231093117409,0.930989068825923,0.0,1.0089602344787367,110.0,0.0,7919.107482000001,0.0,fairness_only
C0084,FO,BHX,A320,BHX-A320-FO,1.0,66.42,31,13,101.3335,103.90231093117409,-2.5688109311740845,0.0,0.975276671826138,110.0,0.0,6730.57107,0.0,fairness_only
C0085,CPT,BHX,E190,BHX-E190-CPT,1.0,169.58,31,10,84.5,88.47469482758622,-3.97469482758622,0.0,0.955075348546476,110.0,0.0,14329.51,0.0,fairness_only
C0086,CPT,BHX,E190,BHX-E190-CPT,1.0,189.89,19,6,50.4999,54.226425862068965,-3.726525862068968,0.0,0.9312784163288244,110.0,0.0,9589.426011,0.0,fairness_only
C0087,CPT,BHX,E190,BHX-E190-CPT,1.0,137.79,25,9,75.1667,71.3505603448276,3.816139655172407,0.0,1.0534843684020072,110.0,0.0,10357.219593,0.0,fairness_only
C0088,CPT,BHX,E190,BHX-E190-CPT,1.0,165.31,31,11,92.4166,88.47469482758622,3.941905172413783,0.0,1.0445540409050915,110.0,0.0,15277.388146,0.0,fairness_only
C0089,CPT,BHX,E190,BHX-E190-CPT,1.0,192.27,31,10,86.1667,88.47469482758622,-2.3079948275862137,0.0,0.9739135033798774,110.0,0.0,16567.271409,0.0,fairness_only
C0090,CPT,BHX,E190,BHX-E190-CPT,1.0,131.7,31,11,92.3333,88.47469482758622,3.858605172413789,0.0,1.0436125287567612,110.0,0.0,12160.29561,0.0,fairness_only
C0091,CPT,BHX,E190,BHX-E190-CPT,1.0,169.65,31,10,86.25,88.47469482758622,-2.2246948275862195,0.0,0.9748550155282076,110.0,0.0,14632.3125,0.0,fairness_only
C0092,CPT,BHX,E190,BHX-E190-CPT,1.0,155.28,31,10,86.25,88.47469482758622,-2.2246948275862195,0.0,0.9748550155282076,110.0,0.0,13392.9,0.0,fairness_only
C0093,CPT,BHX,E190,BHX-E190-CPT,1.0,125.29,29,10,86.75,82.76665,3.9833500000000015,0.0,1.0481274764654605,110.0,0.0,10868.9075,0.0,fairness_only
C0094,CPT,BHX,E190,BHX-E190-CPT,1.0,179.44,31,10,87.33330000000001,88.47469482758622,-1.1413948275862111,0.0,0.987099194523242,110.0,0.0,15671.087352,0.0,fairness_only
C0095,FO,BHX,E190,BHX-E190-FO,1.0,88.89,31,10,84.7501,86.68128885135135,-1.9311888513513509,0.0,0.9777208106046608,110.0,0.0,7533.436389,0.0,fairness_only
C0096,FO,BHX,E190,BHX-E190-FO,1.0,58.48,31,10,87.7499,86.68128885135135,1.0686111486486425,0.0,1.0123280486805082,110.0,0.0,5131.614151999999,0.0,fairness_only
C0097,FO,BHX,E190,BHX-E190-FO,1.0,92.0,31,10,84.1667,86.68128885135135,-2.5145888513513484,0.0,0.9709904076799828,110.0,0.0,7743.3364,0.0,fairness_only
C0098,FO,BHX,E190,BHX-E190-FO,1.0,79.44,31,11,90.4999,86.68128885135135,3.8186111486486425,0.0,1.044053465277808,110.0,0.0,7189.312056,0.0,fairness_only
C0099,FO,BHX,E190,BHX-E190-FO,1.0,84.09,31,10,89.5,86.68128885135135,2.818711148648646,0.0,1.0325181038030298,110.0,0.0,7526.055,0.0,fairness_only
C0100,FO,BHX,E190,BHX-E190-FO,1.0,65.14,31,10,84.9167,86.68128885135135,-1.7645888513513484,0.0,0.979642794024701,110.0,0.0,5531.473838000001,0.0,fairness_only
C0101,FO,BHX,E190,BHX-E190-FO,1.0,85.08,31,10,84.4999,86.68128885135135,-2.181388851351357,0.0,0.9748343745200628,110.0,0.0,7189.251491999999,0.0,fairness_only
C0102,FO,BHX,E190,BHX-E190-FO,1.0,60.77,24,8,70.5,67.10809459459459,3.39190540540541,0.0,1.0505439086878592,110.0,0.0,4284.285,0.0,fairness_only
C0103,FO,BHX,E190,BHX-E190-FO,1.0,91.64,24,8,67.5834,67.10809459459459,0.4753054054054075,0.0,1.0070826836654618,110.0,0.0,6193.342776,0.0,fairness_only
C0104,FO,BHX,E190,BHX-E190-FO,1.0,84.78,31,10,83.4999,86.68128885135135,-3.181388851351357,0.0,0.963297859393772,110.0,0.0,7079.121522,0.0,fairness_only
C0105,CPT,EDI,A320,EDI-A320-CPT,1.0,179.75,31,12,107.5834,108.5000135667396,-0.9166135667395992,0.0,0.9915519497499806,110.0,0.0,19338.11615,0.0,fairness_only
C0106,CPT,EDI,A320,EDI-A320-CPT,1.0,157.68,22,10,78.9166,77.00000962800875,1.916590371991248,0.0,1.0248907809395142,110.0,0.0,12443.569488,0.0,fairness_only
C0107,CPT,EDI,A320,EDI-A320-CPT,1.0,140.25,25,11,90.8334,87.50001094091903,3.333389059080972,0.0,1.038095870197453,110.0,0.0,12739.38435,0.0,fairness_only
C0108,CPT,EDI,A320,EDI-A320-CPT,1.0,148.93,25,10,90.5832,87.50001094091903,3.083189059080979,0.0,1.035236441983565,110.0,0.0,13490.555976,0.0,fairness_only
C0109,CPT,EDI,A320,EDI-A320-CPT,1.0,189.46,31,14,108.6666,108.5000135667396,0.1665864332604059,0.0,1.0015353586399134,110.0,0.0,20587.974036,0.0,fairness_only
C0110,CPT,EDI,A320,EDI-A320-CPT,0.5,157.74,31,7,53.25,54.2500067833698,-1.0000067833697983,0.0,0.9815666975423062,55.0,0.0,8399.655,0.0,fairness_only
C0111,CPT,EDI,A320,EDI-A320-CPT,1.0,159.52,29,12,98.5834,101.50001269146608,-2.916612691466085,0.0,0.9712649031844772,110.0,0.0,15726.023968,0.0,fairness_only
C0112,CPT,EDI,A320,EDI-A320-CPT,1.0,132.71,31,14,108.4167,108.5000135667396,-0.0833135667395907,0.0,0.9992321331214548,110.0,0.0,14387.980257,0.0,fairness_only
C0113,CPT,EDI,A320,EDI-A320-CPT,1.0,159.12,19,8,62.9168,66.50000831509847,-3.5832083150984677,0.0,0.9461171749314666,110.0,0.0,10011.321216,0.0,fairness_only
C0114,FO,EDI,A320,EDI-A320-FO,0.5,84.78,31,6,55.1666,55.77559752530933,-0.6089975253093343,0.0,0.9890812908811424,55.0,0.1665999999999954,4677.024348,7.062173999999806,fairness_only
C0115,FO,EDI,A320,EDI-A320-FO,1.0,68.14,31,13,113.1669,111.55119505061866,1.615704949381339,0.0,1.0144839770532998,110.0,3.1668999999999983,7711.192566,107.89628299999994,fairness_only
C0116,FO,EDI,A320,EDI-A320-FO,1.0,85.56,28,12,97.0,100.7559181102362,-3.755918110236209,0.0,0.962722605473885,110.0,0.0,8299.32,0.0,fairness_only
C0117,FO,EDI,A320,EDI-A320-FO,1.0,81.57,29,13,104.3332,104.35434375703036,-0.0211437570303587,0.0,0.9997973849839966,110.0,0.0,8510.459123999999,0.0,fairness_only
C0118,FO,EDI,A320,EDI-A320-FO,1.0,91.66,31,13,107.6667,111.55119505061866,-3.8844950506186535,0.0,0.96517746807772,110.0,0.0,9868.729722,0.0,fairness_only
C0119,FO,EDI,A320,EDI-A320-FO,0.75,65.57,31,11,86.4166,83.66339628796399,2.753203712036012,0.0,1.0329081035935914,82.5,3.9166000000000025,5666.336461999999,128.40573100000006,fairness_only
C0120,FO,EDI,A320,EDI-A320-FO,1.0,71.54,25,12,92.4167,89.96064116985376,2.456058830146233,0.0,1.0273014820504556,110.0,0.0,6611.490718,0.0,fairness_only
C0121,FO,EDI,A320,EDI-A320-FO,0.5,71.07,31,7,56.0835,55.77559752530933,0.3079024746906711,0.0,1.0055203796705352,55.0,1.0835000000000008,3985.854345,38.50217250000002,fairness_only
C0122,FO,EDI,A320,EDI-A320-FO,1.0,86.16,24,11,87.4999,86.3622155230596,1.137684476940393,0.0,1.0131734054070975,110.0,0.0,7538.991383999999,0.0,fairness_only
C0123,CPT,EDI,B737,EDI-B737-CPT,1.0,180.22,21,12,100.5834,98.25005,2.33335000000001,0.0,1.0237490973287038,110.0,0.0,18127.140348,0.0,fairness_only
C0124,CPT,EDI,B737,EDI-B737-CPT,1.0,189.13,0,0,0.0,0.0,0.0,0.0,,110.0,0.0,0.0,0.0,fairness_only
C0125,CPT,EDI,B737,EDI-B737-CPT,1.0,126.03,21,13,101.4168,98.25005,3.1667500000000075,0.0,1.032231535760033,110.0,0.0,12781.559304,0.0,fairness_only
C0126,CPT,EDI,B737,EDI-B737-CPT,0.5,185.18,18,6,45.5834,42.10716428571428,3.476235714285714,0.0,1.082556870624154,55.0,0.0,8441.134012,0.0,fairness_only
C0127,CPT,EDI,B737,EDI-B737-CPT,1.0,188.57,31,18,141.5834,145.0357880952381,-3.452388095238092,0.0,0.976196302026014,110.0,31.58340000000001,26698.381738,2977.840869000001,fairness_only
C0128,CPT,EDI,B737,EDI-B737-CPT,1.0,139.54,31,17,143.8334,145.0357880952381,-1.202388095238092,0.0,0.9917097144709652,110.0,33.83340000000001,20070.512636,2360.556318000001,fairness_only
C0129,CPT,EDI,B737,EDI-B737-CPT,1.0,154.72,25,15,116.5,116.96434523809523,-0.4643452380952482,0.0,0.9960300274656348,110.0,6.5,18024.88,502.84,fairness_only
C0130,CPT,EDI,B737,EDI-B737-CPT,1.0,183.67,30,17,136.5,140.3572142857143,-3.857214285714292,0.0,0.972518589049064,110.0,26.5,25070.955,2433.6275,fairness_only
C0131,FO,EDI,B737,EDI-B737-FO,1.0,91.26,30,12,100.4166,100.34047659574468,0.0761234042553269,0.0,1.0007586510134092,110.0,0.0,9164.018916,0.0,fairness_only
C0132,FO,EDI,B737,EDI-B737-FO,1.0,66.78,31,13,100.8334,103.68515914893617,-2.851759148936168,0.0,0.9724959755827752,110.0,0.0,6733.654452,0.0,fairness_only
C0133,FO,EDI,B737,EDI-B737-FO,1.0,87.44,31,13,105.0834,103.68515914893617,1.3982408510638322,0.0,1.013485448279588,110.0,0.0,9188.492496,0.0,fairness_only
C0134,FO,EDI,B737,EDI-B737-FO,1.0,67.72,30,13,103.6668,100.34047659574468,3.32632340425532,0.0,1.0331503648089746,110.0,0.0,7020.315696,0.0,fairness_only
C0135,FO,EDI,B737,EDI-B737-FO,1.0,74.96,30,12,98.5834,100.34047659574468,-1.757076595744678,0.0,0.9824888553915918,110.0,0.0,7389.811663999999,0.0,fairness_only
C0136,FO,EDI,B737,EDI-B737-FO,1.0,82.26,24,10,78.1668,80.27238127659575,-2.105581276595757,0.0,0.9737695426109196,110.0,0.0,6430.000968,0.0,fairness_only
C0137,FO,EDI,B737,EDI-B737-FO,1.0,72.46,28,11,91.7502,93.65111148936172,-1.900911489361704,0.0,0.9797022004423552,110.0,0.0,6648.219492,0.0,fairness_only
C0138,FO,EDI,B737,EDI-B737-FO,1.0,60.3,31,14,107.4998,103.68515914893617,3.8146408510638414,0.0,1.0367906157677242,110.0,0.0,6482.23794,0.0,fairness_only
C0001,CPT,MAN,A320,MAN-A320-CPT,1.0,183.17,21,10,83.83330000000001,79.01847911275416,4.814820887245844,0.814820887245844,1.0609328468645345,110.0,0.0,15355.745561,0.0,sickness_wave_edi_b737
C0002,CPT,MAN,A320,MAN-A320-CPT,1.0,130.86,29,15,114.3332,109.12075686999384,5.212443130006164,1.2124431300061644,1.0477676592384366,110.0,4.333200000000005,14961.642552000005,283.52127600000034,sickness_wave_edi_b737
C0003,CPT,MAN,A320,MAN-A320-CPT,1.0,132.32,31,15,113.5001,116.64632630930376,-3.1462263093037564,0.0,0.9730276433999206,110.0,3.5001000000000038,15018.333232,231.5666160000002,sickness_wave_edi_b737
C0004,CPT,MAN,A320,MAN-A320-CPT,1.0,176.86,24,13,99.0834,90.30683327171904,8.776566728280955,4.7765667282809545,1.0971860756303309,110.0,0.0,17523.890124,0.0,sickness_wave_edi_b737
C0005,CPT,MAN,A320,MAN-A320-CPT,1.0,159.21,31,14,112.9168,116.64632630930376,-3.7295263093037647,0.0,0.968027057282418,110.0,2.916799999999995,17977.483728,232.1918639999996,sickness_wave_edi_b737
C0007,CPT,MAN,A320,MAN-A320-CPT,1.0,180.77,31,13,108.0834,116.64632630930376,-8.562926309303762,4.562926309303762,0.9265906901637178,110.0,0.0,19538.236218,0.0,sickness_wave_edi_b737
C0008,CPT,MAN,A320,MAN-A320-CPT,1.0,139.53,20,11,83.9999,75.2556943930992,8.744205606900792,4.744205606900792,1.116193275172312,110.0,0.0,11720.506047,0.0,sickness_wave_edi_b737
C0010,CPT,MAN,A320,MAN-A320-CPT,1.0,131.11,29,14,107.8333,109.12075686999384,-1.2874568699938465,0.0,0.9882015401384384,110.0,0.0,14138.023963,0.0,sickness_wave_edi_b737
C0011,CPT,MAN,A320,MAN-A320-CPT,1.0,129.68,31,14,118.0832,116.64632630930376,1.4368736906962454,0.0,1.0123182078352486,110.0,8.083200000000005,15313.029376000002,524.1146880000003,sickness_wave_edi_b737
C0012,CPT,MAN,A320,MAN-A320-CPT,1.0,172.54,31,13,109.4167,116.64632630930376,-7.229626309303754,3.229626309303754,0.9380209687004336,110.0,0.0,18878.757418,0.0,sickness_wave_edi_b737
C0013,CPT,MAN,A320,MAN-A320-CPT,1.0,185.4,29,14,111.4164,109.12075686999384,2.2956431300061557,0.0,1.0210376393626115,110.0,1.416399999999996,20656.60056,131.30027999999962,sickness_wave_edi_b737
C0014,CPT,MAN,A320,MAN-A320-CPT,1.0,154.27,31,13,110.5002,116.64632630930376,-6.146126309303753,2.146126309303753,0.9473097310153904,110.0,0.5002000000000066,17046.865854000003,38.58292700000052,sickness_wave_edi_b737
C0015,CPT,MAN,A320,MAN-A320-CPT,1.0,158.07,31,14,110.1667,116.64632630930376,-6.479626309303754,2.479626309303754,0.9444506611196468,110.0,0.1667000000000058,17414.050269,13.17513450000046,sickness_wave_edi_b737
C0016,CPT,MAN,A320,MAN-A320-CPT,0.75,173.03,30,10,80.6666,84.66265619223661,-3.996056192236608,0.0,0.9528002501697668,82.5,0.0,13957.741798,0.0,sickness_wave_edi_b737
C0017,CPT,MAN,A320,MAN-A320-CPT,1.0,175.12,0,0,0.0,0.0,0.0,0.0,,110.0,0.0,0.0,0.0,sickness_wave_edi_b737
C0018,CPT,MAN,A320,MAN-A320-CPT,0.75,148.09,19,7,62.9167,53.619682255083184,9.297017744916817,5.297017744916815,1.1733881543849591,82.5,0.0,9317.334103,0.0,sickness_wave_edi_b737
C0019,FO,MAN,A320,MAN-A320-FO,1.0,83.05,29,11,89.5,90.22057483443707,-0.7205748344370875,0.0,0.9920131872828408,110.0,0.0,7432.974999999999,0.0,sickness_wave_edi_b737
C0020,FO,MAN,A320,MAN-A320-FO,1.0,81.61,31,12,94.4167,96.4426834437086,-2.0259834437086117,0.0,0.9789928756504258,110.0,0.0,7705.346887,0.0,sickness_wave_edi_b737
C0021,FO,MAN,A320,MAN-A320-FO,1.0,87.24,31,12,92.8333,96.4426834437086,-3.6093834437086088,0.0,0.9625748339342368,110.0,0.0,8098.777091999999,0.0,sickness_wave_edi_b737
C0022,FO,MAN,A320,MAN-A320-FO,0.75,58.81,30,9,72.5835,69.99872185430463,2.584778145695367,0.0,1.0369260763228696,82.5,0.0,4268.635635000001,0.0,sickness_wave_edi_b737
C0023,FO,MAN,A320,MAN-A320-FO,1.0,80.61,23,9,71.9167,71.55424900662251,0.3624509933774931,0.0,1.0050654014039606,110.0,0.0,5797.2051870000005,0.0,sickness_wave_edi_b737
C0024,FO,MAN,A320,MAN-A320-FO,1.0,59.32,31,13,102.7499,96.4426834437086,6.307216556291394,2.3072165562913938,1.0653986008173733,110.0,0.0,6095.124068,0.0,sickness_wave_edi_b737
C0025,FO,MAN,A320,MAN-A320-FO,1.0,78.68,29,11,91.0832,90.22057483443707,0.8626251655629176,0.0,1.0095612909488318,110.0,0.0,7166.426176000001,0.0,sickness_wave_edi_b737
C0026,FO,MAN,A320,MAN-A320-FO,1.0,85.93,22,9,65.3334,68.44319470198676,-3.1097947019867576,0.0,0.9545638581669468,110.0,0.0,5614.099062,0.0,sickness_wave_edi_b737
C0027,FO,MAN,A320,MAN-A320-FO,1.0,60.31,29,12,94.25,90.22057483443707,4.0294251655629125,0.0294251655629125,1.0446619318593044,110.0,0.0,5684.217500000001,0.0,sickness_wave_edi_b737
C0028,FO,MAN,A320,MAN-A320-FO,1.0,76.92,31,11,94.0,96.4426834437086,-2.442683443708603,0.0,0.9746721746379616,110.0,0.0,7230.48,0.0,sickness_wave_edi_b737
C0029,FO,MAN,A320,MAN-A320-FO,1.0,90.06,31,12,95.6668,96.4426834437086,-0.775883443708608,0.0,0.9919549786878186,110.0,0.0,8615.752008,0.0,sickness_wave_edi_b737
C0030,FO,MAN,A320,MAN-A320-FO,0.75,66.56,11,4,30.6666,25.666198013245037,5.000401986754966,1.0004019867549658,1.194824413969475,82.5,0.0,2041.168896,0.0,sickness_wave_edi_b737
C0031,FO,MAN,A320,MAN-A320-FO,1.0,88.63,31,11,91.6667,96.4426834437086,-4.775983443708611,0.7759834437086113,0.9504785301158044,110.0,0.0,8124.419620999999,0.0,sickness_wave_edi_b737
C0032,FO,MAN,A320,MAN-A320-FO,1.0,87.15,26,10,82.83330000000001,80.8874119205298,1.9458880794702085,0.0,1.0240567479323237,110.0,0.0,7218.922095000001,0.0,sickness_wave_edi_b737
C0033,FO,MAN,A320,MAN-A320-FO,1.0,84.72,31,11,90.7499,96.4426834437086,-5.692783443708606,1.6927834437086062,0.940972365757208,110.0,0.0,7688.331528,0.0,sickness_wave_edi_b737
C0034,FO,MAN,A320,MAN-A320-FO,1.0,84.86,25,9,78.4166,77.77635761589403,0.6402423841059743,0.0,1.0082318381026258,110.0,0.0,6654.432676,0.0,sickness_wave_edi_b737
C0035,FO,MAN,A320,MAN-A320-FO,1.0,82.49,29,12,90.3333,90.22057483443707,0.1127251655629066,0.0,1.0012494396734866,110.0,0.0,7451.593916999999,0.0,sickness_wave_edi_b737
C0036,FO,MAN,A320,MAN-A320-FO,1.0,76.26,31,12,97.75,96.4426834437086,1.307316556291397,0.0,1.0135553730942632,110.0,0.0,7454.415000000001,0.0,sickness_wave_edi_b737
C0037,CPT,MAN,B737,MAN-B737-CPT,1.0,168.5,29,13,95.0833,94.1389083993661,0.9443916006338924,0.0,1.0100318945342717,110.0,0.0,16021.53605,0.0,sickness_wave_edi_b737
C0038,CPT,MAN,B737,MAN-B737-CPT,1.0,135.14,31,13,106.6666,100.6312469096672,6.035353090332805,2.035353090332805,1.059974940942057,110.0,0.0,14414.924324,0.0,sickness_wave_edi_b737
C0039,CPT,MAN,B737,MAN-B737-CPT,1.0,184.92,31,12,96.6667,100.6312469096672,-3.964546909667192,0.0,0.9606032218479216,110.0,0.0,17875.606164,0.0,sickness_wave_edi_b737
C0040,CPT,MAN,B737,MAN-B737-CPT,1.0,142.65,31,13,108.1667,100.6312469096672,7.535453090332808,3.5354530903328083,1.0748818415923744,110.0,0.0,15429.979755000002,0.0,sickness_wave_edi_b737
C0041,CPT,MAN,B737,MAN-B737-CPT,0.75,171.44,30,10,72.6665,73.03880824088749,-0.3723082408874916,0.0,0.9949025969911832,82.5,0.0,12457.94476,0.0,sickness_wave_edi_b737
C0042,CPT,MAN,B737,MAN-B737-CPT,0.75,171.95,31,10,72.6667,75.4734351822504,-2.8067351822503923,0.0,0.962811614769186,82.5,0.0,12495.039065,0.0,sickness_wave_edi_b737
C0043,CPT,MAN,B737,MAN-B737-CPT,0.5,161.43,21,4,35.8333,34.08477717908083,1.7485228209191703,0.0,1.0512992299093658,55.0,0.0,5784.569619000001,0.0,sickness_wave_edi_b737
C0044,CPT,MAN,B737,MAN-B737-CPT,1.0,178.77,31,13,98.75,100.6312469096672,-1.881246909667197,0.0,0.9813055391099752,110.0,0.0,17653.537500000002,0.0,sickness_wave_edi_b737
C0045,CPT,MAN,B737,MAN-B737-CPT,1.0,171.75,30,11,91.8333,97.38507765451664,-5.551777654516656,1.5517776545166555,0.9429914953273216,110.0,0.0,15772.369275,0.0,sickness_wave_edi_b737
C0046,CPT,MAN,B737,MAN-B737-CPT,1.0,130.75,23,8,80.3332,74.66189286846276,5.671307131537247,1.6713071315372474,1.0759598627043758,110.0,0.0,10503.5659,0.0,sickness_wave_edi_b737
C0047,CPT,MAN,B737,MAN-B737-CPT,0.75,165.92,31,10,75.3334,75.4734351822504,-0.1400351822504006,0.0,0.9981445765399144,82.5,0.0,12499.317727999998,0.0,sickness_wave_edi_b737
C0048,CPT,MAN,B737,MAN-B737-CPT,1.0,180.04,30,11,90.1667,97.38507765451664,-7.218377654516658,3.218377654516658,0.9258779904645702,110.0,0.0,16233.612667999998,0.0,sickness_wave_edi_b737
C0049,FO,MAN,B737,MAN-B737-FO,1.0,75.34,29,14,99.8331,98.67383920265782,1.159260797342185,0.0,1.0117484107916517,110.0,0.0,7521.425754000001,0.0,sickness_wave_edi_b737
C0050,FO,MAN,B737,MAN-B737-FO,0.5,85.52,29,7,49.0833,49.33691960132891,-0.2536196013289071,0.0,0.994859435826592,55.0,0.0,4197.603816,0.0,sickness_wave_edi_b737
C0051,FO,MAN,B737,MAN-B737-FO,1.0,61.23,25,11,87.5832,85.06365448504985,2.5195455149501527,0.0,1.0296195305762812,110.0,0.0,5362.719336,0.0,sickness_wave_edi_b737
C0052,FO,MAN,B737,MAN-B737-FO,1.0,90.14,24,10,77.1668,81.66110830564784,-4.494308305647849,0.4943083056478485,0.94496390755773,110.0,0.0,6955.815352,0.0,sickness_wave_edi_b737
C0053,FO,MAN,B737,MAN-B737-FO,0.75,90.37,19,6,42.6667,48.48628305647841,-5.819583056478415,1.8195830564784143,0.8799746507749506,82.5,0.0,3855.789679,0.0,sickness_wave_edi_b737
C0054,FO,MAN,B737,MAN-B737-FO,1.0,91.09,29,12,96.9167,98.67383920265782,-1.757139202657811,0.0,0.9821924512428368,110.0,0.0,8828.142203000001,0.0,sickness_wave_edi_b737
C0055,FO,MAN,B737,MAN-B737-FO,0.75,85.3,31,11,79.4167,79.10919867109635,0.3075013289036548,0.0,1.0038870489661025,82.5,0.0,6774.24451,0.0,sickness_wave_edi_b737
C0056,FO,MAN,B737,MAN-B737-FO,1.0,76.45,27,12,90.7501,91.86874684385384,-1.1186468438538242,0.0,0.9878234232828368,110.0,0.0,6937.845145,0.0,sickness_wave_edi_b737
C0057,FO,MAN,B737,MAN-B737-FO,1.0,82.86,31,13,101.9167,105.4789315614618,-3.562231561461786,0.0,0.9662280276380492,110.0,0.0,8444.817762,0.0,sickness_wave_edi_b737
C0058,FO,MAN,B737,MAN-B737-FO,1.0,57.05,31,12,110.6666,105.4789315614618,5.187668438538211,1.1876684385382106,1.049182034381107,110.0,0.6666000000000025,6313.52953,19.01476500000007,sickness_wave_edi_b737
C0059,FO,MAN,B737,MAN-B737-FO,1.0,54.44,31,11,108.8332,105.4789315614618,3.354268438538213,0.0,1.0318003641948508,110.0,0.0,5924.879408,0.0,sickness_wave_edi_b737
C0060,FO,MAN,B737,MAN-B737-FO,1.0,66.7,22,9,79.3333,74.85601594684385,4.47728405315614,0.47728405315614,1.0598119469293623,110.0,0.0,5291.53111,0.0,sickness_wave_edi_b737
C0061,CPT,BHX,A320,BHX-A320-CPT,0.75,153.75,31,11,77.0001,73.4092414187643,3.5908585812357074,0.0,1.0489156203202208,82.5,0.0,11838.765375,0.0,sickness_wave_edi_b737
C0062,CPT,BHX,A320,BHX-A320-CPT,1.0,174.77,31,12,91.6668,97.8789885583524,-6.212188558352395,2.212188558352395,0.9365319498101587,110.0,0.0,16020.606636,0.0,sickness_wave_edi_b737
C0063,CPT,BHX,A320,BHX-A320-CPT,1.0,138.87,31,12,103.0834,97.8789885583524,5.204411441647608,1.2044114416476075,1.0531718964233563,110.0,0.0,14315.191758,0.0,sickness_wave_edi_b737
C0064,CPT,BHX,A320,BHX-A320-CPT,1.0,190.87,31,12,89.75,97.8789885583524,-8.12898855835239,4.12898855835239,0.9169485843889148,110.0,0.0,17130.5825,0.0,sickness_wave_edi_b737
C0065,CPT,BHX,A320,BHX-A320-CPT,1.0,181.16,31,13,95.0,97.8789885583524,-2.8789885583523898,0.0,0.9705862453141716,110.0,0.0,17210.2,0.0,sickness_wave_edi_b737
C0066,CPT,BHX,A320,BHX-A320-CPT,0.5,147.01,11,3,25.0,17.365627002288328,7.634372997711672,3.634372997711672,1.43962553132724,55.0,0.0,3675.25,0.0,sickness_wave_edi_b737
C0067,CPT,BHX,A320,BHX-A320-CPT,1.0,161.67,23,9,67.8333,72.6198947368421,-4.786594736842105,0.7865947368421047,0.9340870053008528,110.0,0.0,10966.609610999998,0.0,sickness_wave_edi_b737
C0068,CPT,BHX,A320,BHX-A320-CPT,1.0,171.05,31,12,94.0833,97.8789885583524,-3.795688558352396,0.0,0.9612205988817556,110.0,0.0,16092.948465,0.0,sickness_wave_edi_b737
C0069,CPT,BHX,A320,BHX-A320-CPT,1.0,141.67,31,12,104.25,97.8789885583524,6.37101144164761,2.3710114416476102,1.0650906955158146,110.0,0.0,14769.097499999998,0.0,sickness_wave_edi_b737
C0070,CPT,BHX,A320,BHX-A320-CPT,1.0,168.68,31,12,92.4166,97.8789885583524,-5.462388558352387,1.4623885583523872,0.9441924294600176,110.0,0.0,15588.832088,0.0,sickness_wave_edi_b737
C0071,CPT,BHX,A320,BHX-A320-CPT,1.0,125.39,28,10,97.1667,88.40682837528604,8.759871624713966,4.759871624713966,1.0990859166163998,110.0,0.0,12183.732513,0.0,sickness_wave_edi_b737
C0072,CPT,BHX,A320,BHX-A320-CPT,1.0,154.19,31,11,97.5833,97.8789885583524,-0.2956885583523956,0.0,0.9969790394985936,110.0,0.0,15046.369027,0.0,sickness_wave_edi_b737
C0073,FO,BHX,A320,BHX-A320-FO,1.0,82.5,29,14,95.9167,97.19893603238866,-1.2822360323886528,0.0,0.9868081268712512,110.0,0.0,7913.127750000001,0.0,sickness_wave_edi_b737
C0074,FO,BHX,A320,BHX-A320-FO,0.75,77.97,22,7,50.8334,55.30284291497976,-4.469442914979759,0.4694429149797585,0.9191824022166294,82.5,0.0,3963.480198,0.0,sickness_wave_edi_b737
C0075,FO,BHX,A320,BHX-A320-FO,0.75,66.55,23,8,59.0834,57.81660850202429,1.26679149797571,0.0,1.0219105120621417,82.5,0.0,3932.00027,0.0,sickness_wave_edi_b737
C0076,FO,BHX,A320,BHX-A320-FO,1.0,79.19,31,13,102.7501,103.90231093117409,-1.152210931174082,0.0,0.9889106322963566,110.0,0.0,8136.780419,0.0,sickness_wave_edi_b737
C0077,FO,BHX,A320,BHX-A320-FO,1.0,79.06,29,12,93.7502,97.19893603238866,-3.448736032388652,0.0,0.9645187882381812,110.0,0.0,7411.890812000001,0.0,sickness_wave_edi_b737
C0078,FO,BHX,A320,BHX-A320-FO,1.0,58.75,31,12,107.8333,103.90231093117409,3.930989068825909,0.0,1.037833509510966,110.0,0.0,6335.206375,0.0,sickness_wave_edi_b737
C0079,FO,BHX,A320,BHX-A320-FO,1.0,91.62,31,12,97.4166,103.90231093117409,-6.485710931174083,2.485710931174083,0.9375787615015582,110.0,0.0,8925.308892000001,0.0,sickness_wave_edi_b737
C0080,FO,BHX,A320,BHX-A320-FO,1.0,74.37,27,11,89.4167,90.49556113360325,-1.078861133603226,0.0,0.98807829776302,110.0,0.0,6649.919979000001,0.0,sickness_wave_edi_b737
C0081,FO,BHX,A320,BHX-A320-FO,1.0,79.13,31,13,105.5,103.90231093117409,1.5976890688259149,0.0,1.015376838633399,110.0,0.0,8348.215,0.0,sickness_wave_edi_b737
C0082,FO,BHX,A320,BHX-A320-FO,1.0,69.41,4,2,16.5,13.40674979757085,3.09325020242915,0.0,1.2307233482487765,110.0,0.0,1145.265,0.0,sickness_wave_edi_b737
C0083,FO,BHX,A320,BHX-A320-FO,1.0,75.54,31,13,107.1664,103.90231093117409,3.2640890688259105,0.0,1.031414980471301,110.0,0.0,8095.349856000001,0.0,sickness_wave_edi_b737
C0084,FO,BHX,A320,BHX-A320-FO,1.0,66.42,31,12,108.6667,103.90231093117409,4.7643890688259205,0.7643890688259205,1.0458545053149193,110.0,0.0,7217.642214,0.0,sickness_wave_edi_b737
C0085,CPT,BHX,E190,BHX-E190-CPT,1.0,169.58,31,10,86.33330000000001,88.47469482758622,-2.141394827586211,0.0,0.9757965276765382,110.0,0.0,14640.401014000005,0.0,sickness_wave_edi_b737
C0086,CPT,BHX,E190,BHX-E190-CPT,1.0,189.89,19,6,51.1666,54.226425862068965,-3.059825862068962,0.0,0.9435731598860678,110.0,0.0,9716.025674,0.0,sickness_wave_edi_b737
C0087,CPT,BHX,E190,BHX-E190-CPT,1.0,137.79,25,9,76.4165,71.3505603448276,5.0659396551724,1.0659396551724,1.07100069895302,110.0,0.0,10529.429535,0.0,sickness_wave_edi_b737
C0088,CPT,BHX,E190,BHX-E190-CPT,1.0,165.31,31,10,87.0001,88.47469482758622,-1.4745948275862162,0.0,0.9833331459299204,110.0,0.0,14381.986531,0.0,sickness_wave_edi_b737
C0089,CPT,BHX,E190,BHX-E190-CPT,1.0,192.27,31,10,87.5836,88.47469482758622,-0.8910948275862154,0.0,0.989928252034972,110.0,0.0,16839.698772000003,0.0,sickness_wave_edi_b737
C0090,CPT,BHX,E190,BHX-E190-CPT,1.0,131.7,31,11,92.75,88.47469482758622,4.2753051724137805,0.2753051724137805,1.0483223500317826,110.0,0.0,12215.175,0.0,sickness_wave_edi_b737
C0091,CPT,BHX,E190,BHX-E190-CPT,1.0,169.65,31,10,83.2498,88.47469482758622,-5.224894827586226,1.224894827586226,0.9409447544547268,110.0,0.0,14123.32857,0.0,sickness_wave_edi_b737
C0092,CPT,BHX,E190,BHX-E190-CPT,1.0,155.28,31,11,91.5833,88.47469482758622,3.1086051724137747,0.0,1.0351355286217332,110.0,0.0,14221.054824,0.0,sickness_wave_edi_b737
C0093,CPT,BHX,E190,BHX-E190-CPT,1.0,125.29,29,10,86.9167,82.76665,4.150050000000007,0.1500500000000073,1.0501415727228298,110.0,0.0,10889.793343,0.0,sickness_wave_edi_b737
C0094,CPT,BHX,E190,BHX-E190-CPT,1.0,179.44,31,10,84.6666,88.47469482758622,-3.808094827586217,0.0,0.9569583728431368,110.0,0.0,15192.574704,0.0,sickness_wave_edi_b737
C0095,FO,BHX,E190,BHX-E190-FO,1.0,88.89,31,10,87.6668,86.68128885135135,0.9855111486486408,0.0,1.011369364273513,110.0,0.0,7792.701851999999,0.0,sickness_wave_edi_b737
C0096,FO,BHX,E190,BHX-E190-FO,1.0,58.48,31,10,86.9166,86.68128885135135,0.2353111486486483,0.0,1.00271467062577,110.0,0.0,5082.882768,0.0,sickness_wave_edi_b737
C0097,FO,BHX,E190,BHX-E190-FO,1.0,92.0,31,10,87.4165,86.68128885135135,0.735211148648645,0.0,1.0084817745374028,110.0,0.0,8042.318,0.0,sickness_wave_edi_b737
C0098,FO,BHX,E190,BHX-E190-FO,1.0,79.44,31,10,85.0832,86.68128885135135,-1.5980888513513491,0.0,0.9815636237932284,110.0,0.0,6759.009408,0.0,sickness_wave_edi_b737
C0099,FO,BHX,E190,BHX-E190-FO,1.0,84.09,31,10,86.9167,86.68128885135135,0.2354111486486516,0.0,1.002715824277283,110.0,0.0,7308.825303,0.0,sickness_wave_edi_b737
C0100,FO,BHX,E190,BHX-E190-FO,1.0,65.14,31,11,90.9168,86.68128885135135,4.235511148648641,0.2355111486486407,1.0488630384339586,110.0,0.0,5922.320352,0.0,sickness_wave_edi_b737
C0101,FO,BHX,E190,BHX-E190-FO,1.0,85.08,31,10,83.7499,86.68128885135135,-2.931388851351357,0.0,0.9661819881753448,110.0,0.0,7125.441492,0.0,sickness_wave_edi_b737
C0102,FO,BHX,E190,BHX-E190-FO,1.0,60.77,24,8,68.3334,67.10809459459459,1.2253054054054076,0.0,1.018258682694056,110.0,0.0,4152.620718,0.0,sickness_wave_edi_b737
C0103,FO,BHX,E190,BHX-E190-FO,1.0,91.64,24,8,65.5,67.10809459459459,-1.60809459459459,0.0,0.976037248497231,110.0,0.0,6002.42,0.0,sickness_wave_edi_b737
C0104,FO,BHX,E190,BHX-E190-FO,1.0,84.78,31,10,85.1666,86.68128885135135,-1.5146888513513517,0.0,0.9825257691547612,110.0,0.0,7220.424348,0.0,sickness_wave_edi_b737
C0105,CPT,EDI,A320,EDI-A320-CPT,1.0,179.75,31,14,105.9166,108.5000135667396,-2.583413566739594,0.0,0.9761897396892903,110.0,0.0,19038.50885,0.0,sickness_wave_edi_b737
C0106,CPT,EDI,A320,EDI-A320-CPT,1.0,157.68,22,10,78.0834,77.00000962800875,1.0833903719912428,0.0,1.0140700030717549,110.0,0.0,12312.190512,0.0,sickness_wave_edi_b737
C0107,CPT,EDI,A320,EDI-A320-CPT,1.0,140.25,25,11,92.5833,87.50001094091903,5.083289059080968,1.0832890590809685,1.058094724839672,110.0,0.0,12984.807825,0.0,sickness_wave_edi_b737
C0108,CPT,EDI,A320,EDI-A320-CPT,1.0,148.93,25,11,89.5834,87.50001094091903,2.083389059080972,0.0,1.023810157698011,110.0,0.0,13341.655762,0.0,sickness_wave_edi_b737
C0109,CPT,EDI,A320,EDI-A320-CPT,1.0,189.46,31,12,103.1668,108.5000135667396,-5.333213566739602,1.3332135667396017,0.9508459640564092,110.0,0.0,19545.981928,0.0,sickness_wave_edi_b737
C0110,CPT,EDI,A320,EDI-A320-CPT,0.5,157.74,31,7,57.0832,54.2500067833698,2.8331932166302,0.0,1.0522247532234172,55.0,2.083199999999998,9004.303968,164.30198399999983,sickness_wave_edi_b737
C0111,CPT,EDI,A320,EDI-A320-CPT,1.0,159.52,29,12,99.0001,101.50001269146608,-2.499912691466079,0.0,0.9753703213903512,110.0,0.0,15792.495952,0.0,sickness_wave_edi_b737
C0112,CPT,EDI,A320,EDI-A320-CPT,1.0,132.71,31,13,111.1666,108.5000135667396,2.666586433260406,0.0,1.0245768304132068,110.0,1.1666000000000023,14752.919486,77.40974300000018,sickness_wave_edi_b737
C0113,CPT,EDI,A320,EDI-A320-CPT,1.0,159.12,19,8,63.1667,66.50000831509847,-3.3333083150984706,0.0,0.949875069198425,110.0,0.0,10051.085304,0.0,sickness_wave_edi_b737
C0114,FO,EDI,A320,EDI-A320-FO,0.5,84.78,31,7,55.1668,55.77559752530933,-0.6087975253093276,0.0,0.9890848766786752,55.0,0.166800000000002,4677.041304,7.070652000000087,sickness_wave_edi_b737
C0115,FO,EDI,A320,EDI-A320-FO,1.0,68.14,31,14,111.6665,111.55119505061866,0.1153049493813398,0.0,1.0010336505075452,110.0,1.6664999999999992,7608.95531,56.77765499999997,sickness_wave_edi_b737
C0116,FO,EDI,A320,EDI-A320-FO,1.0,85.56,28,11,98.9166,100.7559181102362,-1.8393181102362064,0.0,0.9817448131610113,110.0,0.0,8463.304296,0.0,sickness_wave_edi_b737
C0117,FO,EDI,A320,EDI-A320-FO,1.0,81.57,29,13,105.5834,104.35434375703036,1.2290562429696337,0.0,1.0117777200135651,110.0,0.0,8612.437938,0.0,sickness_wave_edi_b737
C0118,FO,EDI,A320,EDI-A320-FO,1.0,91.66,31,13,109.6668,111.55119505061866,-1.8843950506186504,0.0,0.983107352191399,110.0,0.0,10052.058888,0.0,sickness_wave_edi_b737
C0119,FO,EDI,A320,EDI-A320-FO,0.75,65.57,31,10,79.75,83.66339628796399,-3.913396287963991,0.0,0.953224510818395,82.5,0.0,5229.2075,0.0,sickness_wave_edi_b737
C0120,FO,EDI,A320,EDI-A320-FO,1.0,71.54,25,12,94.0001,89.96064116985376,4.039458830146245,0.0394588301462448,1.044902512672396,110.0,0.0,6724.767154000001,0.0,sickness_wave_edi_b737
C0121,FO,EDI,A320,EDI-A320-FO,0.5,71.07,31,7,56.9999,55.77559752530933,1.224302474690667,0.0,1.021950503966096,55.0,1.999899999999997,4050.982893,71.06644649999987,sickness_wave_edi_b737
C0122,FO,EDI,A320,EDI-A320-FO,1.0,86.16,24,11,88.0,86.3622155230596,1.6377844769403964,0.0,1.0189641322541465,110.0,0.0,7582.08,0.0,sickness_wave_edi_b737
C0123,CPT,EDI,B737,EDI-B737-CPT,1.0,180.22,21,14,109.7501,112.28577142857142,-2.535671428571419,0.0,0.9774176959706382,110.0,0.0,19779.163022,0.0,sickness_wave_edi_b737
C0124,CPT,EDI,B737,EDI-B737-CPT,1.0,189.13,0,0,0.0,0.0,0.0,0.0,,110.0,0.0,0.0,0.0,sickness_wave_edi_b737
C0125,CPT,EDI,B737,EDI-B737-CPT,1.0,126.03,21,14,117.5833,112.28577142857142,5.297528571428586,1.297528571428586,1.0471789836239271,110.0,7.583300000000008,14819.023299,477.8616495000005,sickness_wave_edi_b737
C0126,CPT,EDI,B737,EDI-B737-CPT,0.5,185.18,18,7,54.75,48.12247346938776,6.627526530612244,2.6275265306122435,1.137722067317014,55.0,0.0,10138.605,0.0,sickness_wave_edi_b737
C0127,CPT,EDI,B737,EDI-B737-CPT,1.0,188.57,24,15,115.6668,128.32659591836736,-12.659795918367363,8.659795918367365,0.9013470603831752,110.0,5.666799999999995,21811.288476,534.2942379999995,sickness_wave_edi_b737
C0128,CPT,EDI,B737,EDI-B737-CPT,1.0,139.54,24,15,127.0001,128.32659591836736,-1.3264959183673568,0.0,0.9896631254895036,110.0,17.000100000000003,17721.593954,1186.0969770000002,sickness_wave_edi_b737
C0129,CPT,EDI,B737,EDI-B737-CPT,1.0,154.72,25,16,121.7501,133.673537414966,-11.923437414966005,7.923437414966003,0.910801811296788,110.0,11.750100000000003,18837.175472,908.9877360000004,sickness_wave_edi_b737
C0130,CPT,EDI,B737,EDI-B737-CPT,1.0,183.67,23,14,111.75,122.97965442176871,-11.229654421768714,7.229654421768714,0.9086868923598068,110.0,1.75,20525.1225,160.71124999999998,sickness_wave_edi_b737
C0131,FO,EDI,B737,EDI-B737-FO,1.0,91.26,30,13,96.8333,100.34047659574468,-3.5071765957446672,0.0,0.9650472400098864,110.0,0.0,8837.006958000002,0.0,sickness_wave_edi_b737
C0132,FO,EDI,B737,EDI-B737-FO,1.0,66.78,31,13,101.9166,103.68515914893617,-1.7685591489361627,0.0,0.9829429866004664,110.0,0.0,6805.990548000001,0.0,sickness_wave_edi_b737
C0133,FO,EDI,B737,EDI-B737-FO,1.0,87.44,31,13,106.3334,103.68515914893617,2.648240851063832,0.0,1.0255411755433566,110.0,0.0,9297.792496,0.0,sickness_wave_edi_b737
C0134,FO,EDI,B737,EDI-B737-FO,1.0,67.72,30,12,102.2501,100.34047659574468,1.909623404255328,0.0,1.019031436455588,110.0,0.0,6924.3767720000005,0.0,sickness_wave_edi_b737
C0135,FO,EDI,B737,EDI-B737-FO,1.0,74.96,30,12,96.3335,100.34047659574468,-4.006976595744675,0.0069765957446747,0.9600661992877696,110.0,0.0,7221.159159999999,0.0,sickness_wave_edi_b737
C0136,FO,EDI,B737,EDI-B737-FO,1.0,82.26,24,11,81.75,80.27238127659575,1.4776187234042482,0.0,1.0184075606068392,110.0,0.0,6724.755,0.0,sickness_wave_edi_b737
C0137,FO,EDI,B737,EDI-B737-FO,1.0,72.46,28,12,93.1668,93.65111148936172,-0.4843114893617155,0.0,0.9948285558851404,110.0,0.0,6750.866327999999,0.0,sickness_wave_edi_b737
C0138,FO,EDI,B737,EDI-B737-FO,1.0,60.3,31,12,107.4167,103.68515914893617,3.7315408510638406,0.0,1.035989151019229,110.0,0.0,6477.22701,0.0,sickness_wave_edi_b737
