flight_id,flight_number,duty_id,leg_seq,aircraft_type,dep_airport,arr_airport,dep_time_utc,arr_time_utc
F000001,ZX1001,D20261001-MAN-A320-01,1,A320,MAN,KRK,2026-10-01 07:15,2026-10-01 09:40
F000002,ZX1002,D20261001-MAN-A320-01,2,A320,KRK,MAN,2026-10-01 10:25,2026-10-01 12:50
F000003,ZX1003,D20261001-MAN-A320-02,1,A320,MAN,DUB,2026-10-01 11:00,2026-10-01 11:50
F000004,ZX1004,D20261001-MAN-A320-02,2,A320,DUB,MAN,2026-10-01 12:35,2026-10-01 13:25
F000005,ZX1005,D20261001-MAN-A320-02,3,A320,MAN,CDG,2026-10-01 14:10,2026-10-01 15:30
F000006,ZX1006,D20261001-MAN-A320-02,4,A320,CDG,MAN,2026-10-01 16:15,2026-10-01 17:40
F000007,ZX1007,D20261001-MAN-A320-03,1,A320,MAN,FAO,2026-10-01 16:30,2026-10-01 19:10
F000008,ZX1008,D20261001-MAN-A320-03,2,A320,FAO,MAN,2026-10-01 19:55,2026-10-01 22:40
F000009,ZX1009,D20261001-MAN-A320-04,1,A320,MAN,AMS,2026-10-01 07:30,2026-10-01 08:40
F000010,ZX1010,D20261001-MAN-A320-04,2,A320,AMS,MAN,2026-10-01 09:25,2026-10-01 10:35
F000011,ZX1011,D20261001-MAN-A320-04,3,A320,MAN,CDG,2026-10-01 11:20,2026-10-01 12:55
F000012,ZX1012,D20261001-MAN-A320-04,4,A320,CDG,MAN,2026-10-01 13:40,2026-10-01 15:00
F000013,ZX1013,D20261001-MAN-A320-05,1,A320,MAN,FCO,2026-10-01 11:00,2026-10-01 13:45
F000014,ZX1014,D20261001-MAN-A320-05,2,A320,FCO,MAN,2026-10-01 14:30,2026-10-01 17:10
F000015,ZX1015,D20261001-MAN-A320-06,1,A320,MAN,TFS,2026-10-01 17:00,2026-10-01 21:10
F000016,ZX1016,D20261001-MAN-A320-06,2,A320,TFS,MAN,2026-10-01 21:55,2026-10-02 02:15
F000017,ZX1017,D20261001-MAN-B737-01,1,B737,MAN,KRK,2026-10-01 06:45,2026-10-01 09:20
F000018,ZX1018,D20261001-MAN-B737-01,2,B737,KRK,MAN,2026-10-01 10:05,2026-10-01 12:35
F000019,ZX1019,D20261001-MAN-B737-02,1,B737,MAN,ALC,2026-10-01 12:30,2026-10-01 15:05
F000020,ZX1020,D20261001-MAN-B737-02,2,B737,ALC,MAN,2026-10-01 15:50,2026-10-01 18:10
F000021,ZX1021,D20261001-MAN-B737-03,1,B737,MAN,DUB,2026-10-01 15:45,2026-10-01 16:50
F000022,ZX1022,D20261001-MAN-B737-03,2,B737,DUB,MAN,2026-10-01 17:35,2026-10-01 18:35
F000023,ZX1023,D20261001-MAN-B737-03,3,B737,MAN,AMS,2026-10-01 19:20,2026-10-01 20:35
F000024,ZX1024,D20261001-MAN-B737-03,4,B737,AMS,MAN,2026-10-01 21:20,2026-10-01 22:40
F000025,ZX1025,D20261001-MAN-B737-04,1,B737,MAN,ALC,2026-10-01 06:15,2026-10-01 08:50
F000026,ZX1026,D20261001-MAN-B737-04,2,B737,ALC,MAN,2026-10-01 09:35,2026-10-01 12:10
F000027,ZX1027,D20261001-BHX-A320-01,1,A320,BHX,AMS,2026-10-01 07:15,2026-10-01 08:25
F000028,ZX1028,D20261001-BHX-A320-01,2,A320,AMS,BHX,2026-10-01 09:10,2026-10-01 10:25
F000029,ZX1029,D20261001-BHX-A320-01,3,A320,BHX,AMS,2026-10-01 11:10,2026-10-01 12:35
F000030,ZX1030,D20261001-BHX-A320-01,4,A320,AMS,BHX,2026-10-01 13:20,2026-10-01 14:40
F000031,ZX1031,D20261001-BHX-A320-02,1,A320,BHX,FCO,2026-10-01 12:00,2026-10-01 14:45
F000032,ZX1032,D20261001-BHX-A320-02,2,A320,FCO,BHX,2026-10-01 15:30,2026-10-01 18:15
F000033,ZX1033,D20261001-BHX-A320-03,1,A320,BHX,BRU,2026-10-01 15:45,2026-10-01 16:50
F000034,ZX1034,D20261001-BHX-A320-03,2,A320,BRU,BHX,2026-10-01 17:35,2026-10-01 18:40
F000035,ZX1035,D20261001-BHX-A320-03,3,A320,BHX,CDG,2026-10-01 19:25,2026-10-01 21:00
F000036,ZX1036,D20261001-BHX-A320-03,4,A320,CDG,BHX,2026-10-01 21:45,2026-10-01 23:20
F000037,ZX1037,D20261001-BHX-A320-04,1,A320,BHX,TFS,2026-10-01 06:30,2026-10-01 10:40
F000038,ZX1038,D20261001-BHX-A320-04,2,A320,TFS,BHX,2026-10-01 11:25,2026-10-01 15:45
F000039,ZX1039,D20261001-BHX-E190-01,1,E190,BHX,AMS,2026-10-01 06:45,2026-10-01 07:55
F000040,ZX1040,D20261001-BHX-E190-01,2,E190,AMS,BHX,2026-10-01 08:40,2026-10-01 10:00
F000041,ZX1041,D20261001-BHX-E190-01,3,E190,BHX,BRU,2026-10-01 10:45,2026-10-01 11:55
F000042,ZX1042,D20261001-BHX-E190-01,4,E190,BRU,BHX,2026-10-01 12:40,2026-10-01 13:55
F000043,ZX1043,D20261001-BHX-E190-02,1,E190,BHX,CDG,2026-10-01 11:45,2026-10-01 13:05
F000044,ZX1044,D20261001-BHX-E190-02,2,E190,CDG,BHX,2026-10-01 13:50,2026-10-01 15:25
F000045,ZX1045,D20261001-BHX-E190-02,3,E190,BHX,BRU,2026-10-01 16:10,2026-10-01 17:20
F000046,ZX1046,D20261001-BHX-E190-02,4,E190,BRU,BHX,2026-10-01 18:05,2026-10-01 19:05
F000047,ZX1047,D20261001-BHX-E190-03,1,E190,BHX,DUB,2026-10-01 15:30,2026-10-01 16:35
F000048,ZX1048,D20261001-BHX-E190-03,2,E190,DUB,BHX,2026-10-01 17:20,2026-10-01 18:25
F000049,ZX1049,D20261001-BHX-E190-03,3,E190,BHX,AMS,2026-10-01 19:10,2026-10-01 20:25
F000050,ZX1050,D20261001-BHX-E190-03,4,E190,AMS,BHX,2026-10-01 21:10,2026-10-01 22:15
F000051,ZX1051,D20261001-EDI-A320-01,1,A320,EDI,CDG,2026-10-01 06:45,2026-10-01 08:20
F000052,ZX1052,D20261001-EDI-A320-01,2,A320,CDG,EDI,2026-10-01 09:05,2026-10-01 10:35
F000053,ZX1053,D20261001-EDI-A320-01,3,A320,EDI,BRU,2026-10-01 11:20,2026-10-01 12:20
F000054,ZX1054,D20261001-EDI-A320-01,4,A320,BRU,EDI,2026-10-01 13:05,2026-10-01 14:20
F000055,ZX1055,D20261001-EDI-A320-02,1,A320,EDI,BRU,2026-10-01 12:15,2026-10-01 13:15
F000056,ZX1056,D20261001-EDI-A320-02,2,A320,BRU,EDI,2026-10-01 14:00,2026-10-01 15:10
F000057,ZX1057,D20261001-EDI-A320-02,3,A320,EDI,BRU,2026-10-01 15:55,2026-10-01 17:05
F000058,ZX1058,D20261001-EDI-A320-02,4,A320,BRU,EDI,2026-10-01 17:50,2026-10-01 19:10
F000059,ZX1059,D20261001-EDI-A320-03,1,A320,EDI,PMI,2026-10-01 16:45,2026-10-01 19:05
F000060,ZX1060,D20261001-EDI-A320-03,2,A320,PMI,EDI,2026-10-01 19:50,2026-10-01 22:00
F000061,ZX1061,D20261001-EDI-B737-01,1,B737,EDI,ALC,2026-10-01 07:15,2026-10-01 09:40
F000062,ZX1062,D20261001-EDI-B737-01,2,B737,ALC,EDI,2026-10-01 10:25,2026-10-01 13:00
F000063,ZX1063,D20261001-EDI-B737-02,1,B737,EDI,DUB,2026-10-01 12:00,2026-10-01 13:00
F000064,ZX1064,D20261001-EDI-B737-02,2,B737,DUB,EDI,2026-10-01 13:45,2026-10-01 14:35
F000065,ZX1065,D20261001-EDI-B737-02,3,B737,EDI,BRU,2026-10-01 15:20,2026-10-01 16:25
F000066,ZX1066,D20261001-EDI-B737-02,4,B737,BRU,EDI,2026-10-01 17:10,2026-10-01 18:30
F000067,ZX1067,D20261001-EDI-B737-03,1,B737,EDI,BCN,2026-10-01 17:00,2026-10-01 19:05
F000068,ZX1068,D20261001-EDI-B737-03,2,B737,BCN,EDI,2026-10-01 19:50,2026-10-01 22:00
F000069,ZX1069,D20261002-MAN-A320-01,1,A320,MAN,TFS,2026-10-02 06:00,2026-10-02 10:15
F000070,ZX1070,D20261002-MAN-A320-01,2,A320,TFS,MAN,2026-10-02 11:00,2026-10-02 15:20
F000071,ZX1071,D20261002-MAN-A320-02,1,A320,MAN,AMS,2026-10-02 12:00,2026-10-02 13:25
F000072,ZX1072,D20261002-MAN-A320-02,2,A320,AMS,MAN,2026-10-02 14:10,2026-10-02 15:20
F000073,ZX1073,D20261002-MAN-A320-02,3,A320,MAN,CDG,2026-10-02 16:05,2026-10-02 17:30
F000074,ZX1074,D20261002-MAN-A320-02,4,A320,CDG,MAN,2026-10-02 18:15,2026-10-02 19:40
F000075,ZX1075,D20261002-MAN-A320-03,1,A320,MAN,AMS,2026-10-02 15:45,2026-10-02 17:00
F000076,ZX1076,D20261002-MAN-A320-03,2,A320,AMS,MAN,2026-10-02 17:45,2026-10-02 19:05
F000077,ZX1077,D20261002-MAN-A320-03,3,A320,MAN,BRU,2026-10-02 19:50,2026-10-02 20:55
F000078,ZX1078,D20261002-MAN-A320-03,4,A320,BRU,MAN,2026-10-02 21:40,2026-10-02 23:00
F000079,ZX1079,D20261002-MAN-A320-04,1,A320,MAN,ALC,2026-10-02 06:45,2026-10-02 09:05
F000080,ZX1080,D20261002-MAN-A320-04,2,A320,ALC,MAN,2026-10-02 09:50,2026-10-02 12:10
F000081,ZX1081,D20261002-MAN-A320-05,1,A320,MAN,ALC,2026-10-02 12:00,2026-10-02 14:20
F000082,ZX1082,D20261002-MAN-A320-05,2,A320,ALC,MAN,2026-10-02 15:05,2026-10-02 17:40
F000083,ZX1083,D20261002-MAN-A320-06,1,A320,MAN,BCN,2026-10-02 15:30,2026-10-02 17:45
F000084,ZX1084,D20261002-MAN-A320-06,2,A320,BCN,MAN,2026-10-02 18:30,2026-10-02 20:30
F000085,ZX1085,D20261002-MAN-A320-07,1,A320,MAN,TFS,2026-10-02 06:15,2026-10-02 10:20
F000086,ZX1086,D20261002-MAN-A320-07,2,A320,TFS,MAN,2026-10-02 11:05,2026-10-02 15:10
F000087,ZX1087,D20261002-MAN-B737-01,1,B737,MAN,AMS,2026-10-02 07:00,2026-10-02 08:20
F000088,ZX1088,D20261002-MAN-B737-01,2,B737,AMS,MAN,2026-10-02 09:05,2026-10-02 10:15
F000089,ZX1089,D20261002-MAN-B737-01,3,B737,MAN,CDG,2026-10-02 11:00,2026-10-02 12:15
F000090,ZX1090,D20261002-MAN-B737-01,4,B737,CDG,MAN,2026-10-02 13:00,2026-10-02 14:25
F000091,ZX1091,D20261002-MAN-B737-02,1,B737,MAN,BCN,2026-10-02 11:45,2026-10-02 14:00
F000092,ZX1092,D20261002-MAN-B737-02,2,B737,BCN,MAN,2026-10-02 14:45,2026-10-02 17:05
F000093,ZX1093,D20261002-MAN-B737-03,1,B737,MAN,FCO,2026-10-02 15:30,2026-10-02 18:15
F000094,ZX1094,D20261002-MAN-B737-03,2,B737,FCO,MAN,2026-10-02 19:00,2026-10-02 21:30
F000095,ZX1095,D20261002-MAN-B737-04,1,B737,MAN,TFS,2026-10-02 06:15,2026-10-02 10:20
F000096,ZX1096,D20261002-MAN-B737-04,2,B737,TFS,MAN,2026-10-02 11:05,2026-10-02 15:10
F000097,ZX1097,D20261002-MAN-B737-05,1,B737,MAN,PRG,2026-10-02 11:45,2026-10-02 13:50
F000098,ZX1098,D20261002-MAN-B737-05,2,B737,PRG,MAN,2026-10-02 14:35,2026-10-02 16:45
F000099,ZX1099,D20261002-BHX-A320-01,1,A320,BHX,BCN,2026-10-02 07:00,2026-10-02 09:20
F000100,ZX1100,D20261002-BHX-A320-01,2,A320,BCN,BHX,2026-10-02 10:05,2026-10-02 12:25
F000101,ZX1101,D20261002-BHX-A320-02,1,A320,BHX,FAO,2026-10-02 12:30,2026-10-02 15:15
F000102,ZX1102,D20261002-BHX-A320-02,2,A320,FAO,BHX,2026-10-02 16:00,2026-10-02 18:40
F000103,ZX1103,D20261002-BHX-A320-03,1,A320,BHX,AMS,2026-10-02 16:15,2026-10-02 17:20
F000104,ZX1104,D20261002-BHX-A320-03,2,A320,AMS,BHX,2026-10-02 18:05,2026-10-02 19:20
F000105,ZX1105,D20261002-BHX-A320-03,3,A320,BHX,CDG,2026-10-02 20:05,2026-10-02 21:40
F000106,ZX1106,D20261002-BHX-A320-03,4,A320,CDG,BHX,2026-10-02 22:25,2026-10-02 23:55
F000107,ZX1107,D20261002-BHX-A320-04,1,A320,BHX,TFS,2026-10-02 06:30,2026-10-02 10:35
F000108,ZX1108,D20261002-BHX-A320-04,2,A320,TFS,BHX,2026-10-02 11:20,2026-10-02 15:25
F000109,ZX1109,D20261002-BHX-A320-05,1,A320,BHX,DUB,2026-10-02 11:00,2026-10-02 11:50
F000110,ZX1110,D20261002-BHX-A320-05,2,A320,DUB,BHX,2026-10-02 12:35,2026-10-02 13:35
F000111,ZX1111,D20261002-BHX-A320-05,3,A320,BHX,BRU,2026-10-02 14:20,2026-10-02 15:30
F000112,ZX1112,D20261002-BHX-A320-05,4,A320,BRU,BHX,2026-10-02 16:15,2026-10-02 17:30
F000113,ZX1113,D20261002-BHX-E190-01,1,E190,BHX,DUB,2026-10-02 06:15,2026-10-02 07:20
F000114,ZX1114,D20261002-BHX-E190-01,2,E190,DUB,BHX,2026-10-02 08:05,2026-10-02 08:55
F000115,ZX1115,D20261002-BHX-E190-01,3,E190,BHX,DUB,2026-10-02 09:40,2026-10-02 10:30
F000116,ZX1116,D20261002-BHX-E190-01,4,E190,DUB,BHX,2026-10-02 11:15,2026-10-02 12:20
F000117,ZX1117,D20261002-BHX-E190-02,1,E190,BHX,DUB,2026-10-02 11:45,2026-10-02 12:45
F000118,ZX1118,D20261002-BHX-E190-02,2,E190,DUB,BHX,2026-10-02 13:30,2026-10-02 14:20
F000119,ZX1119,D20261002-BHX-E190-02,3,E190,BHX,AMS,2026-10-02 15:05,2026-10-02 16:10
F000120,ZX1120,D20261002-BHX-E190-02,4,E190,AMS,BHX,2026-10-02 16:55,2026-10-02 18:15
F000121,ZX1121,D20261002-BHX-E190-03,1,E190,BHX,BRU,2026-10-02 16:30,2026-10-02 17:35
F000122,ZX1122,D20261002-BHX-E190-03,2,E190,BRU,BHX,2026-10-02 18:20,2026-10-02 19:35
F000123,ZX1123,D20261002-BHX-E190-03,3,E190,BHX,BRU,2026-10-02 20:20,2026-10-02 21:25
F000124,ZX1124,D20261002-BHX-E190-03,4,E190,BRU,BHX,2026-10-02 22:10,2026-10-02 23:20
F000125,ZX1125,D20261002-BHX-E190-04,1,E190,BHX,BRU,2026-10-02 07:15,2026-10-02 08:20
F000126,ZX1126,D20261002-BHX-E190-04,2,E190,BRU,BHX,2026-10-02 09:05,2026-10-02 10:20
F000127,ZX1127,D20261002-BHX-E190-04,3,E190,BHX,CDG,2026-10-02 11:05,2026-10-02 12:20
F000128,ZX1128,D20261002-BHX-E190-04,4,E190,CDG,BHX,2026-10-02 13:05,2026-10-02 14:30
F000129,ZX1129,D20261002-EDI-A320-01,1,A320,EDI,DUB,2026-10-02 07:00,2026-10-02 08:00
F000130,ZX1130,D20261002-EDI-A320-01,2,A320,DUB,EDI,2026-10-02 08:45,2026-10-02 09:40
F000131,ZX1131,D20261002-EDI-A320-01,3,A320,EDI,AMS,2026-10-02 10:25,2026-10-02 11:35
F000132,ZX1132,D20261002-EDI-A320-01,4,A320,AMS,EDI,2026-10-02 12:20,2026-10-02 13:25
F000133,ZX1133,D20261002-EDI-A320-02,1,A320,EDI,PMI,2026-10-02 11:15,2026-10-02 13:35
F000134,ZX1134,D20261002-EDI-A320-02,2,A320,PMI,EDI,2026-10-02 14:20,2026-10-02 16:40
F000135,ZX1135,D20261002-EDI-A320-03,1,A320,EDI,DUB,2026-10-02 16:00,2026-10-02 17:10
F000136,ZX1136,D20261002-EDI-A320-03,2,A320,DUB,EDI,2026-10-02 17:55,2026-10-02 18:45
F000137,ZX1137,D20261002-EDI-A320-03,3,A320,EDI,BRU,2026-10-02 19:30,2026-10-02 20:50
F000138,ZX1138,D20261002-EDI-A320-03,4,A320,BRU,EDI,2026-10-02 21:35,2026-10-02 22:40
F000139,ZX1139,D20261002-EDI-A320-04,1,A320,EDI,AMS,2026-10-02 06:00,2026-10-02 07:10
F000140,ZX1140,D20261002-EDI-A320-04,2,A320,AMS,EDI,2026-10-02 07:55,2026-10-02 09:05
F000141,ZX1141,D20261002-EDI-A320-04,3,A320,EDI,BRU,2026-10-02 09:50,2026-10-02 10:55
F000142,ZX1142,D20261002-EDI-A320-04,4,A320,BRU,EDI,2026-10-02 11:40,2026-10-02 12:55
F000143,ZX1143,D20261002-EDI-B737-01,1,B737,EDI,TFS,2026-10-02 07:30,2026-10-02 11:35
F000144,ZX1144,D20261002-EDI-B737-01,2,B737,TFS,EDI,2026-10-02 12:20,2026-10-02 16:40
F000145,ZX1145,D20261002-EDI-B737-02,1,B737,EDI,FAO,2026-10-02 11:00,2026-10-02 13:50
F000146,ZX1146,D20261002-EDI-B737-02,2,B737,FAO,EDI,2026-10-02 14:35,2026-10-02 17:10
F000147,ZX1147,D20261002-EDI-B737-03,1,B737,EDI,BRU,2026-10-02 16:00,2026-10-02 17:15
F000148,ZX1148,D20261002-EDI-B737-03,2,B737,BRU,EDI,2026-10-02 18:00,2026-10-02 19:10
F000149,ZX1149,D20261002-EDI-B737-03,3,B737,EDI,AMS,2026-10-02 19:55,2026-10-02 21:10
F000150,ZX1150,D20261002-EDI-B737-03,4,B737,AMS,EDI,2026-10-02 21:55,2026-10-02 23:00
F000151,ZX1151,D20261002-EDI-B737-04,1,B737,EDI,AMS,2026-10-02 06:00,2026-10-02 07:20
F000152,ZX1152,D20261002-EDI-B737-04,2,B737,AMS,EDI,2026-10-02 08:05,2026-10-02 09:20
F000153,ZX1153,D20261002-EDI-B737-04,3,B737,EDI,DUB,2026-10-02 10:05,2026-10-02 11:00
F000154,ZX1154,D20261002-EDI-B737-04,4,B737,DUB,EDI,2026-10-02 11:45,2026-10-02 12:40
F000155,ZX1155,D20261003-MAN-A320-01,1,A320,MAN,BCN,2026-10-03 06:30,2026-10-03 08:50
F000156,ZX1156,D20261003-MAN-A320-01,2,A320,BCN,MAN,2026-10-03 09:35,2026-10-03 11:40
F000157,ZX1157,D20261003-MAN-A320-02,1,A320,MAN,BRU,2026-10-03 11:15,2026-10-03 12:35
F000158,ZX1158,D20261003-MAN-A320-02,2,A320,BRU,MAN,2026-10-03 13:20,2026-10-03 14:35
F000159,ZX1159,D20261003-MAN-A320-02,3,A320,MAN,CDG,2026-10-03 15:20,2026-10-03 16:55
F000160,ZX1160,D20261003-MAN-A320-02,4,A320,CDG,MAN,2026-10-03 17:40,2026-10-03 19:00
F000161,ZX1161,D20261003-MAN-A320-03,1,A320,MAN,AMS,2026-10-03 15:45,2026-10-03 16:50
F000162,ZX1162,D20261003-MAN-A320-03,2,A320,AMS,MAN,2026-10-03 17:35,2026-10-03 18:55
F000163,ZX1163,D20261003-MAN-A320-03,3,A320,MAN,CDG,2026-10-03 19:40,2026-10-03 21:00
F000164,ZX1164,D20261003-MAN-A320-03,4,A320,CDG,MAN,2026-10-03 21:45,2026-10-03 23:20
F000165,ZX1165,D20261003-MAN-A320-04,1,A320,MAN,AMS,2026-10-03 07:30,2026-10-03 08:40
F000166,ZX1166,D20261003-MAN-A320-04,2,A320,AMS,MAN,2026-10-03 09:25,2026-10-03 10:45
F000167,ZX1167,D20261003-MAN-A320-04,3,A320,MAN,BRU,2026-10-03 11:30,2026-10-03 12:40
F000168,ZX1168,D20261003-MAN-A320-04,4,A320,BRU,MAN,2026-10-03 13:25,2026-10-03 14:25
F000169,ZX1169,D20261003-MAN-A320-05,1,A320,MAN,TFS,2026-10-03 11:45,2026-10-03 15:50
F000170,ZX1170,D20261003-MAN-A320-05,2,A320,TFS,MAN,2026-10-03 16:35,2026-10-03 20:50
F000171,ZX1171,D20261003-MAN-A320-06,1,A320,MAN,BCN,2026-10-03 17:00,2026-10-03 19:15
F000172,ZX1172,D20261003-MAN-A320-06,2,A320,BCN,MAN,2026-10-03 20:00,2026-10-03 22:10
F000173,ZX1173,D20261003-MAN-B737-01,1,B737,MAN,BRU,2026-10-03 06:30,2026-10-03 07:45
F000174,ZX1174,D20261003-MAN-B737-01,2,B737,BRU,MAN,2026-10-03 08:30,2026-10-03 09:40
F000175,ZX1175,D20261003-MAN-B737-01,3,B737,MAN,BRU,2026-10-03 10:25,2026-10-03 11:45
F000176,ZX1176,D20261003-MAN-B737-01,4,B737,BRU,MAN,2026-10-03 12:30,2026-10-03 13:40
F000177,ZX1177,D20261003-MAN-B737-02,1,B737,MAN,KRK,2026-10-03 11:00,2026-10-03 13:25
F000178,ZX1178,D20261003-MAN-B737-02,2,B737,KRK,MAN,2026-10-03 14:10,2026-10-03 16:50
F000179,ZX1179,D20261003-MAN-B737-03,1,B737,MAN,FAO,2026-10-03 16:00,2026-10-03 18:40
F000180,ZX1180,D20261003-MAN-B737-03,2,B737,FAO,MAN,2026-10-03 19:25,2026-10-03 22:15
F000181,ZX1181,D20261003-MAN-B737-04,1,B737,MAN,DUB,2026-10-03 06:45,2026-10-03 07:55
F000182,ZX1182,D20261003-MAN-B737-04,2,B737,DUB,MAN,2026-10-03 08:40,2026-10-03 09:35
F000183,ZX1183,D20261003-MAN-B737-04,3,B737,MAN,CDG,2026-10-03 10:20,2026-10-03 11:35
F000184,ZX1184,D20261003-MAN-B737-04,4,B737,CDG,MAN,2026-10-03 12:20,2026-10-03 13:45
F000185,ZX1185,D20261003-BHX-A320-01,1,A320,BHX,AMS,2026-10-03 07:00,2026-10-03 08:15
F000186,ZX1186,D20261003-BHX-A320-01,2,A320,AMS,BHX,2026-10-03 09:00,2026-10-03 10:25
F000187,ZX1187,D20261003-BHX-A320-01,3,A320,BHX,BRU,2026-10-03 11:10,2026-10-03 12:30
F000188,ZX1188,D20261003-BHX-A320-01,4,A320,BRU,BHX,2026-10-03 13:15,2026-10-03 14:25
F000189,ZX1189,D20261003-BHX-A320-02,1,A320,BHX,BRU,2026-10-03 12:15,2026-10-03 13:30
F000190,ZX1190,D20261003-BHX-A320-02,2,A320,BRU,BHX,2026-10-03 14:15,2026-10-03 15:20
F000191,ZX1191,D20261003-BHX-A320-02,3,A320,BHX,BRU,2026-10-03 16:05,2026-10-03 17:20
F000192,ZX1192,D20261003-BHX-A320-02,4,A320,BRU,BHX,2026-10-03 18:05,2026-10-03 19:15
F000193,ZX1193,D20261003-BHX-A320-03,1,A320,BHX,FAO,2026-10-03 15:45,2026-10-03 18:35
F000194,ZX1194,D20261003-BHX-A320-03,2,A320,FAO,BHX,2026-10-03 19:20,2026-10-03 22:15
F000195,ZX1195,D20261003-BHX-A320-04,1,A320,BHX,CDG,2026-10-03 07:00,2026-10-03 08:20
F000196,ZX1196,D20261003-BHX-A320-04,2,A320,CDG,BHX,2026-10-03 09:05,2026-10-03 10:25
F000197,ZX1197,D20261003-BHX-A320-04,3,A320,BHX,DUB,2026-10-03 11:10,2026-10-03 12:15
F000198,ZX1198,D20261003-BHX-A320-04,4,A320,DUB,BHX,2026-10-03 13:00,2026-10-03 14:00
F000199,ZX1199,D20261003-BHX-E190-01,1,E190,BHX,CDG,2026-10-03 06:30,2026-10-03 07:55
F000200,ZX1200,D20261003-BHX-E190-01,2,E190,CDG,BHX,2026-10-03 08:40,2026-10-03 10:00
F000201,ZX1201,D20261003-BHX-E190-01,3,E190,BHX,CDG,2026-10-03 10:45,2026-10-03 12:10
F000202,ZX1202,D20261003-BHX-E190-01,4,E190,CDG,BHX,2026-10-03 12:55,2026-10-03 14:30
F000203,ZX1203,D20261003-BHX-E190-02,1,E190,BHX,AMS,2026-10-03 12:30,2026-10-03 13:40
F000204,ZX1204,D20261003-BHX-E190-02,2,E190,AMS,BHX,2026-10-03 14:25,2026-10-03 15:45
F000205,ZX1205,D20261003-BHX-E190-02,3,E190,BHX,DUB,2026-10-03 16:30,2026-10-03 17:30
F000206,ZX1206,D20261003-BHX-E190-02,4,E190,DUB,BHX,2026-10-03 18:15,2026-10-03 19:05
F000207,ZX1207,D20261003-BHX-E190-03,1,E190,BHX,AMS,2026-10-03 17:00,2026-10-03 18:10
F000208,ZX1208,D20261003-BHX-E190-03,2,E190,AMS,BHX,2026-10-03 18:55,2026-10-03 20:05
F000209,ZX1209,D20261003-BHX-E190-03,3,E190,BHX,BRU,2026-10-03 20:50,2026-10-03 21:50
F000210,ZX1210,D20261003-BHX-E190-03,4,E190,BRU,BHX,2026-10-03 22:35,2026-10-03 23:40
F000211,ZX1211,D20261003-EDI-A320-01,1,A320,EDI,DUB,2026-10-03 06:45,2026-10-03 07:45
F000212,ZX1212,D20261003-EDI-A320-01,2,A320,DUB,EDI,2026-10-03 08:30,2026-10-03 09:35
F000213,ZX1213,D20261003-EDI-A320-01,3,A320,EDI,CDG,2026-10-03 10:20,2026-10-03 11:40
F000214,ZX1214,D20261003-EDI-A320-01,4,A320,CDG,EDI,2026-10-03 12:25,2026-10-03 13:55
F000215,ZX1215,D20261003-EDI-A320-02,1,A320,EDI,PMI,2026-10-03 11:45,2026-10-03 14:10
F000216,ZX1216,D20261003-EDI-A320-02,2,A320,PMI,EDI,2026-10-03 14:55,2026-10-03 17:05
F000217,ZX1217,D20261003-EDI-A320-03,1,A320,EDI,DUB,2026-10-03 17:00,2026-10-03 17:55
F000218,ZX1218,D20261003-EDI-A320-03,2,A320,DUB,EDI,2026-10-03 18:40,2026-10-03 19:45
F000219,ZX1219,D20261003-EDI-A320-03,3,A320,EDI,CDG,2026-10-03 20:30,2026-10-03 22:00
F000220,ZX1220,D20261003-EDI-A320-03,4,A320,CDG,EDI,2026-10-03 22:45,2026-10-04 00:10
F000221,ZX1221,D20261003-EDI-B737-01,1,B737,EDI,PRG,2026-10-03 07:00,2026-10-03 09:05
F000222,ZX1222,D20261003-EDI-B737-01,2,B737,PRG,EDI,2026-10-03 09:50,2026-10-03 12:00
F000223,ZX1223,D20261003-EDI-B737-02,1,B737,EDI,FCO,2026-10-03 12:15,2026-10-03 15:05
F000224,ZX1224,D20261003-EDI-B737-02,2,B737,FCO,EDI,2026-10-03 15:50,2026-10-03 18:40
F000225,ZX1225,D20261003-EDI-B737-03,1,B737,EDI,CDG,2026-10-03 16:30,2026-10-03 18:05
F000226,ZX1226,D20261003-EDI-B737-03,2,B737,CDG,EDI,2026-10-03 18:50,2026-10-03 20:20
F000227,ZX1227,D20261003-EDI-B737-03,3,B737,EDI,CDG,2026-10-03 21:05,2026-10-03 22:30
F000228,ZX1228,D20261003-EDI-B737-03,4,B737,CDG,EDI,2026-10-03 23:15,2026-10-04 00:35
F000229,ZX1229,D20261004-MAN-A320-01,1,A320,MAN,BRU,2026-10-04 06:15,2026-10-04 07:30
F000230,ZX1230,D20261004-MAN-A320-01,2,A320,BRU,MAN,2026-10-04 08:15,2026-10-04 09:20
F000231,ZX1231,D20261004-MAN-A320-01,3,A320,MAN,CDG,2026-10-04 10:05,2026-10-04 11:20
F000232,ZX1232,D20261004-MAN-A320-01,4,A320,CDG,MAN,2026-10-04 12:05,2026-10-04 13:25
F000233,ZX1233,D20261004-MAN-A320-02,1,A320,MAN,PRG,2026-10-04 11:30,2026-10-04 13:30
F000234,ZX1234,D20261004-MAN-A320-02,2,A320,PRG,MAN,2026-10-04 14:15,2026-10-04 16:15
F000235,ZX1235,D20261004-MAN-A320-03,1,A320,MAN,ALC,2026-10-04 16:45,2026-10-04 19:05
F000236,ZX1236,D20261004-MAN-A320-03,2,A320,ALC,MAN,2026-10-04 19:50,2026-10-04 22:20
F000237,ZX1237,D20261004-MAN-A320-04,1,A320,MAN,BCN,2026-10-04 07:00,2026-10-04 09:05
F000238,ZX1238,D20261004-MAN-A320-04,2,A320,BCN,MAN,2026-10-04 09:50,2026-10-04 12:00
F000239,ZX1239,D20261004-MAN-A320-05,1,A320,MAN,DUB,2026-10-04 12:30,2026-10-04 13:30
F000240,ZX1240,D20261004-MAN-A320-05,2,A320,DUB,MAN,2026-10-04 14:15,2026-10-04 15:25
F000241,ZX1241,D20261004-MAN-A320-05,3,A320,MAN,CDG,2026-10-04 16:10,2026-10-04 17:30
F000242,ZX1242,D20261004-MAN-A320-05,4,A320,CDG,MAN,2026-10-04 18:15,2026-10-04 19:40
F000243,ZX1243,D20261004-MAN-A320-06,1,A320,MAN,ALC,2026-10-04 17:00,2026-10-04 19:30
F000244,ZX1244,D20261004-MAN-A320-06,2,A320,ALC,MAN,2026-10-04 20:15,2026-10-04 22:40
F000245,ZX1245,D20261004-MAN-A320-07,1,A320,MAN,FCO,2026-10-04 06:45,2026-10-04 09:30
F000246,ZX1246,D20261004-MAN-A320-07,2,A320,FCO,MAN,2026-10-04 10:15,2026-10-04 13:00
F000247,ZX1247,D20261004-MAN-B737-01,1,B737,MAN,TFS,2026-10-04 07:15,2026-10-04 11:35
F000248,ZX1248,D20261004-MAN-B737-01,2,B737,TFS,MAN,2026-10-04 12:20,2026-10-04 16:40
F000249,ZX1249,D20261004-MAN-B737-02,1,B737,MAN,FAO,2026-10-04 12:00,2026-10-04 14:45
F000250,ZX1250,D20261004-MAN-B737-02,2,B737,FAO,MAN,2026-10-04 15:30,2026-10-04 18:20
F000251,ZX1251,D20261004-MAN-B737-03,1,B737,MAN,AMS,2026-10-04 15:30,2026-10-04 16:40
F000252,ZX1252,D20261004-MAN-B737-03,2,B737,AMS,MAN,2026-10-04 17:25,2026-10-04 18:35
F000253,ZX1253,D20261004-MAN-B737-03,3,B737,MAN,CDG,2026-10-04 19:20,2026-10-04 20:40
F000254,ZX1254,D20261004-MAN-B737-03,4,B737,CDG,MAN,2026-10-04 21:25,2026-10-04 22:50
F000255,ZX1255,D20261004-MAN-B737-04,1,B737,MAN,CDG,2026-10-04 06:30,2026-10-04 08:00
F000256,ZX1256,D20261004-MAN-B737-04,2,B737,CDG,MAN,2026-10-04 08:45,2026-10-04 10:15
F000257,ZX1257,D20261004-MAN-B737-04,3,B737,MAN,BRU,2026-10-04 11:00,2026-10-04 12:05
F000258,ZX1258,D20261004-MAN-B737-04,4,B737,BRU,MAN,2026-10-04 12:50,2026-10-04 13:50
F000259,ZX1259,D20261004-MAN-B737-05,1,B737,MAN,DUB,2026-10-04 11:00,2026-10-04 11:55
F000260,ZX1260,D20261004-MAN-B737-05,2,B737,DUB,MAN,2026-10-04 12:40,2026-10-04 13:30
F000261,ZX1261,D20261004-MAN-B737-05,3,B737,MAN,BRU,2026-10-04 14:15,2026-10-04 15:35
F000262,ZX1262,D20261004-MAN-B737-05,4,B737,BRU,MAN,2026-10-04 16:20,2026-10-04 17:20
F000263,ZX1263,D20261004-BHX-A320-01,1,A320,BHX,AMS,2026-10-04 06:00,2026-10-04 07:15
F000264,ZX1264,D20261004-BHX-A320-01,2,A320,AMS,BHX,2026-10-04 08:00,2026-10-04 09:10
F000265,ZX1265,D20261004-BHX-A320-01,3,A320,BHX,DUB,2026-10-04 09:55,2026-10-04 10:55
F000266,ZX1266,D20261004-BHX-A320-01,4,A320,DUB,BHX,2026-10-04 11:40,2026-10-04 12:30
F000267,ZX1267,D20261004-BHX-A320-02,1,A320,BHX,KRK,2026-10-04 11:15,2026-10-04 13:50
F000268,ZX1268,D20261004-BHX-A320-02,2,A320,KRK,BHX,2026-10-04 14:35,2026-10-04 17:00
F000269,ZX1269,D20261004-BHX-A320-03,1,A320,BHX,DUB,2026-10-04 16:30,2026-10-04 17:40
F000270,ZX1270,D20261004-BHX-A320-03,2,A320,DUB,BHX,2026-10-04 18:25,2026-10-04 19:15
F000271,ZX1271,D20261004-BHX-A320-03,3,A320,BHX,AMS,2026-10-04 20:00,2026-10-04 21:05
F000272,ZX1272,D20261004-BHX-A320-03,4,A320,AMS,BHX,2026-10-04 21:50,2026-10-04 23:00
F000273,ZX1273,D20261004-BHX-A320-04,1,A320,BHX,CDG,2026-10-04 07:15,2026-10-04 08:50
F000274,ZX1274,D20261004-BHX-A320-04,2,A320,CDG,BHX,2026-10-04 09:35,2026-10-04 10:55
F000275,ZX1275,D20261004-BHX-A320-04,3,A320,BHX,CDG,2026-10-04 11:40,2026-10-04 13:05
F000276,ZX1276,D20261004-BHX-A320-04,4,A320,CDG,BHX,2026-10-04 13:50,2026-10-04 15:20
F000277,ZX1277,D20261004-BHX-A320-05,1,A320,BHX,KRK,2026-10-04 11:15,2026-10-04 13:50
F000278,ZX1278,D20261004-BHX-A320-05,2,A320,KRK,BHX,2026-10-04 14:35,2026-10-04 17:05
F000279,ZX1279,D20261004-BHX-E190-01,1,E190,BHX,DUB,2026-10-04 06:00,2026-10-04 07:00
F000280,ZX1280,D20261004-BHX-E190-01,2,E190,DUB,BHX,2026-10-04 07:45,2026-10-04 08:50
F000281,ZX1281,D20261004-BHX-E190-01,3,E190,BHX,BRU,2026-10-04 09:35,2026-10-04 10:35
F000282,ZX1282,D20261004-BHX-E190-01,4,E190,BRU,BHX,2026-10-04 11:20,2026-10-04 12:35
F000283,ZX1283,D20261004-BHX-E190-02,1,E190,BHX,CDG,2026-10-04 11:00,2026-10-04 12:15
F000284,ZX1284,D20261004-BHX-E190-02,2,E190,CDG,BHX,2026-10-04 13:00,2026-10-04 14:35
F000285,ZX1285,D20261004-BHX-E190-02,3,E190,BHX,CDG,2026-10-04 15:20,2026-10-04 16:50
F000286,ZX1286,D20261004-BHX-E190-02,4,E190,CDG,BHX,2026-10-04 17:35,2026-10-04 19:05
F000287,ZX1287,D20261004-BHX-E190-03,1,E190,BHX,AMS,2026-10-04 16:45,2026-10-04 17:55
F000288,ZX1288,D20261004-BHX-E190-03,2,E190,AMS,BHX,2026-10-04 18:40,2026-10-04 19:55
F000289,ZX1289,D20261004-BHX-E190-03,3,E190,BHX,CDG,2026-10-04 20:40,2026-10-04 22:10
F000290,ZX1290,D20261004-BHX-E190-03,4,E190,CDG,BHX,2026-10-04 22:55,2026-10-05 00:20
F000291,ZX1291,D20261004-BHX-E190-04,1,E190,BHX,CDG,2026-10-04 07:00,2026-10-04 08:25
F000292,ZX1292,D20261004-BHX-E190-04,2,E190,CDG,BHX,2026-10-04 09:10,2026-10-04 10:40
F000293,ZX1293,D20261004-BHX-E190-04,3,E190,BHX,CDG,2026-10-04 11:25,2026-10-04 12:45
F000294,ZX1294,D20261004-BHX-E190-04,4,E190,CDG,BHX,2026-10-04 13:30,2026-10-04 15:00
F000295,ZX1295,D20261004-EDI-A320-01,1,A320,EDI,BRU,2026-10-04 07:30,2026-10-04 08:35
F000296,ZX1296,D20261004-EDI-A320-01,2,A320,BRU,EDI,2026-10-04 09:20,2026-10-04 10:30
F000297,ZX1297,D20261004-EDI-A320-01,3,A320,EDI,CDG,2026-10-04 11:15,2026-10-04 12:40
F000298,ZX1298,D20261004-EDI-A320-01,4,A320,CDG,EDI,2026-10-04 13:25,2026-10-04 14:50
F000299,ZX1299,D20261004-EDI-A320-02,1,A320,EDI,FCO,2026-10-04 11:00,2026-10-04 13:35
F000300,ZX1300,D20261004-EDI-A320-02,2,A320,FCO,EDI,2026-10-04 14:20,2026-10-04 16:55
F000301,ZX1301,D20261004-EDI-A320-03,1,A320,EDI,KRK,2026-10-04 17:00,2026-10-04 19:40
F000302,ZX1302,D20261004-EDI-A320-03,2,A320,KRK,EDI,2026-10-04 20:25,2026-10-04 23:00
F000303,ZX1303,D20261004-EDI-A320-04,1,A320,EDI,AMS,2026-10-04 06:30,2026-10-04 07:40
F000304,ZX1304,D20261004-EDI-A320-04,2,A320,AMS,EDI,2026-10-04 08:25,2026-10-04 09:40
F000305,ZX1305,D20261004-EDI-A320-04,3,A320,EDI,DUB,2026-10-04 10:25,2026-10-04 11:25
F000306,ZX1306,D20261004-EDI-A320-04,4,A320,DUB,EDI,2026-10-04 12:10,2026-10-04 13:05
F000307,ZX1307,D20261004-EDI-B737-01,1,B737,EDI,CDG,2026-10-04 06:45,2026-10-04 08:15
F000308,ZX1308,D20261004-EDI-B737-01,2,B737,CDG,EDI,2026-10-04 09:00,2026-10-04 10:15
F000309,ZX1309,D20261004-EDI-B737-01,3,B737,EDI,CDG,2026-10-04 11:00,2026-10-04 12:20
F000310,ZX1310,D20261004-EDI-B737-01,4,B737,CDG,EDI,2026-10-04 13:05,2026-10-04 14:35
F000311,ZX1311,D20261004-EDI-B737-02,1,B737,EDI,BRU,2026-10-04 11:30,2026-10-04 12:40
F000312,ZX1312,D20261004-EDI-B737-02,2,B737,BRU,EDI,2026-10-04 13:25,2026-10-04 14:30
F000313,ZX1313,D20261004-EDI-B737-02,3,B737,EDI,CDG,2026-10-04 15:15,2026-10-04 16:50
F000314,ZX1314,D20261004-EDI-B737-02,4,B737,CDG,EDI,2026-10-04 17:35,2026-10-04 19:00
F000315,ZX1315,D20261004-EDI-B737-03,1,B737,EDI,BRU,2026-10-04 16:00,2026-10-04 17:05
F000316,ZX1316,D20261004-EDI-B737-03,2,B737,BRU,EDI,2026-10-04 17:50,2026-10-04 18:50
F000317,ZX1317,D20261004-EDI-B737-03,3,B737,EDI,BRU,2026-10-04 19:35,2026-10-04 20:40
F000318,ZX1318,D20261004-EDI-B737-03,4,B737,BRU,EDI,2026-10-04 21:25,2026-10-04 22:25
F000319,ZX1319,D20261004-EDI-B737-04,1,B737,EDI,AMS,2026-10-04 07:00,2026-10-04 08:10
F000320,ZX1320,D20261004-EDI-B737-04,2,B737,AMS,EDI,2026-10-04 08:55,2026-10-04 10:10
F000321,ZX1321,D20261004-EDI-B737-04,3,B737,EDI,AMS,2026-10-04 10:55,2026-10-04 12:15
F000322,ZX1322,D20261004-EDI-B737-04,4,B737,AMS,EDI,2026-10-04 13:00,2026-10-04 14:25
F000323,ZX1323,D20261005-MAN-A320-01,1,A320,MAN,DUB,2026-10-05 07:00,2026-10-05 07:55
F000324,ZX1324,D20261005-MAN-A320-01,2,A320,DUB,MAN,2026-10-05 08:40,2026-10-05 09:35
F000325,ZX1325,D20261005-MAN-A320-01,3,A320,MAN,AMS,2026-10-05 10:20,2026-10-05 11:30
F000326,ZX1326,D20261005-MAN-A320-01,4,A320,AMS,MAN,2026-10-05 12:15,2026-10-05 13:35
F000327,ZX1327,D20261005-MAN-A320-02,1,A320,MAN,BCN,2026-10-05 11:15,2026-10-05 13:25
F000328,ZX1328,D20261005-MAN-A320-02,2,A320,BCN,MAN,2026-10-05 14:10,2026-10-05 16:25
F000329,ZX1329,D20261005-MAN-A320-03,1,A320,MAN,CDG,2026-10-05 15:45,2026-10-05 17:15
F000330,ZX1330,D20261005-MAN-A320-03,2,A320,CDG,MAN,2026-10-05 18:00,2026-10-05 19:25
F000331,ZX1331,D20261005-MAN-A320-03,3,A320,MAN,DUB,2026-10-05 20:10,2026-10-05 21:10
F000332,ZX1332,D20261005-MAN-A320-03,4,A320,DUB,MAN,2026-10-05 21:55,2026-10-05 22:55
F000333,ZX1333,D20261005-MAN-A320-04,1,A320,MAN,BRU,2026-10-05 06:15,2026-10-05 07:15
F000334,ZX1334,D20261005-MAN-A320-04,2,A320,BRU,MAN,2026-10-05 08:00,2026-10-05 09:00
F000335,ZX1335,D20261005-MAN-A320-04,3,A320,MAN,CDG,2026-10-05 09:45,2026-10-05 11:10
F000336,ZX1336,D20261005-MAN-A320-04,4,A320,CDG,MAN,2026-10-05 11:55,2026-10-05 13:20
F000337,ZX1337,D20261005-MAN-A320-05,1,A320,MAN,PMI,2026-10-05 12:15,2026-10-05 14:40
F000338,ZX1338,D20261005-MAN-A320-05,2,A320,PMI,MAN,2026-10-05 15:25,2026-10-05 17:55
F000339,ZX1339,D20261005-MAN-A320-06,1,A320,MAN,DUB,2026-10-05 15:30,2026-10-05 16:30
F000340,ZX1340,D20261005-MAN-A320-06,2,A320,DUB,MAN,2026-10-05 17:15,2026-10-05 18:20
F000341,ZX1341,D20261005-MAN-A320-06,3,A320,MAN,CDG,2026-10-05 19:05,2026-10-05 20:25
F000342,ZX1342,D20261005-MAN-A320-06,4,A320,CDG,MAN,2026-10-05 21:10,2026-10-05 22:35
F000343,ZX1343,D20261005-MAN-B737-01,1,B737,MAN,BRU,2026-10-05 06:45,2026-10-05 07:50
F000344,ZX1344,D20261005-MAN-B737-01,2,B737,BRU,MAN,2026-10-05 08:35,2026-10-05 09:45
F000345,ZX1345,D20261005-MAN-B737-01,3,B737,MAN,CDG,2026-10-05 10:30,2026-10-05 11:55
F000346,ZX1346,D20261005-MAN-B737-01,4,B737,CDG,MAN,2026-10-05 12:40,2026-10-05 14:10
F000347,ZX1347,D20261005-MAN-B737-02,1,B737,MAN,ALC,2026-10-05 12:30,2026-10-05 14:55
F000348,ZX1348,D20261005-MAN-B737-02,2,B737,ALC,MAN,2026-10-05 15:40,2026-10-05 18:00
F000349,ZX1349,D20261005-MAN-B737-03,1,B737,MAN,PRG,2026-10-05 15:45,2026-10-05 17:45
F000350,ZX1350,D20261005-MAN-B737-03,2,B737,PRG,MAN,2026-10-05 18:30,2026-10-05 20:35
F000351,ZX1351,D20261005-MAN-B737-04,1,B737,MAN,BRU,2026-10-05 07:15,2026-10-05 08:20
F000352,ZX1352,D20261005-MAN-B737-04,2,B737,BRU,MAN,2026-10-05 09:05,2026-10-05 10:20
F000353,ZX1353,D20261005-MAN-B737-04,3,B737,MAN,DUB,2026-10-05 11:05,2026-10-05 12:10
F000354,ZX1354,D20261005-MAN-B737-04,4,B737,DUB,MAN,2026-10-05 12:55,2026-10-05 13:55
F000355,ZX1355,D20261005-BHX-A320-01,1,A320,BHX,KRK,2026-10-05 07:15,2026-10-05 09:50
F000356,ZX1356,D20261005-BHX-A320-01,2,A320,KRK,BHX,2026-10-05 10:35,2026-10-05 13:10
F000357,ZX1357,D20261005-BHX-A320-02,1,A320,BHX,AMS,2026-10-05 12:15,2026-10-05 13:20
F000358,ZX1358,D20261005-BHX-A320-02,2,A320,AMS,BHX,2026-10-05 14:05,2026-10-05 15:15
F000359,ZX1359,D20261005-BHX-A320-02,3,A320,BHX,CDG,2026-10-05 16:00,2026-10-05 17:20
F000360,ZX1360,D20261005-BHX-A320-02,4,A320,CDG,BHX,2026-10-05 18:05,2026-10-05 19:25
F000361,ZX1361,D20261005-BHX-A320-03,1,A320,BHX,PMI,2026-10-05 15:45,2026-10-05 18:10
F000362,ZX1362,D20261005-BHX-A320-03,2,A320,PMI,BHX,2026-10-05 18:55,2026-10-05 21:15
F000363,ZX1363,D20261005-BHX-A320-04,1,A320,BHX,BRU,2026-10-05 07:30,2026-10-05 08:30
F000364,ZX1364,D20261005-BHX-A320-04,2,A320,BRU,BHX,2026-10-05 09:15,2026-10-05 10:30
F000365,ZX1365,D20261005-BHX-A320-04,3,A320,BHX,CDG,2026-10-05 11:15,2026-10-05 12:45
F000366,ZX1366,D20261005-BHX-A320-04,4,A320,CDG,BHX,2026-10-05 13:30,2026-10-05 15:05
F000367,ZX1367,D20261005-BHX-E190-01,1,E190,BHX,CDG,2026-10-05 07:00,2026-10-05 08:15
F000368,ZX1368,D20261005-BHX-E190-01,2,E190,CDG,BHX,2026-10-05 09:00,2026-10-05 10:15
F000369,ZX1369,D20261005-BHX-E190-01,3,E190,BHX,CDG,2026-10-05 11:00,2026-10-05 12:25
F000370,ZX1370,D20261005-BHX-E190-01,4,E190,CDG,BHX,2026-10-05 13:10,2026-10-05 14:30
F000371,ZX1371,D20261005-BHX-E190-02,1,E190,BHX,DUB,2026-10-05 11:30,2026-10-05 12:25
F000372,ZX1372,D20261005-BHX-E190-02,2,E190,DUB,BHX,2026-10-05 13:10,2026-10-05 14:15
F000373,ZX1373,D20261005-BHX-E190-02,3,E190,BHX,DUB,2026-10-05 15:00,2026-10-05 16:05
F000374,ZX1374,D20261005-BHX-E190-02,4,E190,DUB,BHX,2026-10-05 16:50,2026-10-05 17:50
F000375,ZX1375,D20261005-BHX-E190-03,1,E190,BHX,BRU,2026-10-05 15:30,2026-10-05 16:45
F000376,ZX1376,D20261005-BHX-E190-03,2,E190,BRU,BHX,2026-10-05 17:30,2026-10-05 18:35
F000377,ZX1377,D20261005-BHX-E190-03,3,E190,BHX,DUB,2026-10-05 19:20,2026-10-05 20:20
F000378,ZX1378,D20261005-BHX-E190-03,4,E190,DUB,BHX,2026-10-05 21:05,2026-10-05 22:05
F000379,ZX1379,D20261005-EDI-A320-01,1,A320,EDI,FAO,2026-10-05 06:30,2026-10-05 09:20
F000380,ZX1380,D20261005-EDI-A320-01,2,A320,FAO,EDI,2026-10-05 10:05,2026-10-05 12:50
F000381,ZX1381,D20261005-EDI-A320-02,1,A320,EDI,FAO,2026-10-05 11:00,2026-10-05 13:40
F000382,ZX1382,D20261005-EDI-A320-02,2,A320,FAO,EDI,2026-10-05 14:25,2026-10-05 17:15
F000383,ZX1383,D20261005-EDI-A320-03,1,A320,EDI,FAO,2026-10-05 17:00,2026-10-05 19:50
F000384,ZX1384,D20261005-EDI-A320-03,2,A320,FAO,EDI,2026-10-05 20:35,2026-10-05 23:15
F000385,ZX1385,D20261005-EDI-B737-01,1,B737,EDI,DUB,2026-10-05 06:45,2026-10-05 07:35
F000386,ZX1386,D20261005-EDI-B737-01,2,B737,DUB,EDI,2026-10-05 08:20,2026-10-05 09:15
F000387,ZX1387,D20261005-EDI-B737-01,3,B737,EDI,CDG,2026-10-05 10:00,2026-10-05 11:15
F000388,ZX1388,D20261005-EDI-B737-01,4,B737,CDG,EDI,2026-10-05 12:00,2026-10-05 13:30
F000389,ZX1389,D20261005-EDI-B737-02,1,B737,EDI,BCN,2026-10-05 12:30,2026-10-05 14:45
F000390,ZX1390,D20261005-EDI-B737-02,2,B737,BCN,EDI,2026-10-05 15:30,2026-10-05 17:40
F000391,ZX1391,D20261005-EDI-B737-03,1,B737,EDI,FCO,2026-10-05 16:15,2026-10-05 18:55
F000392,ZX1392,D20261005-EDI-B737-03,2,B737, fco ,EDI,2026-10-05 19:40,2026-10-05 22:20
F000393,ZX1393,D20261006-MAN-A320-01,1,A320,MAN,AMS,2026-10-06 06:45,2026-10-06 08:00
F000394,ZX1394,D20261006-MAN-A320-01,2,A320,AMS,MAN,2026-10-06 08:45,2026-10-06 10:10
F000395,ZX1395,D20261006-MAN-A320-01,3,A320,MAN,BRU,2026-10-06 10:55,2026-10-06 12:05
F000396,ZX1396,D20261006-MAN-A320-01,4,A320,BRU,MAN,2026-10-06 12:50,2026-10-06 14:05
F000397,ZX1397,D20261006-MAN-A320-02,1,A320,MAN,ALC,2026-10-06 11:00,2026-10-06 13:35
F000398,ZX1398,D20261006-MAN-A320-02,2,A320,ALC,MAN,2026-10-06 14:20,2026-10-06 16:45
F000399,ZX1399,D20261006-MAN-A320-03,1,A320,MAN,DUB,2026-10-06 15:30,2026-10-06 16:40
F000400,ZX1400,D20261006-MAN-A320-03,2,A320,DUB,MAN,2026-10-06 17:25,2026-10-06 18:35
F000401,ZX1401,D20261006-MAN-A320-03,3,A320,MAN,AMS,2026-10-06 19:20,2026-10-06 20:35
F000402,ZX1402,D20261006-MAN-A320-03,4,A320,AMS,MAN,2026-10-06 21:20,2026-10-06 22:25
F000403,ZX1403,D20261006-MAN-A320-04,1,A320,MAN,KRK,2026-10-06 07:30,2026-10-06 10:00
F000404,ZX1404,D20261006-MAN-A320-04,2,A320,KRK,MAN,2026-10-06 10:45,2026-10-06 13:10
F000405,ZX1405,D20261006-MAN-A320-05,1,A320,MAN,TFS,2026-10-06 12:30,2026-10-06 16:35
F000406,ZX1406,D20261006-MAN-A320-05,2,A320,TFS,MAN,2026-10-06 17:20,2026-10-06 21:30
F000407,ZX1407,D20261006-MAN-B737-01,1,B737,MAN,PMI,2026-10-06 06:45,2026-10-06 09:10
F000408,ZX1408,D20261006-MAN-B737-01,2,B737,PMI,MAN,2026-10-06 09:55,2026-10-06 12:10
F000409,ZX1409,D20261006-MAN-B737-02,1,B737,MAN,BRU,2026-10-06 12:30,2026-10-06 13:45
F000410,ZX1410,D20261006-MAN-B737-02,2,B737,BRU,MAN,2026-10-06 14:30,2026-10-06 15:35
F000411,ZX1411,D20261006-MAN-B737-02,3,B737,MAN,BRU,2026-10-06 16:20,2026-10-06 17:25
F000412,ZX1412,D20261006-MAN-B737-02,4,B737,BRU,MAN,2026-10-06 18:10,2026-10-06 19:20
F000413,ZX1413,D20261006-MAN-B737-03,1,B737,MAN,PMI,2026-10-06 16:45,2026-10-06 19:05
F000414,ZX1414,D20261006-MAN-B737-03,2,B737,PMI,MAN,2026-10-06 19:50,2026-10-06 22:10
F000415,ZX1415,D20261006-BHX-A320-01,1,A320,BHX,CDG,2026-10-06 06:30,2026-10-06 08:05
F000416,ZX1416,D20261006-BHX-A320-01,2,A320,CDG,BHX,2026-10-06 08:50,2026-10-06 10:20
F000417,ZX1417,D20261006-BHX-A320-01,3,A320,BHX,CDG,2026-10-06 11:05,2026-10-06 12:40
F000418,ZX1418,D20261006-BHX-A320-01,4,A320,CDG,BHX,2026-10-06 13:25,2026-10-06 14:45
F000419,ZX1419,D20261006-BHX-A320-02,1,A320,BHX,FAO,2026-10-06 11:45,2026-10-06 14:20
F000420,ZX1420,D20261006-BHX-A320-02,2,A320,FAO,BHX,2026-10-06 15:05,2026-10-06 17:55
F000421,ZX1421,D20261006-BHX-A320-03,1,A320,BHX,CDG,2026-10-06 16:45,2026-10-06 18:20
F000422,ZX1422,D20261006-BHX-A320-03,2,A320,CDG,BHX,2026-10-06 19:05,2026-10-06 20:35
F000423,ZX1423,D20261006-BHX-A320-03,3,A320,BHX,CDG,2026-10-06 21:20,2026-10-06 22:50
F000424,ZX1424,D20261006-BHX-A320-03,4,A320,CDG,BHX,2026-10-06 23:35,2026-10-07 00:55
F000425,ZX1425,D20261006-BHX-E190-01,1,E190,BHX,AMS,2026-10-06 06:00,2026-10-06 07:20
F000426,ZX1426,D20261006-BHX-E190-01,2,E190,AMS,BHX,2026-10-06 08:05,2026-10-06 09:25
F000427,ZX1427,D20261006-BHX-E190-01,3,E190,BHX,BRU,2026-10-06 10:10,2026-10-06 11:20
F000428,ZX1428,D20261006-BHX-E190-01,4,E190,BRU,BHX,2026-10-06 12:05,2026-10-06 13:15
F000429,ZX1429,D20261006-BHX-E190-02,1,E190,BHX,DUB,2026-10-06 11:45,2026-10-06 12:45
F000430,ZX1430,D20261006-BHX-E190-02,2,E190,DUB,BHX,2026-10-06 13:30,2026-10-06 14:35
F000431,ZX1431,D20261006-BHX-E190-02,3,E190,BHX,AMS,2026-10-06 15:20,2026-10-06 16:30
F000432,ZX1432,D20261006-BHX-E190-02,4,E190,AMS,BHX,2026-10-06 17:15,2026-10-06 18:30
F000433,ZX1433,D20261006-EDI-A320-01,1,A320,EDI,FAO,2026-10-06 06:30,2026-10-06 09:20
F000434,ZX1434,D20261006-EDI-A320-01,2,A320,FAO,EDI,2026-10-06 10:05,2026-10-06 12:55
F000435,ZX1435,D20261006-EDI-A320-02,1,A320,EDI,CDG,2026-10-06 12:30,2026-10-06 14:00
F000436,ZX1436,D20261006-EDI-A320-02,2,A320,CDG,EDI,2026-10-06 14:45,2026-10-06 16:20
F000437,ZX1437,D20261006-EDI-A320-02,3,A320,EDI,BRU,2026-10-06 17:05,2026-10-06 18:15
F000438,ZX1438,D20261006-EDI-A320-02,4,A320,BRU,EDI,2026-10-06 19:00,2026-10-06 20:10
F000439,ZX1439,D20261006-EDI-B737-01,1,B737,EDI,KRK,2026-10-06 07:00,2026-10-06 09:40
F000440,ZX1440,D20261006-EDI-B737-01,2,B737,KRK,EDI,2026-10-06 10:25,2026-10-06 13:00
F000441,ZX1441,D20261006-EDI-B737-02,1,B737,EDI,DUB,2026-10-06 11:45,2026-10-06 12:40
F000442,ZX1442,D20261006-EDI-B737-02,2,B737,DUB,EDI,2026-10-06 13:25,2026-10-06 14:20
F000443,ZX1443,D20261006-EDI-B737-02,3,B737,EDI,CDG,2026-10-06 15:05,2026-10-06 16:20
F000444,ZX1444,D20261006-EDI-B737-02,4,B737,CDG,EDI,2026-10-06 17:05,2026-10-06 18:25
F000445,ZX1445,D20261007-MAN-A320-01,1,A320,MAN,FCO,2026-10-07 06:00,2026-10-07 08:40
F000446,ZX1446,D20261007-MAN-A320-01,2,A320,FCO,MAN,2026-10-07 09:25,2026-10-07 12:00
F000447,ZX1447,D20261007-MAN-A320-02,1,A320,MAN,AMS,2026-10-07 11:45,2026-10-07 12:55
F000448,ZX1448,D20261007-MAN-A320-02,2,A320,AMS,MAN,2026-10-07 13:40,2026-10-07 14:55
F000449,ZX1449,D20261007-MAN-A320-02,3,A320,MAN,AMS,2026-10-07 15:40,2026-10-07 16:55
F000450,ZX1450,D20261007-MAN-A320-02,4,A320,AMS,MAN,2026-10-07 17:40,2026-10-07 19:00
F000451,ZX1451,D20261007-MAN-A320-03,1,A320,MAN,AMS,2026-10-07 16:15,2026-10-07 17:30
F000452,ZX1452,D20261007-MAN-A320-03,2,A320,AMS,MAN,2026-10-07 18:15,2026-10-07 19:25
F000453,ZX1453,D20261007-MAN-A320-03,3,A320,MAN,AMS,2026-10-07 20:10,2026-10-07 21:20
F000454,ZX1454,D20261007-MAN-A320-03,4,A320,AMS,MAN,2026-10-07 22:05,2026-10-07 23:10
F000455,ZX1455,D20261007-MAN-A320-04,1,A320,MAN,KRK,2026-10-07 07:30,2026-10-07 10:05
F000456,ZX1456,D20261007-MAN-A320-04,2,A320,KRK,MAN,2026-10-07 10:50,2026-10-07 13:15
F000457,ZX1457,D20261007-MAN-A320-05,1,A320,MAN,BRU,2026-10-07 11:45,2026-10-07 13:00
F000458,ZX1458,D20261007-MAN-A320-05,2,A320,BRU,MAN,2026-10-07 13:45,2026-10-07 14:55
F000459,ZX1459,D20261007-MAN-A320-05,3,A320,MAN,CDG,2026-10-07 15:40,2026-10-07 17:00
F000460,ZX1460,D20261007-MAN-A320-05,4,A320,CDG,MAN,2026-10-07 17:45,2026-10-07 19:20
F000461,ZX1461,D20261007-MAN-A320-06,1,A320,MAN,ALC,2026-10-07 17:00,2026-10-07 19:30
F000462,ZX1462,D20261007-MAN-A320-06,2,A320,ALC,MAN,2026-10-07 20:15,2026-10-07 22:40
F000463,ZX1463,D20261007-MAN-B737-01,1,B737,MAN,BRU,2026-10-07 06:30,2026-10-07 07:50
F000464,ZX1464,D20261007-MAN-B737-01,2,B737,BRU,MAN,2026-10-07 08:35,2026-10-07 09:50
F000465,ZX1465,D20261007-MAN-B737-01,3,B737,MAN,DUB,2026-10-07 10:35,2026-10-07 11:30
F000466,ZX1466,D20261007-MAN-B737-01,4,B737,DUB,MAN,2026-10-07 12:15,2026-10-07 13:15
F000467,ZX1467,D20261007-MAN-B737-02,1,B737,MAN,DUB,2026-10-07 12:15,2026-10-07 13:20
F000468,ZX1468,D20261007-MAN-B737-02,2,B737,DUB,MAN,2026-10-07 14:05,2026-10-07 15:15
F000469,ZX1469,D20261007-MAN-B737-02,3,B737,MAN,CDG,2026-10-07 16:00,2026-10-07 17:30
F000470,ZX1470,D20261007-MAN-B737-02,4,B737,CDG,MAN,2026-10-07 18:15,2026-10-07 19:35
F000471,ZX1471,D20261007-MAN-B737-03,1,B737,MAN,ALC,2026-10-07 17:00,2026-10-07 19:30
F000472,ZX1472,D20261007-MAN-B737-03,2,B737,ALC,MAN,2026-10-07 20:15,2026-10-07 22:50
F000473,ZX1473,D20261007-MAN-B737-04,1,B737,MAN,AMS,2026-10-07 07:15,2026-10-07 08:40
F000474,ZX1474,D20261007-MAN-B737-04,2,B737,AMS,MAN,2026-10-07 09:25,2026-10-07 10:45
F000475,ZX1475,D20261007-MAN-B737-04,3,B737,MAN,DUB,2026-10-07 11:30,2026-10-07 12:25
F000476,ZX1476,D20261007-MAN-B737-04,4,B737,DUB,MAN,2026-10-07 13:10,2026-10-07 14:10
F000477,ZX1477,D20261007-BHX-A320-01,1,A320,BHX,PMI,2026-10-07 07:00,2026-10-07 09:10
F000478,ZX1478,D20261007-BHX-A320-01,2,A320,PMI,BHX,2026-10-07 09:55,2026-10-07 12:10
F000479,ZX1479,D20261007-BHX-A320-02,1,A320,BHX,ALC,2026-10-07 12:15,2026-10-07 14:40
F000480,ZX1480,D20261007-BHX-A320-02,2,A320,ALC,BHX,2026-10-07 15:25,2026-10-07 17:55
F000481,ZX1481,D20261007-BHX-A320-03,1,A320,BHX,KRK,2026-10-07 16:00,2026-10-07 18:35
F000482,ZX1482,D20261007-BHX-A320-03,2,A320,KRK,BHX,2026-10-07 19:20,2026-10-07 21:45
F000483,ZX1483,D20261007-BHX-A320-04,1,A320,BHX,BRU,2026-10-07 07:30,2026-10-07 08:45
F000484,ZX1484,D20261007-BHX-A320-04,2,A320,BRU,BHX,2026-10-07 09:30,2026-10-07 10:40
F000485,ZX1485,D20261007-BHX-A320-04,3,A320,BHX,BRU,2026-10-07 11:25,2026-10-07 12:25
F000486,ZX1486,D20261007-BHX-A320-04,4,A320,BRU,BHX,2026-10-07 13:10,2026-10-07 14:25
F000487,ZX1487,D20261007-BHX-E190-01,1,E190,BHX,CDG,2026-10-07 06:15,2026-10-07 07:30
F000488,ZX1488,D20261007-BHX-E190-01,2,E190,CDG,BHX,2026-10-07 08:15,2026-10-07 09:40
F000489,ZX1489,D20261007-BHX-E190-01,3,E190,BHX,BRU,2026-10-07 10:25,2026-10-07 11:30
F000490,ZX1490,D20261007-BHX-E190-01,4,E190,BRU,BHX,2026-10-07 12:15,2026-10-07 13:15
F000491,ZX1491,D20261007-BHX-E190-02,1,E190,BHX,BRU,2026-10-07 11:30,2026-10-07 12:45
F000492,ZX1492,D20261007-BHX-E190-02,2,E190,BRU,BHX,2026-10-07 13:30,2026-10-07 14:50
F000493,ZX1493,D20261007-BHX-E190-02,3,E190,BHX,CDG,2026-10-07 15:35,2026-10-07 16:50
F000494,ZX1494,D20261007-BHX-E190-02,4,E190,CDG,BHX,2026-10-07 17:35,2026-10-07 18:55
F000495,ZX1495,D20261007-BHX-E190-03,1,E190,BHX,BRU,2026-10-07 15:30,2026-10-07 16:45
F000496,ZX1496,D20261007-BHX-E190-03,2,E190,BRU,BHX,2026-10-07 17:30,2026-10-07 18:45
F000497,ZX1497,D20261007-BHX-E190-03,3,E190,BHX,AMS,2026-10-07 19:30,2026-10-07 20:45
F000498,ZX1498,D20261007-BHX-E190-03,4,E190,AMS,BHX,2026-10-07 21:30,2026-10-07 22:50
F000499,ZX1499,D20261007-EDI-A320-01,1,A320,EDI,PMI,2026-10-07 07:15,2026-10-07 09:25
F000500,ZX1500,D20261007-EDI-A320-01,2,A320,PMI,EDI,2026-10-07 10:10,2026-10-07 12:20
F000501,ZX1501,D20261007-EDI-A320-02,1,A320,EDI,ALC,2026-10-07 11:45,2026-10-07 14:25
F000502,ZX1502,D20261007-EDI-A320-02,2,A320,ALC,EDI,2026-10-07 15:10,2026-10-07 17:35
F000503,ZX1503,D20261007-EDI-A320-03,1,A320,EDI,FAO,2026-10-07 16:15,2026-10-07 19:00
F000504,ZX1504,D20261007-EDI-A320-03,2,A320,FAO,EDI,2026-10-07 19:45,2026-10-07 22:35
F000505,ZX1505,D20261007-EDI-B737-01,1,B737,EDI,CDG,2026-10-07 06:45,2026-10-07 08:20
F000506,ZX1506,D20261007-EDI-B737-01,2,B737,CDG,EDI,2026-10-07 09:05,2026-10-07 10:25
F000507,ZX1507,D20261007-EDI-B737-01,3,B737,EDI,CDG,2026-10-07 11:10,2026-10-07 12:40
F000508,ZX1508,D20261007-EDI-B737-01,4,B737,CDG,EDI,2026-10-07 13:25,2026-10-07 14:45
F000509,ZX1509,D20261007-EDI-B737-02,1,B737,EDI,BRU,2026-10-07 11:45,2026-10-07 13:05
F000510,ZX1510,D20261007-EDI-B737-02,2,B737,BRU,EDI,2026-10-07 13:50,2026-10-07 14:55
F000511,ZX1511,D20261007-EDI-B737-02,3,B737,EDI,DUB,2026-10-07 15:40,2026-10-07 16:50
F000512,ZX1512,D20261007-EDI-B737-02,4,B737,DUB,EDI,2026-10-07 17:35,2026-10-07 18:40
F000513,ZX1513,D20261007-EDI-B737-03,1,B737,EDI,ALC,2026-10-07 15:30,2026-10-07 18:10
F000514,ZX1514,D20261007-EDI-B737-03,2,B737,ALC,EDI,2026-10-07 18:55,2026-10-07 21:35
F000515,ZX1515,D20261008-MAN-A320-01,1,A320,MAN,ALC,2026-10-08 07:30,2026-10-08 10:05
F000516,ZX1516,D20261008-MAN-A320-01,2,A320,ALC,MAN,2026-10-08 10:50,2026-10-08 13:20
F000517,ZX1517,D20261008-MAN-A320-02,1,A320,MAN,FCO,2026-10-08 11:00,2026-10-08 13:35
F000518,ZX1518,D20261008-MAN-A320-02,2,A320,FCO,MAN,2026-10-08 14:20,2026-10-08 16:55
F000519,ZX1519,D20261008-MAN-A320-03,1,A320,MAN,ALC,2026-10-08 16:30,2026-10-08 19:00
F000520,ZX1520,D20261008-MAN-A320-03,2,A320,ALC,MAN,2026-10-08 19:45,2026-10-08 22:20
F000521,ZX1521,D20261008-MAN-A320-04,1,A320,MAN,PMI,2026-10-08 06:15,2026-10-08 08:40
F000522,ZX1522,D20261008-MAN-A320-04,2,A320,PMI,MAN,2026-10-08 09:25,2026-10-08 11:45
F000523,ZX1523,D20261008-MAN-A320-05,1,A320,MAN,AMS,2026-10-08 11:30,2026-10-08 12:45
F000524,ZX1524,D20261008-MAN-A320-05,2,A320,AMS,MAN,2026-10-08 13:30,2026-10-08 14:50
F000525,ZX1525,D20261008-MAN-A320-05,3,A320,MAN,AMS,2026-10-08 15:35,2026-10-08 16:40
F000526,ZX1526,D20261008-MAN-A320-05,4,A320,AMS,MAN,2026-10-08 17:25,2026-10-08 18:45
F000527,ZX1527,D20261008-MAN-A320-06,1,A320,MAN,ALC,2026-10-08 15:45,2026-10-08 18:15
F000528,ZX1528,D20261008-MAN-A320-06,2,A320,ALC,MAN,2026-10-08 19:00,2026-10-08 21:20
F000529,ZX1529,D20261008-MAN-B737-01,1,B737,MAN,FAO,2026-10-08 06:30,2026-10-08 09:15
F000530,ZX1530,D20261008-MAN-B737-01,2,B737,FAO,MAN,2026-10-08 10:00,2026-10-08 12:50
F000531,ZX1531,D20261008-MAN-B737-02,1,B737,MAN,FCO,2026-10-08 11:45,2026-10-08 14:25
F000532,ZX1532,D20261008-MAN-B737-02,2,B737,FCO,MAN,2026-10-08 15:10,2026-10-08 17:40
F000533,ZX1533,D20261008-MAN-B737-03,1,B737,MAN,BCN,2026-10-08 16:30,2026-10-08 18:45
F000534,ZX1534,D20261008-MAN-B737-03,2,B737,BCN,MAN,2026-10-08 19:30,2026-10-08 21:50
F000535,ZX1535,D20261008-MAN-B737-04,1,B737,MAN,TFS,2026-10-08 07:15,2026-10-08 11:30
F000536,ZX1536,D20261008-MAN-B737-04,2,B737,TFS,MAN,2026-10-08 12:15,2026-10-08 16:15
F000537,ZX1537,D20261008-BHX-A320-01,1,A320,BHX,CDG,2026-10-08 06:45,2026-10-08 08:10
F000538,ZX1538,D20261008-BHX-A320-01,2,A320,CDG,BHX,2026-10-08 08:55,2026-10-08 10:30
F000539,ZX1539,D20261008-BHX-A320-01,3,A320,BHX,DUB,2026-10-08 11:15,2026-10-08 12:05
F000540,ZX1540,D20261008-BHX-A320-01,4,A320,DUB,BHX,2026-10-08 12:50,2026-10-08 13:40
F000541,ZX1541,D20261008-BHX-A320-02,1,A320,BHX,PMI,2026-10-08 12:00,2026-10-08 14:15
F000542,ZX1542,D20261008-BHX-A320-02,2,A320,PMI,BHX,2026-10-08 15:00,2026-10-08 17:25
F000543,ZX1543,D20261008-BHX-A320-03,1,A320,BHX,CDG,2026-10-08 16:30,2026-10-08 17:55
F000544,ZX1544,D20261008-BHX-A320-03,2,A320,CDG,BHX,2026-10-08 18:40,2026-10-08 20:05
F000545,ZX1545,D20261008-BHX-A320-03,3,A320,BHX,BRU,2026-10-08 20:50,2026-10-08 21:50
F000546,ZX1546,D20261008-BHX-A320-03,4,A320,BRU,BHX,2026-10-08 22:35,2026-10-08 23:50
F000547,ZX1547,D20261008-BHX-A320-04,1,A320,BHX,AMS,2026-10-08 07:30,2026-10-08 08:45
F000548,ZX1548,D20261008-BHX-A320-04,2,A320,AMS,BHX,2026-10-08 09:30,2026-10-08 10:40
F000549,ZX1549,D20261008-BHX-A320-04,3,A320,BHX,CDG,2026-10-08 11:25,2026-10-08 12:45
F000550,ZX1550,D20261008-BHX-A320-04,4,A320,CDG,BHX,2026-10-08 13:30,2026-10-08 14:55
F000551,ZX1551,D20261008-BHX-E190-01,1,E190,BHX,DUB,2026-10-08 06:45,2026-10-08 07:45
F000552,ZX1552,D20261008-BHX-E190-01,2,E190,DUB,BHX,2026-10-08 08:30,2026-10-08 09:35
F000553,ZX1553,D20261008-BHX-E190-01,3,E190,BHX,BRU,2026-10-08 10:20,2026-10-08 11:25
F000554,ZX1554,D20261008-BHX-E190-01,4,E190,BRU,BHX,2026-10-08 12:10,2026-10-08 13:15
F000555,ZX1555,D20261008-BHX-E190-02,1,E190,BHX,DUB,2026-10-08 11:45,2026-10-08 12:50
F000556,ZX1556,D20261008-BHX-E190-02,2,E190,DUB,BHX,2026-10-08 13:35,2026-10-08 14:25
F000557,ZX1557,D20261008-BHX-E190-02,3,E190,BHX,DUB,2026-10-08 15:10,2026-10-08 16:00
F000558,ZX1558,D20261008-BHX-E190-02,4,E190,DUB,BHX,2026-10-08 16:45,2026-10-08 17:50
F000559,ZX1559,D20261008-BHX-E190-03,1,E190,BHX,AMS,2026-10-08 17:00,2026-10-08 18:15
F000560,ZX1560,D20261008-BHX-E190-03,2,E190,AMS,BHX,2026-10-08 19:00,2026-10-08 20:15
F000561,ZX1561,D20261008-BHX-E190-03,3,E190,BHX,DUB,2026-10-08 21:00,2026-10-08 21:55
F000562,ZX1562,D20261008-BHX-E190-03,4,E190,DUB,BHX,2026-10-08 22:40,2026-10-08 23:30
F000563,ZX1563,D20261008-EDI-A320-01,1,A320,EDI,CDG,2026-10-08 06:30,2026-10-08 08:05
F000564,ZX1564,D20261008-EDI-A320-01,2,A320,CDG,EDI,2026-10-08 08:50,2026-10-08 10:15
F000565,ZX1565,D20261008-EDI-A320-01,3,A320,EDI,DUB,2026-10-08 11:00,2026-10-08 11:55
F000566,ZX1566,D20261008-EDI-A320-01,4,A320,DUB,EDI,2026-10-08 12:40,2026-10-08 13:40
F000567,ZX1567,D20261008-EDI-A320-02,1,A320,EDI,TFS,2026-10-08 11:15,2026-10-08 15:20
F000568,ZX1568,D20261008-EDI-A320-02,2,A320,TFS,EDI,2026-10-08 16:05,2026-10-08 20:05
F000569,ZX1569,D20261008-EDI-A320-03,1,A320,EDI,DUB,2026-10-08 17:00,2026-10-08 18:00
F000570,ZX1570,D20261008-EDI-A320-03,2,A320,DUB,EDI,2026-10-08 18:45,2026-10-08 19:50
F000571,ZX1571,D20261008-EDI-A320-03,3,A320,EDI,BRU,2026-10-08 20:35,2026-10-08 21:50
F000572,ZX1572,D20261008-EDI-A320-03,4,A320,BRU,EDI,2026-10-08 22:35,2026-10-08 23:55
F000573,ZX1573,D20261008-EDI-B737-01,1,B737,EDI,DUB,2026-10-08 07:30,2026-10-08 08:20
F000574,ZX1574,D20261008-EDI-B737-01,2,B737,DUB,EDI,2026-10-08 09:05,2026-10-08 10:00
F000575,ZX1575,D20261008-EDI-B737-01,3,B737,EDI,BRU,2026-10-08 10:45,2026-10-08 12:00
F000576,ZX1576,D20261008-EDI-B737-01,4,B737,BRU,EDI,2026-10-08 12:45,2026-10-08 14:05
F000577,ZX1577,D20261008-EDI-B737-02,1,B737,EDI,PMI,2026-10-08 11:30,2026-10-08 13:50
F000578,ZX1578,D20261008-EDI-B737-02,2,B737,PMI,EDI,2026-10-08 14:35,2026-10-08 16:55
F000579,ZX1579,D20261008-EDI-B737-03,1,B737,EDI,DUB,2026-10-08 15:45,2026-10-08 16:50
F000580,ZX1580,D20261008-EDI-B737-03,2,B737,DUB,EDI,2026-10-08 17:35,2026-10-08 18:30
F000581,ZX1581,D20261008-EDI-B737-03,3,B737,EDI,DUB,2026-10-08 19:15,2026-10-08 20:15
F000582,ZX1582,D20261008-EDI-B737-03,4,B737,DUB,EDI,2026-10-08 21:00,2026-10-08 21:55
F000583,ZX1583,D20261009-MAN-A320-01,1,A320,MAN,FCO,2026-10-09 06:30,2026-10-09 09:15
F000584,ZX1584,D20261009-MAN-A320-01,2,A320,FCO,MAN,2026-10-09 10:00,2026-10-09 12:40
F000585,ZX1585,D20261009-MAN-A320-02,1,A320,MAN,AMS,2026-10-09 11:00,2026-10-09 12:20
F000586,ZX1586,D20261009-MAN-A320-02,2,A320,AMS,MAN,2026-10-09 13:05,2026-10-09 14:10
F000587,ZX1587,D20261009-MAN-A320-02,3,A320,MAN,AMS,2026-10-09 14:55,2026-10-09 16:00
F000588,ZX1588,D20261009-MAN-A320-02,4,A320,AMS,MAN,2026-10-09 16:45,2026-10-09 18:00
F000589,ZX1589,D20261009-MAN-A320-03,1,A320,MAN,TFS,2026-10-09 16:15,2026-10-09 20:25
F000590,ZX1590,D20261009-MAN-A320-03,2,A320,TFS,MAN,2026-10-09 21:10,2026-10-10 01:15
F000591,ZX1591,D20261009-MAN-A320-04,1,A320,MAN,FAO,2026-10-09 07:00,2026-10-09 09:35
F000592,ZX1592,D20261009-MAN-A320-04,2,A320,FAO,MAN,2026-10-09 10:20,2026-10-09 13:10
F000593,ZX1593,D20261009-MAN-A320-05,1,A320,MAN,KRK,2026-10-09 12:00,2026-10-09 14:20
F000594,ZX1594,D20261009-MAN-A320-05,2,A320,KRK,MAN,2026-10-09 15:05,2026-10-09 17:35
F000595,ZX1595,D20261009-MAN-A320-06,1,A320,MAN,ALC,2026-10-09 16:30,2026-10-09 18:55
F000596,ZX1596,D20261009-MAN-A320-06,2,A320,ALC,MAN,2026-10-09 19:40,2026-10-09 22:05
F000597,ZX1597,D20261009-MAN-A320-07,1,A320,MAN,BRU,2026-10-09 06:15,2026-10-09 07:15
F000598,ZX1598,D20261009-MAN-A320-07,2,A320,BRU,MAN,2026-10-09 08:00,2026-10-09 09:10
F000599,ZX1599,D20261009-MAN-A320-07,3,A320,MAN,BRU,2026-10-09 09:55,2026-10-09 11:05
F000600,ZX1600,D20261009-MAN-A320-07,4,A320,BRU,MAN,2026-10-09 11:50,2026-10-09 12:55
F000601,ZX1601,D20261009-MAN-B737-01,1,B737,MAN,BRU,2026-10-09 07:00,2026-10-09 08:10
F000602,ZX1602,D20261009-MAN-B737-01,2,B737,BRU,MAN,2026-10-09 08:55,2026-10-09 10:10
F000603,ZX1603,D20261009-MAN-B737-01,3,B737,MAN,DUB,2026-10-09 10:55,2026-10-09 11:55
F000604,ZX1604,D20261009-MAN-B737-01,4,B737,DUB,MAN,2026-10-09 12:40,2026-10-09 13:40
F000605,ZX1605,D20261009-MAN-B737-02,1,B737,MAN,CDG,2026-10-09 11:00,2026-10-09 12:30
F000606,ZX1606,D20261009-MAN-B737-02,2,B737,CDG,MAN,2026-10-09 13:15,2026-10-09 14:40
F000607,ZX1607,D20261009-MAN-B737-02,3,B737,MAN,CDG,2026-10-09 15:25,2026-10-09 16:40
F000608,ZX1608,D20261009-MAN-B737-02,4,B737,CDG,MAN,2026-10-09 17:25,2026-10-09 18:40
F000609,ZX1609,D20261009-MAN-B737-03,1,B737,MAN,TFS,2026-10-09 16:00,2026-10-09 20:15
F000610,ZX1610,D20261009-MAN-B737-03,2,B737,TFS,MAN,2026-10-09 21:00,2026-10-10 01:20
F000611,ZX1611,D20261009-MAN-B737-04,1,B737,MAN,PRG,2026-10-09 06:00,2026-10-09 08:00
F000612,ZX1612,D20261009-MAN-B737-04,2,B737,PRG,MAN,2026-10-09 08:45,2026-10-09 10:50
F000613,ZX1613,D20261009-MAN-B737-05,1,B737,MAN,KRK,2026-10-09 12:00,2026-10-09 14:35
F000614,ZX1614,D20261009-MAN-B737-05,2,B737,KRK,MAN,2026-10-09 15:20,2026-10-09 17:45
F000615,ZX1615,D20261009-BHX-A320-01,1,A320,BHX,PRG,2026-10-09 07:30,2026-10-09 09:35
F000616,ZX1616,D20261009-BHX-A320-01,2,A320,PRG,BHX,2026-10-09 10:20,2026-10-09 12:20
F000617,ZX1617,D20261009-BHX-A320-02,1,A320,BHX,PMI,2026-10-09 12:30,2026-10-09 14:45
F000618,ZX1618,D20261009-BHX-A320-02,2,A320,PMI,BHX,2026-10-09 15:30,2026-10-09 17:45
F000619,ZX1619,D20261009-BHX-A320-03,1,A320,BHX,PMI,2026-10-09 15:45,2026-10-09 18:10
F000620,ZX1620,D20261009-BHX-A320-03,2,A320,PMI,BHX,2026-10-09 18:55,2026-10-09 21:20
F000621,ZX1621,D20261009-BHX-A320-04,1,A320,BHX,CDG,2026-10-09 06:15,2026-10-09 07:45
F000622,ZX1622,D20261009-BHX-A320-04,2,A320,CDG,BHX,2026-10-09 08:30,2026-10-09 10:00
F000623,ZX1623,D20261009-BHX-A320-04,3,A320,BHX,CDG,2026-10-09 10:45,2026-10-09 12:10
F000624,ZX1624,D20261009-BHX-A320-04,4,A320,CDG,BHX,2026-10-09 12:55,2026-10-09 14:30
F000625,ZX1625,D20261009-BHX-A320-05,1,A320,BHX,BRU,2026-10-09 12:00,2026-10-09 13:05
F000626,ZX1626,D20261009-BHX-A320-05,2,A320,BRU,BHX,2026-10-09 13:50,2026-10-09 14:50
F000627,ZX1627,D20261009-BHX-A320-05,3,A320,BHX,BRU,2026-10-09 15:35,2026-10-09 16:45
F000628,ZX1628,D20261009-BHX-A320-05,4,A320,BRU,BHX,2026-10-09 17:30,2026-10-09 18:35
F000629,ZX1629,D20261009-BHX-E190-01,1,E190,BHX,DUB,2026-10-09 06:30,2026-10-09 07:30
F000630,ZX1630,D20261009-BHX-E190-01,2,E190,DUB,BHX,2026-10-09 08:15,2026-10-09 09:10
F000631,ZX1631,D20261009-BHX-E190-01,3,E190,BHX,BRU,2026-10-09 09:55,2026-10-09 11:05
F000632,ZX1632,D20261009-BHX-E190-01,4,E190,BRU,BHX,2026-10-09 11:50,2026-10-09 12:50
F000633,ZX1633,D20261009-BHX-E190-02,1,E190,BHX,BRU,2026-10-09 12:30,2026-10-09 13:45
F000634,ZX1634,D20261009-BHX-E190-02,2,E190,BRU,BHX,2026-10-09 14:30,2026-10-09 15:50
F000635,ZX1635,D20261009-BHX-E190-02,3,E190,BHX,DUB,2026-10-09 16:35,2026-10-09 17:25
F000636,ZX1636,D20261009-BHX-E190-02,4,E190,DUB,BHX,2026-10-09 18:10,2026-10-09 19:10
F000637,ZX1637,D20261009-BHX-E190-03,1,E190,BHX,CDG,2026-10-09 16:15,2026-10-09 17:40
F000638,ZX1638,D20261009-BHX-E190-03,2,E190,CDG,BHX,2026-10-09 18:25,2026-10-09 19:55
F000639,ZX1639,D20261009-BHX-E190-03,3,E190,BHX,DUB,2026-10-09 20:40,2026-10-09 21:45
F000640,ZX1640,D20261009-BHX-E190-03,4,E190,DUB,BHX,2026-10-09 22:30,2026-10-09 23:25
F000641,ZX1641,D20261009-BHX-E190-04,1,E190,BHX,AMS,2026-10-09 06:45,2026-10-09 08:00
F000642,ZX1642,D20261009-BHX-E190-04,2,E190,AMS,BHX,2026-10-09 08:45,2026-10-09 10:05
F000643,ZX1643,D20261009-BHX-E190-04,3,E190,BHX,DUB,2026-10-09 10:50,2026-10-09 11:55
F000644,ZX1644,D20261009-BHX-E190-04,4,E190,DUB,BHX,2026-10-09 12:40,2026-10-09 13:50
F000645,ZX1645,D20261009-EDI-A320-01,1,A320,EDI,PMI,2026-10-09 06:00,2026-10-09 08:10
F000646,ZX1646,D20261009-EDI-A320-01,2,A320,PMI,EDI,2026-10-09 08:55,2026-10-09 11:20
F000647,ZX1647,D20261009-EDI-A320-02,1,A320,EDI,PMI,2026-10-09 11:45,2026-10-09 14:00
F000648,ZX1648,D20261009-EDI-A320-02,2,A320,PMI,EDI,2026-10-09 14:45,2026-10-09 17:15
F000649,ZX1649,D20261009-EDI-A320-03,1,A320,EDI,FCO,2026-10-09 16:15,2026-10-09 19:00
F000650,ZX1650,D20261009-EDI-A320-03,2,A320,FCO,EDI,2026-10-09 19:45,2026-10-09 22:15
F000651,ZX1651,D20261009-EDI-A320-04,1,A320,EDI,DUB,2026-10-09 07:15,2026-10-09 08:05
F000652,ZX1652,D20261009-EDI-A320-04,2,A320,DUB,EDI,2026-10-09 08:50,2026-10-09 09:55
F000653,ZX1653,D20261009-EDI-A320-04,3,A320,EDI,BRU,2026-10-09 10:40,2026-10-09 11:45
F000654,ZX1654,D20261009-EDI-A320-04,4,A320,BRU,EDI,2026-10-09 12:30,2026-10-09 13:45
F000655,ZX1655,D20261009-EDI-B737-01,1,B737,EDI,AMS,2026-10-09 07:15,2026-10-09 08:20
F000656,ZX1656,D20261009-EDI-B737-01,2,B737,AMS,EDI,2026-10-09 09:05,2026-10-09 10:25
F000657,ZX1657,D20261009-EDI-B737-01,3,B737,EDI,BRU,2026-10-09 11:10,2026-10-09 12:30
F000658,ZX1658,D20261009-EDI-B737-01,4,B737,BRU,EDI,2026-10-09 13:15,2026-10-09 14:20
F000659,ZX1659,D20261009-EDI-B737-02,1,B737,EDI,CDG,2026-10-09 12:15,2026-10-09 13:40
F000660,ZX1660,D20261009-EDI-B737-02,2,B737,CDG,EDI,2026-10-09 14:25,2026-10-09 16:00
F000661,ZX1661,D20261009-EDI-B737-02,3,B737,EDI,AMS,2026-10-09 16:45,2026-10-09 17:55
F000662,ZX1662,D20261009-EDI-B737-02,4,B737,AMS,EDI,2026-10-09 18:40,2026-10-09 19:55
F000663,ZX1663,D20261009-EDI-B737-03,1,B737,EDI,PMI,2026-10-09 17:00,2026-10-09 19:25
F000664,ZX1664,D20261009-EDI-B737-03,2,B737,PMI,EDI,2026-10-09 20:10,2026-10-09 22:35
F000665,ZX1665,D20261009-EDI-B737-04,1,B737,EDI,DUB,2026-10-09 07:15,2026-10-09 08:15
F000666,ZX1666,D20261009-EDI-B737-04,2,B737,DUB,EDI,2026-10-09 09:00,2026-10-09 09:50
F000667,ZX1667,D20261009-EDI-B737-04,3,B737,EDI,CDG,2026-10-09 10:35,2026-10-09 11:55
F000668,ZX1668,D20261009-EDI-B737-04,4,B737,CDG,EDI,2026-10-09 12:40,2026-10-09 14:15
F000669,ZX1669,D20261010-MAN-A320-01,1,A320,MAN,CDG,2026-10-10 06:30,2026-10-10 07:50
F000670,ZX1670,D20261010-MAN-A320-01,2,A320,CDG,MAN,2026-10-10 08:35,2026-10-10 09:55
F000671,ZX1671,D20261010-MAN-A320-01,3,A320,MAN,AMS,2026-10-10 10:40,2026-10-10 11:45
F000672,ZX1672,D20261010-MAN-A320-01,4,A320,AMS,MAN,2026-10-10 12:30,2026-10-10 13:50
F000673,ZX1673,D20261010-MAN-A320-02,1,A320,MAN,BCN,2026-10-10 11:00,2026-10-10 13:15
F000674,ZX1674,D20261010-MAN-A320-02,2,A320,BCN,MAN,2026-10-10 14:00,2026-10-10 16:20
F000675,ZX1675,D20261010-MAN-A320-03,1,A320,MAN,FAO,2026-10-10 16:30,2026-10-10 19:10
F000676,ZX1676,D20261010-MAN-A320-03,2,A320,FAO,MAN,2026-10-10 19:55,2026-10-10 22:35
F000677,ZX1677,D20261010-MAN-A320-04,1,A320,MAN,AMS,2026-10-10 07:15,2026-10-10 08:20
F000678,ZX1678,D20261010-MAN-A320-04,2,A320,AMS,MAN,2026-10-10 09:05,2026-10-10 10:15
F000679,ZX1679,D20261010-MAN-A320-04,3,A320,MAN,CDG,2026-10-10 11:00,2026-10-10 12:30
F000680,ZX1680,D20261010-MAN-A320-04,4,A320,CDG,MAN,2026-10-10 13:15,2026-10-10 14:50
F000681,ZX1681,D20261010-MAN-A320-05,1,A320,MAN,TFS,2026-10-10 12:00,2026-10-10 16:05
F000682,ZX1682,D20261010-MAN-A320-05,2,A320,TFS,MAN,2026-10-10 16:50,2026-10-10 20:55
F000683,ZX1683,D20261010-MAN-A320-06,1,A320,MAN,AMS,2026-10-10 17:00,2026-10-10 18:20
F000684,ZX1684,D20261010-MAN-A320-06,2,A320,AMS,MAN,2026-10-10 19:05,2026-10-10 20:20
F000685,ZX1685,D20261010-MAN-A320-06,3,A320,MAN,BRU,2026-10-10 21:05,2026-10-10 22:15
F000686,ZX1686,D20261010-MAN-A320-06,4,A320,BRU,MAN,2026-10-10 23:00,2026-10-11 00:15
F000687,ZX1687,D20261010-MAN-B737-01,1,B737,MAN,FAO,2026-10-10 07:30,2026-10-10 10:25
F000688,ZX1688,D20261010-MAN-B737-01,2,B737,FAO,MAN,2026-10-10 11:10,2026-10-10 14:00
F000689,ZX1689,D20261010-MAN-B737-02,1,B737,MAN,BRU,2026-10-10 12:30,2026-10-10 13:45
F000690,ZX1690,D20261010-MAN-B737-02,2,B737,BRU,MAN,2026-10-10 14:30,2026-10-10 15:45
F000691,ZX1691,D20261010-MAN-B737-02,3,B737,MAN,DUB,2026-10-10 16:30,2026-10-10 17:30
F000692,ZX1692,D20261010-MAN-B737-02,4,B737,DUB,MAN,2026-10-10 18:15,2026-10-10 19:05
F000693,ZX1693,D20261010-MAN-B737-03,1,B737,MAN,PRG,2026-10-10 17:00,2026-10-10 19:00
F000694,ZX1694,D20261010-MAN-B737-03,2,B737,PRG,MAN,2026-10-10 19:45,2026-10-10 21:55
F000695,ZX1695,D20261010-MAN-B737-04,1,B737,MAN,PMI,2026-10-10 06:30,2026-10-10 08:55
F000696,ZX1696,D20261010-MAN-B737-04,2,B737,PMI,MAN,2026-10-10 09:40,2026-10-10 11:50
F000697,ZX1697,D20261010-BHX-A320-01,1,A320,BHX,BRU,2026-10-10 06:15,2026-10-10 07:25
F000698,ZX1698,D20261010-BHX-A320-01,2,A320,BRU,BHX,2026-10-10 08:10,2026-10-10 09:20
F000699,ZX1699,D20261010-BHX-A320-01,3,A320,BHX,DUB,2026-10-10 10:05,2026-10-10 11:00
F000700,ZX1700,D20261010-BHX-A320-01,4,A320,DUB,BHX,2026-10-10 11:45,2026-10-10 12:45
F000701,ZX1701,D20261010-BHX-A320-02,1,A320,BHX,BCN,2026-10-10 11:00,2026-10-10 13:05
F000702,ZX1702,D20261010-BHX-A320-02,2,A320,BCN,BHX,2026-10-10 13:50,2026-10-10 15:50
F000703,ZX1703,D20261010-BHX-A320-03,1,A320,BHX,AMS,2026-10-10 16:45,2026-10-10 17:50
F000704,ZX1704,D20261010-BHX-A320-03,2,A320,AMS,BHX,2026-10-10 18:35,2026-10-10 20:00
F000705,ZX1705,D20261010-BHX-A320-03,3,A320,BHX,AMS,2026-10-10 20:45,2026-10-10 22:00
F000706,ZX1706,D20261010-BHX-A320-03,4,A320,AMS,BHX,2026-10-10 22:45,2026-10-11 00:05
F000707,ZX1707,D20261010-BHX-A320-04,1,A320,BHX,CDG,2026-10-10 07:30,2026-10-10 09:05
F000708,ZX1708,D20261010-BHX-A320-04,2,A320,CDG,BHX,2026-10-10 09:50,2026-10-10 11:05
F000709,ZX1709,D20261010-BHX-A320-04,3,A320,BHX,DUB,2026-10-10 11:50,2026-10-10 12:45
F000710,ZX1710,D20261010-BHX-A320-04,4,A320,DUB,BHX,2026-10-10 13:30,2026-10-10 14:25
F000711,ZX1711,D20261010-BHX-E190-01,1,E190,BHX,CDG,2026-10-10 07:15,2026-10-10 08:45
F000712,ZX1712,D20261010-BHX-E190-01,2,E190,CDG,BHX,2026-10-10 09:30,2026-10-10 10:50
F000713,ZX1713,D20261010-BHX-E190-01,3,E190,BHX,DUB,2026-10-10 11:35,2026-10-10 12:25
F000714,ZX1714,D20261010-BHX-E190-01,4,E190,DUB,BHX,2026-10-10 13:10,2026-10-10 14:05
F000715,ZX1715,D20261010-BHX-E190-02,1,E190,BHX,CDG,2026-10-10 12:15,2026-10-10 13:30
F000716,ZX1716,D20261010-BHX-E190-02,2,E190,CDG,BHX,2026-10-10 14:15,2026-10-10 15:50
F000717,ZX1717,D20261010-BHX-E190-02,3,E190,BHX,DUB,2026-10-10 16:35,2026-10-10 17:35
F000718,ZX1718,D20261010-BHX-E190-02,4,E190,DUB,BHX,2026-10-10 18:20,2026-10-10 19:10
F000719,ZX1719,D20261010-BHX-E190-03,1,E190,BHX,AMS,2026-10-10 16:30,2026-10-10 17:40
F000720,ZX1720,D20261010-BHX-E190-03,2,E190,AMS,BHX,2026-10-10 18:25,2026-10-10 19:30
F000721,ZX1721,D20261010-BHX-E190-03,3,E190,BHX,AMS,2026-10-10 20:15,2026-10-10 21:25
F000722,ZX1722,D20261010-BHX-E190-03,4,E190,AMS,BHX,2026-10-10 22:10,2026-10-10 23:25
F000723,ZX1723,D20261010-EDI-A320-01,1,A320,EDI,DUB,2026-10-10 06:15,2026-10-10 07:05
F000724,ZX1724,D20261010-EDI-A320-01,2,A320,DUB,EDI,2026-10-10 07:50,2026-10-10 08:50
F000725,ZX1725,D20261010-EDI-A320-01,3,A320,EDI,BRU,2026-10-10 09:35,2026-10-10 10:45
F000726,ZX1726,D20261010-EDI-A320-01,4,A320,BRU,EDI,2026-10-10 11:30,2026-10-10 12:50
F000727,ZX1727,D20261010-EDI-A320-02,1,A320,EDI,TFS,2026-10-10 12:00,2026-10-10 16:00
F000728,ZX1728,D20261010-EDI-A320-02,2,A320,TFS,EDI,2026-10-10 16:45,2026-10-10 20:55
F000729,ZX1729,D20261010-EDI-A320-03,1,A320,EDI,BCN,2026-10-10 16:00,2026-10-10 18:05
F000730,ZX1730,D20261010-EDI-A320-03,2,A320,BCN,EDI,2026-10-10 18:50,2026-10-10 20:50
F000731,ZX1731,D20261010-EDI-B737-01,1,B737,EDI,DUB,2026-10-10 06:15,2026-10-10 07:10
F000732,ZX1732,D20261010-EDI-B737-01,2,B737,DUB,EDI,2026-10-10 07:55,2026-10-10 08:50
F000733,ZX1733,D20261010-EDI-B737-01,3,B737,EDI,BRU,2026-10-10 09:35,2026-10-10 10:40
F000734,ZX1734,D20261010-EDI-B737-01,4,B737,BRU,EDI,2026-10-10 11:25,2026-10-10 12:40
F000735,ZX1735,D20261010-EDI-B737-02,1,B737,EDI,CDG,2026-10-10 12:30,2026-10-10 14:00
F000736,ZX1736,D20261010-EDI-B737-02,2,B737,CDG,EDI,2026-10-10 14:45,2026-10-10 16:15
F000737,ZX1737,D20261010-EDI-B737-02,3,B737,EDI,CDG,2026-10-10 17:00,2026-10-10 18:15
F000738,ZX1738,D20261010-EDI-B737-02,4,B737,CDG,EDI,2026-10-10 19:00,2026-10-10 20:30
F000739,ZX1739,D20261010-EDI-B737-03,1,B737,EDI,ALC,2026-10-10 16:15,2026-10-10 18:35
F000740,ZX1740,D20261010-EDI-B737-03,2,B737,ALC,EDI,2026-10-10 19:20,2026-10-10 21:45
F000741,ZX1741,D20261011-MAN-A320-01,1,A320,MAN,KRK,2026-10-11 06:00,2026-10-11 08:30
F000742,ZX1742,D20261011-MAN-A320-01,2,A320,KRK,MAN,2026-10-11 09:15,2026-10-11 11:55
F000743,ZX1743,D20261011-MAN-A320-02,1,A320,MAN,BCN,2026-10-11 12:00,2026-10-11 14:15
F000744,ZX1744,D20261011-MAN-A320-02,2,A320,BCN,MAN,2026-10-11 15:00,2026-10-11 17:05
F000745,ZX1745,D20261011-MAN-A320-03,1,A320,MAN,DUB,2026-10-11 16:00,2026-10-11 16:55
F000746,ZX1746,D20261011-MAN-A320-03,2,A320,DUB,MAN,2026-10-11 17:40,2026-10-11 18:45
F000747,ZX1747,D20261011-MAN-A320-03,3,A320,MAN,BRU,2026-10-11 19:30,2026-10-11 20:40
F000748,ZX1748,D20261011-MAN-A320-03,4,A320,BRU,MAN,2026-10-11 21:25,2026-10-11 22:35
F000749,ZX1749,D20261011-MAN-A320-04,1,A320,MAN,CDG,2026-10-11 06:45,2026-10-11 08:20
F000750,ZX1750,D20261011-MAN-A320-04,2,A320,CDG,MAN,2026-10-11 09:05,2026-10-11 10:30
F000751,ZX1751,D20261011-MAN-A320-04,3,A320,MAN,BRU,2026-10-11 11:15,2026-10-11 12:25
F000752,ZX1752,D20261011-MAN-A320-04,4,A320,BRU,MAN,2026-10-11 13:10,2026-10-11 14:30
F000753,ZX1753,D20261011-MAN-A320-05,1,A320,MAN,PRG,2026-10-11 12:00,2026-10-11 14:10
F000754,ZX1754,D20261011-MAN-A320-05,2,A320,PRG,MAN,2026-10-11 14:55,2026-10-11 16:50
F000755,ZX1755,D20261011-MAN-A320-06,1,A320,MAN,AMS,2026-10-11 16:30,2026-10-11 17:40
F000756,ZX1756,D20261011-MAN-A320-06,2,A320,AMS,MAN,2026-10-11 18:25,2026-10-11 19:30
F000757,ZX1757,D20261011-MAN-A320-06,3,A320,MAN,BRU,2026-10-11 20:15,2026-10-11 21:30
F000758,ZX1758,D20261011-MAN-A320-06,4,A320,BRU,MAN,2026-10-11 22:15,2026-10-11 23:20
F000759,ZX1759,D20261011-MAN-A320-07,1,A320,MAN,AMS,2026-10-11 07:00,2026-10-11 08:10
F000760,ZX1760,D20261011-MAN-A320-07,2,A320,AMS,MAN,2026-10-11 08:55,2026-10-11 10:00
F000761,ZX1761,D20261011-MAN-A320-07,3,A320,MAN,CDG,2026-10-11 10:45,2026-10-11 12:15
F000762,ZX1762,D20261011-MAN-A320-07,4,A320,CDG,MAN,2026-10-11 13:00,2026-10-11 14:20
F000763,ZX1763,D20261011-MAN-B737-01,1,B737,MAN,BCN,2026-10-11 06:45,2026-10-11 08:45
F000764,ZX1764,D20261011-MAN-B737-01,2,B737,BCN,MAN,2026-10-11 09:30,2026-10-11 11:45
F000765,ZX1765,D20261011-MAN-B737-02,1,B737,MAN,PMI,2026-10-11 11:30,2026-10-11 14:00
F000766,ZX1766,D20261011-MAN-B737-02,2,B737,PMI,MAN,2026-10-11 14:45,2026-10-11 17:00
F000767,ZX1767,D20261011-MAN-B737-03,1,B737,MAN,CDG,2026-10-11 16:30,2026-10-11 17:50
F000768,ZX1768,D20261011-MAN-B737-03,2,B737,CDG,MAN,2026-10-11 18:35,2026-10-11 19:55
F000769,ZX1769,D20261011-MAN-B737-03,3,B737,MAN,DUB,2026-10-11 20:40,2026-10-11 21:45
F000770,ZX1770,D20261011-MAN-B737-03,4,B737,DUB,MAN,2026-10-11 22:30,2026-10-11 23:25
F000771,ZX1771,D20261011-MAN-B737-04,1,B737,MAN,PMI,2026-10-11 07:00,2026-10-11 09:25
F000772,ZX1772,D20261011-MAN-B737-04,2,B737,PMI,MAN,2026-10-11 10:10,2026-10-11 12:40
F000773,ZX1773,D20261011-MAN-B737-05,1,B737,MAN,PRG,2026-10-11 11:30,2026-10-11 13:35
F000774,ZX1774,D20261011-MAN-B737-05,2,B737,PRG,MAN,2026-10-11 14:20,2026-10-11 16:25
F000775,ZX1775,D20261011-BHX-A320-01,1,A320,BHX,KRK,2026-10-11 06:45,2026-10-11 09:10
F000776,ZX1776,D20261011-BHX-A320-01,2,A320,KRK,BHX,2026-10-11 09:55,2026-10-11 12:15
F000777,ZX1777,D20261011-BHX-A320-02,1,A320,BHX,FAO,2026-10-11 12:15,2026-10-11 15:10
F000778,ZX1778,D20261011-BHX-A320-02,2,A320,FAO,BHX,2026-10-11 15:55,2026-10-11 18:30
F000779,ZX1779,D20261011-BHX-A320-03,1,A320,BHX,TFS,2026-10-11 17:00,2026-10-11 21:05
F000780,ZX1780,D20261011-BHX-A320-03,2,A320,TFS,BHX,2026-10-11 21:50,2026-10-12 02:00
F000781,ZX1781,D20261011-BHX-A320-04,1,A320,BHX,CDG,2026-10-11 07:15,2026-10-11 08:30
F000782,ZX1782,D20261011-BHX-A320-04,2,A320,CDG,BHX,2026-10-11 09:15,2026-10-11 10:45
F000783,ZX1783,D20261011-BHX-A320-04,3,A320,BHX,AMS,2026-10-11 11:30,2026-10-11 12:45
F000784,ZX1784,D20261011-BHX-A320-04,4,A320,AMS,BHX,2026-10-11 13:30,2026-10-11 14:55
F000785,ZX1785,D20261011-BHX-A320-05,1,A320,BHX,BRU,2026-10-11 11:45,2026-10-11 13:00
F000786,ZX1786,D20261011-BHX-A320-05,2,A320,BRU,BHX,2026-10-11 13:45,2026-10-11 14:55
F000787,ZX1787,D20261011-BHX-A320-05,3,A320,BHX,BRU,2026-10-11 15:40,2026-10-11 16:45
F000788,ZX1788,D20261011-BHX-A320-05,4,A320,BRU,BHX,2026-10-11 17:30,2026-10-11 18:35
F000789,ZX1789,D20261011-BHX-E190-01,1,E190,BHX,AMS,2026-10-11 06:15,2026-10-11 07:30
F000790,ZX1790,D20261011-BHX-E190-01,2,E190,AMS,BHX,2026-10-11 08:15,2026-10-11 09:20
F000791,ZX1791,D20261011-BHX-E190-01,3,E190,BHX,BRU,2026-10-11 10:05,2026-10-11 11:10
F000792,ZX1792,D20261011-BHX-E190-01,4,E190,BRU,BHX,2026-10-11 11:55,2026-10-11 13:00
F000793,ZX1793,D20261011-BHX-E190-02,1,E190,BHX,CDG,2026-10-11 12:30,2026-10-11 13:50
F000794,ZX1794,D20261011-BHX-E190-02,2,E190,CDG,BHX,2026-10-11 14:35,2026-10-11 16:00
F000795,ZX1795,D20261011-BHX-E190-02,3,E190,BHX,DUB,2026-10-11 16:45,2026-10-11 17:45
F000796,ZX1796,D20261011-BHX-E190-02,4,E190,DUB,BHX,2026-10-11 18:30,2026-10-11 19:40
F000797,ZX1797,D20261011-BHX-E190-03,1,E190,BHX,DUB,2026-10-11 15:45,2026-10-11 16:40
F000798,ZX1798,D20261011-BHX-E190-03,2,E190,DUB,BHX,2026-10-11 17:25,2026-10-11 18:35
F000799,ZX1799,D20261011-BHX-E190-03,3,E190,BHX,DUB,2026-10-11 19:20,2026-10-11 20:25
F000800,ZX1800,D20261011-BHX-E190-03,4,E190,DUB,BHX,2026-10-11 21:10,2026-10-11 22:10
F000801,ZX1801,D20261011-BHX-E190-04,1,E190,BHX,CDG,2026-10-11 07:30,2026-10-11 08:50
F000802,ZX1802,D20261011-BHX-E190-04,2,E190,CDG,BHX,2026-10-11 09:35,2026-10-11 10:55
F000803,ZX1803,D20261011-BHX-E190-04,3,E190,BHX,DUB,2026-10-11 11:40,2026-10-11 12:30
F000804,ZX1804,D20261011-BHX-E190-04,4,E190,DUB,BHX,2026-10-11 13:15,2026-10-11 14:15
F000805,ZX1805,D20261011-EDI-A320-01,1,A320,EDI,PMI,2026-10-11 07:00,2026-10-11 09:25
F000806,ZX1806,D20261011-EDI-A320-01,2,A320,PMI,EDI,2026-10-11 10:10,2026-10-11 12:25
F000807,ZX1807,D20261011-EDI-A320-02,1,A320,EDI,DUB,2026-10-11 12:00,2026-10-11 13:00
F000808,ZX1808,D20261011-EDI-A320-02,2,A320,DUB,EDI,2026-10-11 13:45,2026-10-11 14:40
F000809,ZX1809,D20261011-EDI-A320-02,3,A320,EDI,DUB,2026-10-11 15:25,2026-10-11 16:20
F000810,ZX1810,D20261011-EDI-A320-02,4,A320,DUB,EDI,2026-10-11 17:05,2026-10-11 18:15
F000811,ZX1811,D20261011-EDI-A320-03,1,A320,EDI,KRK,2026-10-11 15:45,2026-10-11 18:20
F000812,ZX1812,D20261011-EDI-A320-03,2,A320,KRK,EDI,2026-10-11 19:05,2026-10-11 21:30
F000813,ZX1813,D20261011-EDI-A320-04,1,A320,EDI,BRU,2026-10-11 07:15,2026-10-11 08:30
F000814,ZX1814,D20261011-EDI-A320-04,2,A320,BRU,EDI,2026-10-11 09:15,2026-10-11 10:25
F000815,ZX1815,D20261011-EDI-A320-04,3,A320,EDI,AMS,2026-10-11 11:10,2026-10-11 12:15
F000816,ZX1816,D20261011-EDI-A320-04,4,A320,AMS,EDI,2026-10-11 13:00,2026-10-11 14:20
F000817,ZX1817,D20261011-EDI-B737-01,1,B737,EDI,AMS,2026-10-11 07:00,2026-10-11 08:20
F000818,ZX1818,D20261011-EDI-B737-01,2,B737,AMS,EDI,2026-10-11 09:05,2026-10-11 10:25
F000819,ZX1819,D20261011-EDI-B737-01,3,B737,EDI,AMS,2026-10-11 11:10,2026-10-11 12:25
F000820,ZX1820,D20261011-EDI-B737-01,4,B737,AMS,EDI,2026-10-11 13:10,2026-10-11 14:30
F000821,ZX1821,D20261011-EDI-B737-02,1,B737,EDI,BCN,2026-10-11 12:00,2026-10-11 14:00
F000822,ZX1822,D20261011-EDI-B737-02,2,B737,BCN,EDI,2026-10-11 14:45,2026-10-11 17:05
F000823,ZX1823,D20261011-EDI-B737-03,1,B737,EDI,AMS,2026-10-11 17:00,2026-10-11 18:15
F000824,ZX1824,D20261011-EDI-B737-03,2,B737,AMS,EDI,2026-10-11 19:00,2026-10-11 20:05
F000825,ZX1825,D20261011-EDI-B737-03,3,B737,EDI,CDG,2026-10-11 20:50,2026-10-11 22:25
F000826,ZX1826,D20261011-EDI-B737-03,4,B737,CDG,EDI,2026-10-11 23:10,2026-10-12 00:35
F000827,ZX1827,D20261011-EDI-B737-04,1,B737,EDI,CDG,2026-10-11 07:15,2026-10-11 08:45
F000828,ZX1828,D20261011-EDI-B737-04,2,B737,CDG,EDI,2026-10-11 09:30,2026-10-11 11:00
F000829,ZX1829,D20261011-EDI-B737-04,3,B737,EDI,AMS,2026-10-11 11:45,2026-10-11 12:55
F000830,ZX1830,D20261011-EDI-B737-04,4,B737,AMS,EDI,2026-10-11 13:40,2026-10-11 14:45
F000831,ZX1831,D20261012-MAN-A320-01,1,A320,MAN,FAO,2026-10-12 06:00,2026-10-12 08:45
F000832,ZX1832,D20261012-MAN-A320-01,2,A320,FAO,MAN,2026-10-12 09:30,2026-10-12 12:10
F000833,ZX1833,D20261012-MAN-A320-02,1,A320,MAN,FCO,2026-10-12 12:00,2026-10-12 14:45
F000834,ZX1834,D20261012-MAN-A320-02,2,A320,FCO,MAN,2026-10-12 15:30,2026-10-12 18:15
F000835,ZX1835,D20261012-MAN-A320-03,1,A320,MAN,FCO,2026-10-12 16:15,2026-10-12 18:55
F000836,ZX1836,D20261012-MAN-A320-03,2,A320,FCO,MAN,2026-10-12 19:40,2026-10-12 22:10
F000837,ZX1837,D20261012-MAN-A320-04,1,A320,MAN,KRK,2026-10-12 06:15,2026-10-12 08:45
F000838,ZX1838,D20261012-MAN-A320-04,2,A320,KRK,MAN,2026-10-12 09:30,2026-10-12 11:55
F000839,ZX1839,D20261012-MAN-A320-05,1,A320,MAN,FAO,2026-10-12 11:00,2026-10-12 13:50
F000840,ZX1840,D20261012-MAN-A320-05,2,A320,FAO,MAN,2026-10-12 14:35,2026-10-12 17:20
F000841,ZX1841,D20261012-MAN-A320-06,1,A320,MAN,BRU,2026-10-12 17:00,2026-10-12 18:05
F000842,ZX1842,D20261012-MAN-A320-06,2,A320,BRU,MAN,2026-10-12 18:50,2026-10-12 19:55
F000843,ZX1843,D20261012-MAN-A320-06,3,A320,MAN,BRU,2026-10-12 20:40,2026-10-12 22:00
F000844,ZX1844,D20261012-MAN-A320-06,4,A320,BRU,MAN,2026-10-12 22:45,2026-10-12 23:55
F000845,ZX1845,D20261012-MAN-B737-01,1,B737,MAN,PRG,2026-10-12 06:30,2026-10-12 08:45
F000846,ZX1846,D20261012-MAN-B737-01,2,B737,PRG,MAN,2026-10-12 09:30,2026-10-12 11:35
F000847,ZX1847,D20261012-MAN-B737-02,1,B737,MAN,FCO,2026-10-12 11:15,2026-10-12 13:45
F000848,ZX1848,D20261012-MAN-B737-02,2,B737,FCO,MAN,2026-10-12 14:30,2026-10-12 17:05
F000849,ZX1849,D20261012-MAN-B737-03,1,B737,MAN,CDG,2026-10-12 16:30,2026-10-12 17:55
F000850,ZX1850,D20261012-MAN-B737-03,2,B737,CDG,MAN,2026-10-12 18:40,2026-10-12 20:10
F000851,ZX1851,D20261012-MAN-B737-03,3,B737,MAN,BRU,2026-10-12 20:55,2026-10-12 22:05
F000852,ZX1852,D20261012-MAN-B737-03,4,B737,BRU,MAN,2026-10-12 22:50,2026-10-13 00:10
F000853,ZX1853,D20261012-MAN-B737-04,1,B737,MAN,FAO,2026-10-12 07:15,2026-10-12 09:55
F000854,ZX1854,D20261012-MAN-B737-04,2,B737,FAO,MAN,2026-10-12 10:40,2026-10-12 13:25
F000855,ZX1855,D20261012-BHX-A320-01,1,A320,BHX,BRU,2026-10-12 07:00,2026-10-12 08:00
F000856,ZX1856,D20261012-BHX-A320-01,2,A320,BRU,BHX,2026-10-12 08:45,2026-10-12 09:55
F000857,ZX1857,D20261012-BHX-A320-01,3,A320,BHX,BRU,2026-10-12 10:40,2026-10-12 11:55
F000858,ZX1858,D20261012-BHX-A320-01,4,A320,BRU,BHX,2026-10-12 12:40,2026-10-12 13:45
F000859,ZX1859,D20261012-BHX-A320-02,1,A320,BHX,DUB,2026-10-12 12:00,2026-10-12 13:10
F000860,ZX1860,D20261012-BHX-A320-02,2,A320,DUB,BHX,2026-10-12 13:55,2026-10-12 14:55
F000861,ZX1861,D20261012-BHX-A320-02,3,A320,BHX,AMS,2026-10-12 15:40,2026-10-12 17:00
F000862,ZX1862,D20261012-BHX-A320-02,4,A320,AMS,BHX,2026-10-12 17:45,2026-10-12 18:55
F000863,ZX1863,D20261012-BHX-A320-03,1,A320,BHX,AMS,2026-10-12 16:00,2026-10-12 17:15
F000864,ZX1864,D20261012-BHX-A320-03,2,A320,AMS,BHX,2026-10-12 18:00,2026-10-12 19:05
F000865,ZX1865,D20261012-BHX-A320-03,3,A320,BHX,CDG,2026-10-12 19:50,2026-10-12 21:10
F000866,ZX1866,D20261012-BHX-A320-03,4,A320,CDG,BHX,2026-10-12 21:55,2026-10-12 23:15
F000867,ZX1867,D20261012-BHX-A320-04,1,A320,BHX,PMI,2026-10-12 06:45,2026-10-12 09:05
F000868,ZX1868,D20261012-BHX-A320-04,2,A320,PMI,BHX,2026-10-12 09:50,2026-10-12 12:10
F000869,ZX1869,D20261012-BHX-E190-01,1,E190,BHX,BRU,2026-10-12 06:30,2026-10-12 07:40
F000870,ZX1870,D20261012-BHX-E190-01,2,E190,BRU,BHX,2026-10-12 08:25,2026-10-12 09:35
F000871,ZX1871,D20261012-BHX-E190-01,3,E190,BHX,AMS,2026-10-12 10:20,2026-10-12 11:40
F000872,ZX1872,D20261012-BHX-E190-01,4,E190,AMS,BHX,2026-10-12 12:25,2026-10-12 13:40
F000873,ZX1873,D20261012-BHX-E190-02,1,E190,BHX,CDG,2026-10-12 12:00,2026-10-12 13:25
F000874,ZX1874,D20261012-BHX-E190-02,2,E190,CDG,BHX,2026-10-12 14:10,2026-10-12 15:25
F000875,ZX1875,D20261012-BHX-E190-02,3,E190,BHX,BRU,2026-10-12 16:10,2026-10-12 17:15
F000876,ZX1876,D20261012-BHX-E190-02,4,E190,BRU,BHX,2026-10-12 18:00,2026-10-12 19:00
F000877,ZX1877,D20261012-BHX-E190-03,1,E190,BHX,BRU,2026-10-12 16:15,2026-10-12 17:25
F000878,ZX1878,D20261012-BHX-E190-03,2,E190,BRU,BHX,2026-10-12 18:10,2026-10-12 19:15
F000879,ZX1879,D20261012-BHX-E190-03,3,E190,BHX,DUB,2026-10-12 20:00,2026-10-12 21:05
F000880,ZX1880,D20261012-BHX-E190-03,4,E190,DUB,BHX,2026-10-12 21:50,2026-10-12 23:00
F000881,ZX1881,D20261012-EDI-A320-01,1,A320,EDI,DUB,2026-10-12 07:00,2026-10-12 07:55
F000882,ZX1882,D20261012-EDI-A320-01,2,A320,DUB,EDI,2026-10-12 08:40,2026-10-12 09:45
F000883,ZX1883,D20261012-EDI-A320-01,3,A320,EDI,CDG,2026-10-12 10:30,2026-10-12 11:55
F000884,ZX1884,D20261012-EDI-A320-01,4,A320,CDG,EDI,2026-10-12 12:40,2026-10-12 14:10
F000885,ZX1885,D20261012-EDI-A320-02,1,A320,EDI,AMS,2026-10-12 11:15,2026-10-12 12:30
F000886,ZX1886,D20261012-EDI-A320-02,2,A320,AMS,EDI,2026-10-12 13:15,2026-10-12 14:35
F000887,ZX1887,D20261012-EDI-A320-02,3,A320,EDI,DUB,2026-10-12 15:20,2026-10-12 16:15
F000888,ZX1888,D20261012-EDI-A320-02,4,A320,DUB,EDI,2026-10-12 17:00,2026-10-12 18:00
F000889,ZX1889,D20261012-EDI-A320-03,1,A320,EDI,ALC,2026-10-12 16:15,2026-10-12 18:45
F000890,ZX1890,D20261012-EDI-A320-03,2,A320,ALC,EDI,2026-10-12 19:30,2026-10-12 22:05
F000891,ZX1891,D20261012-EDI-B737-01,1,B737,EDI,DUB,2026-10-12 06:45,2026-10-12 07:45
F000892,ZX1892,D20261012-EDI-B737-01,2,B737,DUB,EDI,2026-10-12 08:30,2026-10-12 09:30
F000893,ZX1893,D20261012-EDI-B737-01,3,B737,EDI,AMS,2026-10-12 10:15,2026-10-12 11:40
F000894,ZX1894,D20261012-EDI-B737-01,4,B737,AMS,EDI,2026-10-12 12:25,2026-10-12 13:40
F000895,ZX1895,D20261012-EDI-B737-02,1,B737,EDI,PMI,2026-10-12 11:45,2026-10-12 14:05
F000896,ZX1896,D20261012-EDI-B737-02,2,B737,PMI,EDI,2026-10-12 14:50,2026-10-12 17:10
F000897,ZX1897,D20261012-EDI-B737-03,1,B737,EDI,KRK,2026-10-12 16:30,2026-10-12 19:00
F000898,ZX1898,D20261012-EDI-B737-03,2,B737,KRK,EDI,2026-10-12 19:45,2026-10-12 22:10
F000899,ZX1899,D20261013-MAN-A320-01,1,A320,MAN,KRK,2026-10-13 06:15,2026-10-13 08:40
F000900,ZX1900,D20261013-MAN-A320-01,2,A320,KRK,MAN,2026-10-13 09:25,2026-10-13 12:05
F000901,ZX1901,D20261013-MAN-A320-02,1,A320,MAN,AMS,2026-10-13 11:30,2026-10-13 12:40
F000902,ZX1902,D20261013-MAN-A320-02,2,A320,AMS,MAN,2026-10-13 13:25,2026-10-13 14:35
F000903,ZX1903,D20261013-MAN-A320-02,3,A320,MAN,CDG,2026-10-13 15:20,2026-10-13 16:55
F000904,ZX1904,D20261013-MAN-A320-02,4,A320,CDG,MAN,2026-10-13 17:40,2026-10-13 19:10
F000905,ZX1905,D20261013-MAN-A320-03,1,A320,MAN,FAO,2026-10-13 16:00,2026-10-13 18:55
F000906,ZX1906,D20261013-MAN-A320-03,2,A320,FAO,MAN,2026-10-13 19:40,2026-10-13 22:25
F000907,ZX1907,D20261013-MAN-A320-04,1,A320,MAN,AMS,2026-10-13 06:30,2026-10-13 07:35
F000908,ZX1908,D20261013-MAN-A320-04,2,A320,AMS,MAN,2026-10-13 08:20,2026-10-13 09:45
F000909,ZX1909,D20261013-MAN-A320-04,3,A320,MAN,BRU,2026-10-13 10:30,2026-10-13 11:30
F000910,ZX1910,D20261013-MAN-A320-04,4,A320,BRU,MAN,2026-10-13 12:15,2026-10-13 13:35
F000911,ZX1911,D20261013-MAN-A320-05,1,A320,MAN,TFS,2026-10-13 12:15,2026-10-13 16:20
F000912,ZX1912,D20261013-MAN-A320-05,2,A320,TFS,MAN,2026-10-13 17:05,2026-10-13 21:20
F000913,ZX1913,D20261013-MAN-B737-01,1,B737,MAN,BRU,2026-10-13 07:30,2026-10-13 06:30
F000914,ZX1914,D20261013-MAN-B737-01,2,B737,BRU,MAN,2026-10-13 08:15,2026-10-13 09:30
F000915,ZX1915,D20261013-MAN-B737-01,3,B737,MAN,AMS,2026-10-13 10:15,2026-10-13 11:25
F000916,ZX1916,D20261013-MAN-B737-01,4,B737,AMS,MAN,2026-10-13 12:10,2026-10-13 13:15
F000917,ZX1917,D20261013-MAN-B737-02,1,B737,MAN,ALC,2026-10-13 12:00,2026-10-13 14:20
F000918,ZX1918,D20261013-MAN-B737-02,2,B737,ALC,MAN,2026-10-13 15:05,2026-10-13 17:35
F000919,ZX1919,D20261013-MAN-B737-03,1,B737,MAN,PMI,2026-10-13 16:45,2026-10-13 18:55
F000920,ZX1920,D20261013-MAN-B737-03,2,B737,PMI,MAN,2026-10-13 19:40,2026-10-13 22:00
F000921,ZX1921,D20261013-BHX-A320-01,1,A320,BHX,TFS,2026-10-13 06:15,2026-10-13 10:25
F000922,ZX1922,D20261013-BHX-A320-01,2,A320,TFS,BHX,2026-10-13 11:10,2026-10-13 15:15
F000923,ZX1923,D20261013-BHX-A320-02,1,A320,BHX,BCN,2026-10-13 11:30,2026-10-13 13:50
F000924,ZX1924,D20261013-BHX-A320-02,2,A320,BCN,BHX,2026-10-13 14:35,2026-10-13 16:35
F000925,ZX1925,D20261013-BHX-A320-03,1,A320,BHX,BCN,2026-10-13 16:30,2026-10-13 18:50
F000926,ZX1926,D20261013-BHX-A320-03,2,A320,BCN,BHX,2026-10-13 19:35,2026-10-13 21:40
F000927,ZX1927,D20261013-BHX-E190-01,1,E190,BHX,AMS,2026-10-13 07:30,2026-10-13 08:55
F000928,ZX1928,D20261013-BHX-E190-01,2,E190,AMS,BHX,2026-10-13 09:40,2026-10-13 10:55
F000929,ZX1929,D20261013-BHX-E190-01,3,E190,BHX,DUB,2026-10-13 11:40,2026-10-13 12:40
F000930,ZX1930,D20261013-BHX-E190-01,4,E190,DUB,BHX,2026-10-13 13:25,2026-10-13 14:35
F000931,ZX1931,D20261013-BHX-E190-02,1,E190,BHX,BRU,2026-10-13 12:30,2026-10-13 13:30
F000932,ZX1932,D20261013-BHX-E190-02,2,E190,BRU,BHX,2026-10-13 14:15,2026-10-13 15:25
F000933,ZX1933,D20261013-BHX-E190-02,3,E190,BHX,DUB,2026-10-13 16:10,2026-10-13 17:00
F000934,ZX1934,D20261013-BHX-E190-02,4,E190,DUB,BHX,2026-10-13 17:45,2026-10-13 18:55
F000935,ZX1935,D20261013-EDI-A320-01,1,A320,EDI,TFS,2026-10-13 06:30,2026-10-13 10:50
F000936,ZX1936,D20261013-EDI-A320-01,2,A320,TFS,EDI,2026-10-13 11:35,2026-10-13 15:40
F000937,ZX1937,D20261013-EDI-A320-02,1,A320,EDI,ALC,2026-10-13 12:00,2026-10-13 14:35
F000938,ZX1938,D20261013-EDI-A320-02,2,A320,ALC,EDI,2026-10-13 15:20,2026-10-13 17:45
F000939,ZX1939,D20261013-EDI-B737-01,1,B737,EDI,KRK,2026-10-13 07:15,2026-10-13 09:50
F000940,ZX1940,D20261013-EDI-B737-01,2,B737,KRK,EDI,2026-10-13 10:35,2026-10-13 12:55
F000941,ZX1941,D20261013-EDI-B737-02,1,B737,EDI,AMS,2026-10-13 11:30,2026-10-13 12:45
F000942,ZX1942,D20261013-EDI-B737-02,2,B737,AMS,EDI,2026-10-13 13:30,2026-10-13 14:50
F000943,ZX1943,D20261013-EDI-B737-02,3,B737,EDI,AMS,2026-10-13 15:35,2026-10-13 16:50
F000944,ZX1944,D20261013-EDI-B737-02,4,B737,AMS,EDI,2026-10-13 17:35,2026-10-13 18:50
F000945,ZX1945,D20261014-MAN-A320-01,1,A320,MAN,PRG,2026-10-14 06:30,2026-10-14 08:30
F000946,ZX1946,D20261014-MAN-A320-01,2,A320,PRG,MAN,2026-10-14 09:15,2026-10-14 11:15
F000947,ZX1947,D20261014-MAN-A320-02,1,A320,MAN,DUB,2026-10-14 11:30,2026-10-14 12:30
F000948,ZX1948,D20261014-MAN-A320-02,2,A320,DUB,MAN,2026-10-14 13:15,2026-10-14 14:15
F000949,ZX1949,D20261014-MAN-A320-02,3,A320,MAN,BRU,2026-10-14 15:00,2026-10-14 16:05
F000950,ZX1950,D20261014-MAN-A320-02,4,A320,BRU,MAN,2026-10-14 16:50,2026-10-14 17:55
F000951,ZX1951,D20261014-MAN-A320-03,1,A320,MAN,DUB,2026-10-14 16:30,2026-10-14 17:35
F000952,ZX1952,D20261014-MAN-A320-03,2,A320,DUB,MAN,2026-10-14 18:20,2026-10-14 19:25
F000953,ZX1953,D20261014-MAN-A320-03,3,A320,MAN,BRU,2026-10-14 20:10,2026-10-14 21:10
F000954,ZX1954,D20261014-MAN-A320-03,4,A320,BRU,MAN,2026-10-14 21:55,2026-10-14 22:55
F000955,ZX1955,D20261014-MAN-A320-04,1,A320,MAN,KRK,2026-10-14 06:30,2026-10-14 09:05
F000956,ZX1956,D20261014-MAN-A320-04,2,A320,KRK,MAN,2026-10-14 09:50,2026-10-14 12:25
F000957,ZX1957,D20261014-MAN-A320-05,1,A320,MAN,ALC,2026-10-14 11:30,2026-10-14 13:55
F000958,ZX1958,D20261014-MAN-A320-05,2,A320,ALC,MAN,2026-10-14 14:40,2026-10-14 17:05
F000959,ZX1959,D20261014-MAN-A320-06,1,A320,MAN,FCO,2026-10-14 15:45,2026-10-14 18:25
F000960,ZX1960,D20261014-MAN-A320-06,2,A320,FCO,MAN,2026-10-14 19:10,2026-10-14 21:50
F000961,ZX1961,D20261014-MAN-B737-01,1,B737,MAN,AMS,2026-10-14 06:45,2026-10-14 08:05
F000962,ZX1962,D20261014-MAN-B737-01,2,B737,AMS,MAN,2026-10-14 08:50,2026-10-14 10:05
F000963,ZX1963,D20261014-MAN-B737-01,3,B737,MAN,AMS,2026-10-14 10:50,2026-10-14 12:10
F000964,ZX1964,D20261014-MAN-B737-01,4,B737,AMS,MAN,2026-10-14 12:55,2026-10-14 14:10
F000965,ZX1965,D20261014-MAN-B737-02,1,B737,MAN,DUB,2026-10-14 12:00,2026-10-14 12:50
F000966,ZX1966,D20261014-MAN-B737-02,2,B737,DUB,MAN,2026-10-14 13:35,2026-10-14 14:35
F000967,ZX1967,D20261014-MAN-B737-02,3,B737,MAN,DUB,2026-10-14 15:20,2026-10-14 16:20
F000968,ZX1968,D20261014-MAN-B737-02,4,B737,DUB,MAN,2026-10-14 17:05,2026-10-14 18:05
F000969,ZX1969,D20261014-MAN-B737-03,1,B737,MAN,TFS,2026-10-14 15:45,2026-10-14 19:45
F000970,ZX1970,D20261014-MAN-B737-03,2,B737,TFS,MAN,2026-10-14 20:30,2026-10-15 00:35
F000971,ZX1971,D20261014-MAN-B737-04,1,B737,MAN,TFS,2026-10-14 07:00,2026-10-14 11:15
F000972,ZX1972,D20261014-MAN-B737-04,2,B737,TFS,MAN,2026-10-14 12:00,2026-10-14 16:10
F000973,ZX1973,D20261014-BHX-A320-01,1,A320,BHX,BCN,2026-10-14 07:00,2026-10-14 09:10
F000974,ZX1974,D20261014-BHX-A320-01,2,A320,BCN,BHX,2026-10-14 09:55,2026-10-14 12:10
F000975,ZX1975,D20261014-BHX-A320-02,1,A320,BHX,CDG,2026-10-14 11:30,2026-10-14 13:00
F000976,ZX1976,D20261014-BHX-A320-02,2,A320,CDG,BHX,2026-10-14 13:45,2026-10-14 15:15
F000977,ZX1977,D20261014-BHX-A320-02,3,A320,BHX,BRU,2026-10-14 16:00,2026-10-14 17:10
F000978,ZX1978,D20261014-BHX-A320-02,4,A320,BRU,BHX,2026-10-14 17:55,2026-10-14 18:55
F000979,ZX1979,D20261014-BHX-A320-03,1,A320,BHX,DUB,2026-10-14 16:00,2026-10-14 17:10
F000980,ZX1980,D20261014-BHX-A320-03,2,A320,DUB,BHX,2026-10-14 17:55,2026-10-14 18:55
F000981,ZX1981,D20261014-BHX-A320-03,3,A320,BHX,DUB,2026-10-14 19:40,2026-10-14 20:35
F000982,ZX1982,D20261014-BHX-A320-03,4,A320,DUB,BHX,2026-10-14 21:20,2026-10-14 22:15
F000983,ZX1983,D20261014-BHX-A320-04,1,A320,BHX,CDG,2026-10-14 06:15,2026-10-14 07:50
F000984,ZX1984,D20261014-BHX-A320-04,2,A320,CDG,BHX,2026-10-14 08:35,2026-10-14 10:00
F000985,ZX1985,D20261014-BHX-A320-04,3,A320,BHX,BRU,2026-10-14 10:45,2026-10-14 12:00
F000986,ZX1986,D20261014-BHX-A320-04,4,A320,BRU,BHX,2026-10-14 12:45,2026-10-14 14:05
F000987,ZX1987,D20261014-BHX-E190-01,1,E190,BHX,DUB,2026-10-14 06:45,2026-10-14 07:50
F000988,ZX1988,D20261014-BHX-E190-01,2,E190,DUB,BHX,2026-10-14 08:35,2026-10-14 09:30
F000989,ZX1989,D20261014-BHX-E190-01,3,E190,BHX,AMS,2026-10-14 10:15,2026-10-14 11:25
F000990,ZX1990,D20261014-BHX-E190-01,4,E190,AMS,BHX,2026-10-14 12:10,2026-10-14 13:25
F000991,ZX1991,D20261014-BHX-E190-02,1,E190,BHX,AMS,2026-10-14 12:00,2026-10-14 13:20
F000992,ZX1992,D20261014-BHX-E190-02,2,E190,AMS,BHX,2026-10-14 14:05,2026-10-14 15:25
F000993,ZX1993,D20261014-BHX-E190-02,3,E190,BHX,AMS,2026-10-14 16:10,2026-10-14 17:35
F000994,ZX1994,D20261014-BHX-E190-02,4,E190,AMS,BHX,2026-10-14 18:20,2026-10-14 19:35
F000995,ZX1995,D20261014-BHX-E190-03,1,E190,BHX,CDG,2026-10-14 16:45,2026-10-14 18:15
F000996,ZX1996,D20261014-BHX-E190-03,2,E190,CDG,BHX,2026-10-14 19:00,2026-10-14 20:20
F000997,ZX1997,D20261014-BHX-E190-03,3,E190,BHX,CDG,2026-10-14 21:05,2026-10-14 22:25
F000998,ZX1998,D20261014-BHX-E190-03,4,E190,CDG,BHX,2026-10-14 23:10,2026-10-15 00:30
F000999,ZX1999,D20261014-EDI-A320-01,1,A320,EDI,DUB,2026-10-14 07:15,2026-10-14 08:15
F001000,ZX2000,D20261014-EDI-A320-01,2,A320,DUB,EDI,2026-10-14 09:00,2026-10-14 10:10
F001001,ZX2001,D20261014-EDI-A320-01,3,A320,EDI,CDG,2026-10-14 10:55,2026-10-14 12:30
F001002,ZX2002,D20261014-EDI-A320-01,4,A320,CDG,EDI,2026-10-14 13:15,2026-10-14 14:35
F001003,ZX2003,D20261014-EDI-A320-02,1,A320,EDI,BCN,2026-10-14 11:00,2026-10-14 13:10
F001004,ZX2004,D20261014-EDI-A320-02,2,A320,BCN,EDI,2026-10-14 13:55,2026-10-14 16:10
F001005,ZX2005,D20261014-EDI-A320-03,1,A320,EDI,BCN,2026-10-14 17:00,2026-10-14 19:10
F001006,ZX2006,D20261014-EDI-A320-03,2,A320,BCN,EDI,2026-10-14 19:55,2026-10-14 22:00
F001007,ZX2007,D20261014-EDI-B737-01,1,B737,EDI,DUB,2026-10-14 06:15,2026-10-14 07:15
F001008,ZX2008,D20261014-EDI-B737-01,2,B737,DUB,EDI,2026-10-14 08:00,2026-10-14 08:55
F001009,ZX2009,D20261014-EDI-B737-01,3,B737,EDI,AMS,2026-10-14 09:40,2026-10-14 11:00
F001010,ZX2010,D20261014-EDI-B737-01,4,B737,AMS,EDI,2026-10-14 11:45,2026-10-14 13:05
F001011,ZX2011,D20261014-EDI-B737-02,1,B737,EDI,BRU,2026-10-14 11:30,2026-10-14 12:35
F001012,ZX2012,D20261014-EDI-B737-02,2,B737,BRU,EDI,2026-10-14 13:20,2026-10-14 14:25
F001013,ZX2013,D20261014-EDI-B737-02,3,B737,EDI,AMS,2026-10-14 15:10,2026-10-14 16:30
F001014,ZX2014,D20261014-EDI-B737-02,4,B737,AMS,EDI,2026-10-14 17:15,2026-10-14 18:25
F001015,ZX2015,D20261014-EDI-B737-03,1,B737,EDI,PMI,2026-10-14 16:00,2026-10-14 18:25
F001016,ZX2016,D20261014-EDI-B737-03,2,B737,PMI,EDI,2026-10-14 19:10,2026-10-14 21:30
F001017,ZX2017,D20261015-MAN-A320-01,1,A320,MAN,FCO,2026-10-15 06:45,2026-10-15 09:35
F001018,ZX2018,D20261015-MAN-A320-01,2,A320,FCO,MAN,2026-10-15 10:20,2026-10-15 13:05
F001019,ZX2019,D20261015-MAN-A320-02,1,A320,MAN,FAO,2026-10-15 12:30,2026-10-15 15:15
F001020,ZX2020,D20261015-MAN-A320-02,2,A320,FAO,MAN,2026-10-15 16:00,2026-10-15 18:40
F001021,ZX2021,D20261015-MAN-A320-03,1,A320,MAN,CDG,2026-10-15 15:45,2026-10-15 17:15
F001022,ZX2022,D20261015-MAN-A320-03,2,A320,CDG,MAN,2026-10-15 18:00,2026-10-15 19:20
F001023,ZX2023,D20261015-MAN-A320-03,3,A320,MAN,AMS,2026-10-15 20:05,2026-10-15 21:25
F001024,ZX2024,D20261015-MAN-A320-03,4,A320,AMS,MAN,2026-10-15 22:10,2026-10-15 23:30
F001025,ZX2025,D20261015-MAN-A320-04,1,A320,MAN,CDG,2026-10-15 06:00,2026-10-15 07:25
F001026,ZX2026,D20261015-MAN-A320-04,2,A320,CDG,MAN,2026-10-15 08:10,2026-10-15 09:30
F001027,ZX2027,D20261015-MAN-A320-04,3,A320,MAN,AMS,2026-10-15 10:15,2026-10-15 11:25
F001028,ZX2028,D20261015-MAN-A320-04,4,A320,AMS,MAN,2026-10-15 12:10,2026-10-15 13:15
F001029,ZX2029,D20261015-MAN-A320-05,1,A320,MAN,DUB,2026-10-15 11:45,2026-10-15 12:35
F001030,ZX2030,D20261015-MAN-A320-05,2,A320,DUB,MAN,2026-10-15 13:20,2026-10-15 14:20
F001031,ZX2031,D20261015-MAN-A320-05,3,A320,MAN,AMS,2026-10-15 15:05,2026-10-15 16:20
F001032,ZX2032,D20261015-MAN-A320-05,4,A320,AMS,MAN,2026-10-15 17:05,2026-10-15 18:10
F001033,ZX2033,D20261015-MAN-A320-06,1,A320,MAN,ALC,2026-10-15 15:30,2026-10-15 18:00
F001034,ZX2034,D20261015-MAN-A320-06,2,A320,ALC,MAN,2026-10-15 18:45,2026-10-15 21:20
F001035,ZX2035,D20261015-MAN-B737-01,1,B737,MAN,BCN,2026-10-15 06:30,2026-10-15 08:35
F001036,ZX2036,D20261015-MAN-B737-01,2,B737,BCN,MAN,2026-10-15 09:20,2026-10-15 11:25
F001037,ZX2037,D20261015-MAN-B737-02,1,B737,MAN,TFS,2026-10-15 12:15,2026-10-15 16:35
F001038,ZX2038,D20261015-MAN-B737-02,2,B737,TFS,MAN,2026-10-15 17:20,2026-10-15 21:35
F001039,ZX2039,D20261015-MAN-B737-03,1,B737,MAN,ALC,2026-10-15 16:45,2026-10-15 19:15
F001040,ZX2040,D20261015-MAN-B737-03,2,B737,ALC,MAN,2026-10-15 20:00,2026-10-15 22:35
F001041,ZX2041,D20261015-MAN-B737-04,1,B737,MAN,FCO,2026-10-15 06:45,2026-10-15 09:20
F001042,ZX2042,D20261015-MAN-B737-04,2,B737,FCO,MAN,2026-10-15 10:05,2026-10-15 12:40
F001043,ZX2043,D20261015-BHX-A320-01,1,A320,BHX,TFS,2026-10-15 06:45,2026-10-15 11:00
F001044,ZX2044,D20261015-BHX-A320-01,2,A320,TFS,BHX,2026-10-15 11:45,2026-10-15 15:50
F001045,ZX2045,D20261015-BHX-A320-02,1,A320,BHX,FAO,2026-10-15 11:15,2026-10-15 13:50
F001046,ZX2046,D20261015-BHX-A320-02,2,A320,FAO,BHX,2026-10-15 14:35,2026-10-15 17:25
F001047,ZX2047,D20261015-BHX-A320-03,1,A320,BHX,KRK,2026-10-15 16:45,2026-10-15 19:15
F001048,ZX2048,D20261015-BHX-A320-03,2,A320,KRK,BHX,2026-10-15 20:00,2026-10-15 22:30
F001049,ZX2049,D20261015-BHX-A320-04,1,A320,BHX,PMI,2026-10-15 07:15,2026-10-15 09:30
F001050,ZX2050,D20261015-BHX-A320-04,2,A320,PMI,BHX,2026-10-15 10:15,2026-10-15 12:30
F001051,ZX2051,D20261015-BHX-E190-01,1,E190,BHX,AMS,2026-10-15 07:00,2026-10-15 08:15
F001052,ZX2052,D20261015-BHX-E190-01,2,E190,AMS,BHX,2026-10-15 09:00,2026-10-15 10:25
F001053,ZX2053,D20261015-BHX-E190-01,3,E190,BHX,CDG,2026-10-15 11:10,2026-10-15 12:30
F001054,ZX2054,D20261015-BHX-E190-01,4,E190,CDG,BHX,2026-10-15 13:15,2026-10-15 14:45
F001055,ZX2055,D20261015-BHX-E190-02,1,E190,BHX,CDG,2026-10-15 11:45,2026-10-15 13:05
F001056,ZX2056,D20261015-BHX-E190-02,2,E190,CDG,BHX,2026-10-15 13:50,2026-10-15 15:20
F001057,ZX2057,D20261015-BHX-E190-02,3,E190,BHX,CDG,2026-10-15 16:05,2026-10-15 17:25
F001058,ZX2058,D20261015-BHX-E190-02,4,E190,CDG,BHX,2026-10-15 18:10,2026-10-15 19:40
F001059,ZX2059,D20261015-BHX-E190-03,1,E190,BHX,AMS,2026-10-15 16:15,2026-10-15 17:30
F001060,ZX2060,D20261015-BHX-E190-03,2,E190,AMS,BHX,2026-10-15 18:15,2026-10-15 19:35
F001061,ZX2061,D20261015-BHX-E190-03,3,E190,BHX,DUB,2026-10-15 20:20,2026-10-15 21:10
F001062,ZX2062,D20261015-BHX-E190-03,4,E190,DUB,BHX,2026-10-15 21:55,2026-10-15 23:00
F001063,ZX2063,D20261015-EDI-A320-01,1,A320,EDI,CDG,2026-10-15 06:00,2026-10-15 07:30
F001064,ZX2064,D20261015-EDI-A320-01,2,A320,CDG,EDI,2026-10-15 08:15,2026-10-15 09:35
F001065,ZX2065,D20261015-EDI-A320-01,3,A320,EDI,AMS,2026-10-15 10:20,2026-10-15 11:40
F001066,ZX2066,D20261015-EDI-A320-01,4,A320,AMS,EDI,2026-10-15 12:25,2026-10-15 13:30
F001067,ZX2067,D20261015-EDI-A320-02,1,A320,EDI,BCN,2026-10-15 12:00,2026-10-15 14:10
F001068,ZX2068,D20261015-EDI-A320-02,2,A320,BCN,EDI,2026-10-15 14:55,2026-10-15 17:10
F001069,ZX2069,D20261015-EDI-A320-03,1,A320,EDI,CDG,2026-10-15 16:30,2026-10-15 17:45
F001070,ZX2070,D20261015-EDI-A320-03,2,A320,CDG,EDI,2026-10-15 18:30,2026-10-15 19:55
F001071,ZX2071,D20261015-EDI-A320-03,3,A320,EDI,DUB,2026-10-15 20:40,2026-10-15 21:30
F001072,ZX2072,D20261015-EDI-A320-03,4,A320,DUB,EDI,2026-10-15 22:15,2026-10-15 23:15
F001073,ZX2073,D20261015-EDI-B737-01,1,B737,EDI,KRK,2026-10-15 06:30,2026-10-15 08:50
F001074,ZX2074,D20261015-EDI-B737-01,2,B737,KRK,EDI,2026-10-15 09:35,2026-10-15 12:10
F001075,ZX2075,D20261015-EDI-B737-02,1,B737,EDI,PMI,2026-10-15 12:15,2026-10-15 14:25
F001076,ZX2076,D20261015-EDI-B737-02,2,B737,PMI,EDI,2026-10-15 15:10,2026-10-15 17:20
F001077,ZX2077,D20261015-EDI-B737-03,1,B737,EDI,KRK,2026-10-15 15:45,2026-10-15 18:20
F001078,ZX2078,D20261015-EDI-B737-03,2,B737,KRK,EDI,2026-10-15 19:05,2026-10-15 21:30
F001079,ZX2079,D20261016-MAN-A320-01,1,A320,MAN,FAO,2026-10-16 06:45,2026-10-16 09:30
F001080,ZX2080,D20261016-MAN-A320-01,2,A320,FAO,MAN,2026-10-16 10:15,2026-10-16 12:55
F001081,ZX2081,D20261016-MAN-A320-02,1,A320,MAN,PRG,2026-10-16 12:15,2026-10-16 14:25
F001082,ZX2082,D20261016-MAN-A320-02,2,A320,PRG,MAN,2026-10-16 15:10,2026-10-16 17:20
F001083,ZX2083,D20261016-MAN-A320-03,1,A320,MAN,FAO,2026-10-16 17:00,2026-10-16 19:45
F001084,ZX2084,D20261016-MAN-A320-03,2,A320,FAO,MAN,2026-10-16 20:30,2026-10-16 23:15
F001085,ZX2085,D20261016-MAN-A320-04,1,A320,MAN,AMS,2026-10-16 06:00,2026-10-16 07:15
F001086,ZX2086,D20261016-MAN-A320-04,2,A320,AMS,MAN,2026-10-16 08:00,2026-10-16 09:15
F001087,ZX2087,D20261016-MAN-A320-04,3,A320,MAN,DUB,2026-10-16 10:00,2026-10-16 11:05
F001088,ZX2088,D20261016-MAN-A320-04,4,A320,DUB,MAN,2026-10-16 11:50,2026-10-16 12:50
F001089,ZX2089,D20261016-MAN-A320-05,1,A320,MAN,DUB,2026-10-16 12:30,2026-10-16 13:25
F001090,ZX2090,D20261016-MAN-A320-05,2,A320,DUB,MAN,2026-10-16 14:10,2026-10-16 15:15
F001091,ZX2091,D20261016-MAN-A320-05,3,A320,MAN,AMS,2026-10-16 16:00,2026-10-16 17:25
F001092,ZX2092,D20261016-MAN-A320-05,4,A320,AMS,MAN,2026-10-16 18:10,2026-10-16 19:25
F001093,ZX2093,D20261016-MAN-A320-06,1,A320,MAN,BRU,2026-10-16 15:30,2026-10-16 16:35
F001094,ZX2094,D20261016-MAN-A320-06,2,A320,BRU,MAN,2026-10-16 17:20,2026-10-16 18:35
F001095,ZX2095,D20261016-MAN-A320-06,3,A320,MAN,DUB,2026-10-16 19:20,2026-10-16 20:10
F001096,ZX2096,D20261016-MAN-A320-06,4,A320,DUB,MAN,2026-10-16 20:55,2026-10-16 21:50
F001097,ZX2097,D20261016-MAN-A320-07,1,A320,MAN,CDG,2026-10-16 06:15,2026-10-16 07:35
F001098,ZX2098,D20261016-MAN-A320-07,2,A320,CDG,MAN,2026-10-16 08:20,2026-10-16 09:45
F001099,ZX2099,D20261016-MAN-A320-07,3,A320,MAN,DUB,2026-10-16 10:30,2026-10-16 11:30
F001100,ZX2100,D20261016-MAN-A320-07,4,A320,DUB,MAN,2026-10-16 12:15,2026-10-16 13:20
F001101,ZX2101,D20261016-MAN-B737-01,1,B737,MAN,BRU,2026-10-16 07:15,2026-10-16 08:30
F001102,ZX2102,D20261016-MAN-B737-01,2,B737,BRU,MAN,2026-10-16 09:15,2026-10-16 10:20
F001103,ZX2103,D20261016-MAN-B737-01,3,B737,MAN,CDG,2026-10-16 11:05,2026-10-16 12:40
F001104,ZX2104,D20261016-MAN-B737-01,4,B737,CDG,MAN,2026-10-16 13:25,2026-10-16 14:55
F001105,ZX2105,D20261016-MAN-B737-02,1,B737,MAN,BRU,2026-10-16 12:00,2026-10-16 13:00
F001106,ZX2106,D20261016-MAN-B737-02,2,B737,BRU,MAN,2026-10-16 13:45,2026-10-16 14:50
F001107,ZX2107,D20261016-MAN-B737-02,3,B737,MAN,DUB,2026-10-16 15:35,2026-10-16 16:25
F001108,ZX2108,D20261016-MAN-B737-02,4,B737,DUB,MAN,2026-10-16 17:10,2026-10-16 18:10
F001109,ZX2109,D20261016-MAN-B737-03,1,B737,MAN,CDG,2026-10-16 16:30,2026-10-16 17:45
F001110,ZX2110,D20261016-MAN-B737-03,2,B737,CDG,MAN,2026-10-16 18:30,2026-10-16 19:50
F001111,ZX2111,D20261016-MAN-B737-03,3,B737,MAN,BRU,2026-10-16 20:35,2026-10-16 21:55
F001112,ZX2112,D20261016-MAN-B737-03,4,B737,BRU,MAN,2026-10-16 22:40,2026-10-16 23:50
F001113,ZX2113,D20261016-MAN-B737-04,1,B737,MAN,CDG,2026-10-16 06:30,2026-10-16 07:50
F001114,ZX2114,D20261016-MAN-B737-04,2,B737,CDG,MAN,2026-10-16 08:35,2026-10-16 10:00
F001115,ZX2115,D20261016-MAN-B737-04,3,B737,MAN,CDG,2026-10-16 10:45,2026-10-16 12:10
F001116,ZX2116,D20261016-MAN-B737-04,4,B737,CDG,MAN,2026-10-16 12:55,2026-10-16 14:25
F001117,ZX2117,D20261016-MAN-B737-05,1,B737,MAN,DUB,2026-10-16 11:30,2026-10-16 12:25
F001118,ZX2118,D20261016-MAN-B737-05,2,B737,DUB,MAN,2026-10-16 13:10,2026-10-16 14:10
F001119,ZX2119,D20261016-MAN-B737-05,3,B737,MAN,DUB,2026-10-16 14:55,2026-10-16 16:00
F001120,ZX2120,D20261016-MAN-B737-05,4,B737,DUB,MAN,2026-10-16 16:45,2026-10-16 17:40
F001121,ZX2121,D20261016-BHX-A320-01,1,A320,BHX,PRG,2026-10-16 06:45,2026-10-16 08:40
F001122,ZX2122,D20261016-BHX-A320-01,2,A320,PRG,BHX,2026-10-16 09:25,2026-10-16 11:40
F001123,ZX2123,D20261016-BHX-A320-02,1,A320,BHX,KRK,2026-10-16 11:45,2026-10-16 14:05
F001124,ZX2124,D20261016-BHX-A320-02,2,A320,KRK,BHX,2026-10-16 14:50,2026-10-16 17:10
F001125,ZX2125,D20261016-BHX-A320-03,1,A320,BHX,FAO,2026-10-16 16:15,2026-10-16 18:50
F001126,ZX2126,D20261016-BHX-A320-03,2,A320,FAO,BHX,2026-10-16 19:35,2026-10-16 22:10
F001127,ZX2127,D20261016-BHX-A320-04,1,A320,BHX,FCO,2026-10-16 07:00,2026-10-16 09:45
F001128,ZX2128,D20261016-BHX-A320-04,2,A320,FCO,BHX,2026-10-16 10:30,2026-10-16 13:00
F001129,ZX2129,D20261016-BHX-A320-05,1,A320,BHX,PRG,2026-10-16 11:45,2026-10-16 13:55
F001130,ZX2130,D20261016-BHX-A320-05,2,A320,PRG,BHX,2026-10-16 14:40,2026-10-16 16:45
F001131,ZX2131,D20261016-BHX-E190-01,1,E190,BHX,AMS,2026-10-16 06:15,2026-10-16 07:25
F001132,ZX2132,D20261016-BHX-E190-01,2,E190,AMS,BHX,2026-10-16 08:10,2026-10-16 09:20
F001133,ZX2133,D20261016-BHX-E190-01,3,E190,BHX,CDG,2026-10-16 10:05,2026-10-16 11:25
F001134,ZX2134,D20261016-BHX-E190-01,4,E190,CDG,BHX,2026-10-16 12:10,2026-10-16 13:30
F001135,ZX2135,D20261016-BHX-E190-02,1,E190,BHX,CDG,2026-10-16 11:15,2026-10-16 12:40
F001136,ZX2136,D20261016-BHX-E190-02,2,E190,CDG,BHX,2026-10-16 13:25,2026-10-16 14:50
F001137,ZX2137,D20261016-BHX-E190-02,3,E190,BHX,BRU,2026-10-16 15:35,2026-10-16 16:35
F001138,ZX2138,D20261016-BHX-E190-02,4,E190,BRU,BHX,2026-10-16 17:20,2026-10-16 18:25
F001139,ZX2139,D20261016-BHX-E190-03,1,E190,BHX,CDG,2026-10-16 15:45,2026-10-16 17:10
F001140,ZX2140,D20261016-BHX-E190-03,2,E190,CDG,BHX,2026-10-16 17:55,2026-10-16 19:15
F001141,ZX2141,D20261016-BHX-E190-03,3,E190,BHX,AMS,2026-10-16 20:00,2026-10-16 21:05
F001142,ZX2142,D20261016-BHX-E190-03,4,E190,AMS,BHX,2026-10-16 21:50,2026-10-16 23:05
F001143,ZX2143,D20261016-BHX-E190-04,1,E190,BHX,CDG,2026-10-16 07:30,2026-10-16 08:55
F001144,ZX2144,D20261016-BHX-E190-04,2,E190,CDG,BHX,2026-10-16 09:40,2026-10-16 11:05
F001145,ZX2145,D20261016-BHX-E190-04,3,E190,BHX,BRU,2026-10-16 11:50,2026-10-16 13:05
F001146,ZX2146,D20261016-BHX-E190-04,4,E190,BRU,BHX,2026-10-16 13:50,2026-10-16 15:05
F001147,ZX2147,D20261016-EDI-A320-01,1,A320,EDI,FCO,2026-10-16 07:00,2026-10-16 09:40
F001148,ZX2148,D20261016-EDI-A320-01,2,A320,FCO,EDI,2026-10-16 10:25,2026-10-16 13:10
F001149,ZX2149,D20261016-EDI-A320-02,1,A320,EDI,FAO,2026-10-16 11:45,2026-10-16 14:40
F001150,ZX2150,D20261016-EDI-A320-02,2,A320,FAO,EDI,2026-10-16 15:25,2026-10-16 18:05
F001151,ZX2151,D20261016-EDI-A320-03,1,A320,EDI,AMS,2026-10-16 16:45,2026-10-16 18:00
F001152,ZX2152,D20261016-EDI-A320-03,2,A320,AMS,EDI,2026-10-16 18:45,2026-10-16 20:05
F001153,ZX2153,D20261016-EDI-A320-03,3,A320,EDI,BRU,2026-10-16 20:50,2026-10-16 22:00
F001154,ZX2154,D20261016-EDI-A320-03,4,A320,BRU,EDI,2026-10-16 22:45,2026-10-16 23:45
F001155,ZX2155,D20261016-EDI-A320-04,1,A320,EDI,PMI,2026-10-16 07:00,2026-10-16 09:25
F001156,ZX2156,D20261016-EDI-A320-04,2,A320,PMI,EDI,2026-10-16 10:10,2026-10-16 12:30
F001157,ZX2157,D20261016-EDI-B737-01,1,B737,EDI,ALC,2026-10-16 07:15,2026-10-16 09:45
F001158,ZX2158,D20261016-EDI-B737-01,2,B737,ALC,EDI,2026-10-16 10:30,2026-10-16 12:55
F001159,ZX2159,D20261016-EDI-B737-02,1,B737,EDI,FAO,2026-10-16 12:15,2026-10-16 15:05
F001160,ZX2160,D20261016-EDI-B737-02,2,B737,FAO,EDI,2026-10-16 15:50,2026-10-16 18:30
F001161,ZX2161,D20261016-EDI-B737-03,1,B737,EDI,PMI,2026-10-16 16:00,2026-10-16 18:25
F001162,ZX2162,D20261016-EDI-B737-03,2,B737,PMI,EDI,2026-10-16 19:10,2026-10-16 21:35
F001163,ZX2163,D20261016-EDI-B737-04,1,B737,EDI,TFS,2026-10-16 06:00,2026-10-16 10:10
F001164,ZX2164,D20261016-EDI-B737-04,2,B737,TFS,EDI,2026-10-16 10:55,2026-10-16 15:05
F001165,ZX2165,D20261017-MAN-A320-01,1,A320,MAN,DUB,2026-10-17 07:30,2026-10-17 08:35
F001166,ZX2166,D20261017-MAN-A320-01,2,A320,DUB,MAN,2026-10-17 09:20,2026-10-17 10:25
F001167,ZX2167,D20261017-MAN-A320-01,3,A320,MAN,BRU,2026-10-17 11:10,2026-10-17 12:20
F001168,ZX2168,D20261017-MAN-A320-01,4,A320,BRU,MAN,2026-10-17 13:05,2026-10-17 14:25
F001169,ZX2169,D20261017-MAN-A320-02,1,A320,MAN,BRU,2026-10-17 11:00,2026-10-17 12:15
F001170,ZX2170,D20261017-MAN-A320-02,2,A320,BRU,MAN,2026-10-17 13:00,2026-10-17 14:00
F001171,ZX2171,D20261017-MAN-A320-02,3,A320,MAN,AMS,2026-10-17 14:45,2026-10-17 16:10
F001172,ZX2172,D20261017-MAN-A320-02,4,A320,AMS,MAN,2026-10-17 16:55,2026-10-17 18:15
F001173,ZX2173,D20261017-MAN-A320-03,1,A320,MAN,BRU,2026-10-17 16:15,2026-10-17 17:15
F001174,ZX2174,D20261017-MAN-A320-03,2,A320,BRU,MAN,2026-10-17 18:00,2026-10-17 19:00
F001175,ZX2175,D20261017-MAN-A320-03,3,A320,MAN,CDG,2026-10-17 19:45,2026-10-17 21:05
F001176,ZX2176,D20261017-MAN-A320-03,4,A320,CDG,MAN,2026-10-17 21:50,2026-10-17 23:20
F001177,ZX2177,D20261017-MAN-A320-04,1,A320,MAN,AMS,2026-10-17 07:00,2026-10-17 08:10
F001178,ZX2178,D20261017-MAN-A320-04,2,A320,AMS,MAN,2026-10-17 08:55,2026-10-17 10:10
F001179,ZX2179,D20261017-MAN-A320-04,3,A320,MAN,CDG,2026-10-17 10:55,2026-10-17 12:25
F001180,ZX2180,D20261017-MAN-A320-04,4,A320,CDG,MAN,2026-10-17 13:10,2026-10-17 14:40
F001181,ZX2181,D20261017-MAN-A320-05,1,A320,MAN,BCN,2026-10-17 11:15,2026-10-17 13:25
F001182,ZX2182,D20261017-MAN-A320-05,2,A320,BCN,MAN,2026-10-17 14:10,2026-10-17 16:15
F001183,ZX2183,D20261017-MAN-A320-06,1,A320,MAN,PMI,2026-10-17 15:30,2026-10-17 17:45
F001184,ZX2184,D20261017-MAN-A320-06,2,A320,PMI,MAN,2026-10-17 18:30,2026-10-17 20:45
F001185,ZX2185,D20261017-MAN-B737-01,1,B737,MAN,TFS,2026-10-17 07:30,2026-10-17 11:35
F001186,ZX2186,D20261017-MAN-B737-01,2,B737,TFS,MAN,2026-10-17 12:20,2026-10-17 16:20
F001187,ZX2187,D20261017-MAN-B737-02,1,B737,MAN,BRU,2026-10-17 12:15,2026-10-17 13:20
F001188,ZX2188,D20261017-MAN-B737-02,2,B737,BRU,MAN,2026-10-17 14:05,2026-10-17 15:20
F001189,ZX2189,D20261017-MAN-B737-02,3,B737,MAN,DUB,2026-10-17 16:05,2026-10-17 16:55
F001190,ZX2190,D20261017-MAN-B737-02,4,B737,DUB,MAN,2026-10-17 17:40,2026-10-17 18:45
F001191,ZX2191,D20261017-MAN-B737-03,1,B737,MAN,PMI,2026-10-17 16:45,2026-10-17 19:15
F001192,ZX2192,D20261017-MAN-B737-03,2,B737,PMI,MAN,2026-10-17 20:00,2026-10-17 22:25
F001193,ZX2193,D20261017-MAN-B737-04,1,B737,MAN,PMI,2026-10-17 07:00,2026-10-17 09:15
F001194,ZX2194,D20261017-MAN-B737-04,2,B737,PMI,MAN,2026-10-17 10:00,2026-10-17 12:20
F001195,ZX2195,D20261017-BHX-A320-01,1,A320,BHX,FAO,2026-10-17 06:45,2026-10-17 09:35
F001196,ZX2196,D20261017-BHX-A320-01,2,A320,FAO,BHX,2026-10-17 10:20,2026-10-17 13:00
F001197,ZX2197,D20261017-BHX-A320-02,1,A320,BHX,BCN,2026-10-17 12:15,2026-10-17 14:30
F001198,ZX2198,D20261017-BHX-A320-02,2,A320,BCN,BHX,2026-10-17 15:15,2026-10-17 17:35
F001199,ZX2199,D20261017-BHX-A320-03,1,A320,BHX,CDG,2026-10-17 16:15,2026-10-17 17:45
F001200,ZX2200,D20261017-BHX-A320-03,2,A320,CDG,BHX,2026-10-17 18:30,2026-10-17 19:50
F001201,ZX2201,D20261017-BHX-A320-03,3,A320,BHX,DUB,2026-10-17 20:35,2026-10-17 21:40
F001202,ZX2202,D20261017-BHX-A320-03,4,A320,DUB,BHX,2026-10-17 22:25,2026-10-17 23:30
F001203,ZX2203,D20261017-BHX-A320-04,1,A320,BHX,AMS,2026-10-17 06:00,2026-10-17 07:10
F001204,ZX2204,D20261017-BHX-A320-04,2,A320,AMS,BHX,2026-10-17 07:55,2026-10-17 09:10
F001205,ZX2205,D20261017-BHX-A320-04,3,A320,BHX,BRU,2026-10-17 09:55,2026-10-17 11:00
F001206,ZX2206,D20261017-BHX-A320-04,4,A320,BRU,BHX,2026-10-17 11:45,2026-10-17 13:00
F001207,ZX2207,D20261017-BHX-E190-01,1,E190,BHX,BRU,2026-10-17 07:00,2026-10-17 08:10
F001208,ZX2208,D20261017-BHX-E190-01,2,E190,BRU,BHX,2026-10-17 08:55,2026-10-17 10:05
F001209,ZX2209,D20261017-BHX-E190-01,3,E190,BHX,CDG,2026-10-17 10:50,2026-10-17 12:10
F001210,ZX2210,D20261017-BHX-E190-01,4,E190,CDG,BHX,2026-10-17 12:55,2026-10-17 14:25
F001211,ZX2211,D20261017-BHX-E190-02,1,E190,BHX,AMS,2026-10-17 12:00,2026-10-17 13:25
F001212,ZX2212,D20261017-BHX-E190-02,2,E190,AMS,BHX,2026-10-17 14:10,2026-10-17 15:25
F001213,ZX2213,D20261017-BHX-E190-02,3,E190,BHX,BRU,2026-10-17 16:10,2026-10-17 17:25
F001214,ZX2214,D20261017-BHX-E190-02,4,E190,BRU,BHX,2026-10-17 18:10,2026-10-17 19:15
F001215,ZX2215,D20261017-BHX-E190-03,1,E190,BHX,BRU,2026-10-17 15:45,2026-10-17 16:50
F001216,ZX2216,D20261017-BHX-E190-03,2,E190,BRU,BHX,2026-10-17 17:35,2026-10-17 18:50
F001217,ZX2217,D20261017-BHX-E190-03,3,E190,BHX,DUB,2026-10-17 19:35,2026-10-17 20:35
F001218,ZX2218,D20261017-BHX-E190-03,4,E190,DUB,BHX,2026-10-17 21:20,2026-10-17 22:20
F001219,ZX2219,D20261017-EDI-A320-01,1,A320,EDI,CDG,2026-10-17 06:15,2026-10-17 07:40
F001220,ZX2220,D20261017-EDI-A320-01,2,A320,CDG,EDI,2026-10-17 08:25,2026-10-17 09:50
F001221,ZX2221,D20261017-EDI-A320-01,3,A320,EDI,AMS,2026-10-17 10:35,2026-10-17 12:00
F001222,ZX2222,D20261017-EDI-A320-01,4,A320,AMS,EDI,2026-10-17 12:45,2026-10-17 14:10
F001223,ZX2223,D20261017-EDI-A320-02,1,A320,EDI,CDG,2026-10-17 11:15,2026-10-17 12:35
F001224,ZX2224,D20261017-EDI-A320-02,2,A320,CDG,EDI,2026-10-17 13:20,2026-10-17 14:40
F001225,ZX2225,D20261017-EDI-A320-02,3,A320,EDI,BRU,2026-10-17 15:25,2026-10-17 16:35
F001226,ZX2226,D20261017-EDI-A320-02,4,A320,BRU,EDI,2026-10-17 17:20,2026-10-17 18:20
F001227,ZX2227,D20261017-EDI-A320-03,1,A320,EDI,CDG,2026-10-17 16:00,2026-10-17 17:20
F001228,ZX2228,D20261017-EDI-A320-03,2,A320,CDG,EDI,2026-10-17 18:05,2026-10-17 19:30
F001229,ZX2229,D20261017-EDI-A320-03,3,A320,EDI,AMS,2026-10-17 20:15,2026-10-17 21:30
F001230,ZX2230,D20261017-EDI-A320-03,4,A320,AMS,EDI,2026-10-17 22:15,2026-10-17 23:35
F001231,ZX2231,D20261017-EDI-B737-01,1,B737,EDI,CDG,2026-10-17 06:45,2026-10-17 08:10
F001232,ZX2232,D20261017-EDI-B737-01,2,B737,CDG,EDI,2026-10-17 08:55,2026-10-17 10:10
F001233,ZX2233,D20261017-EDI-B737-01,3,B737,EDI,CDG,2026-10-17 10:55,2026-10-17 12:10
F001234,ZX2234,D20261017-EDI-B737-01,4,B737,CDG,EDI,2026-10-17 12:55,2026-10-17 14:25
F001235,ZX2235,D20261017-EDI-B737-02,1,B737,EDI,ALC,2026-10-17 11:30,2026-10-17 14:00
F001236,ZX2236,D20261017-EDI-B737-02,2,B737,ALC,EDI,2026-10-17 14:45,2026-10-17 17:10
F001237,ZX2237,D20261017-EDI-B737-03,1,B737,EDI,CDG,2026-10-17 16:15,2026-10-17 17:40
F001238,ZX2238,D20261017-EDI-B737-03,2,B737,CDG,EDI,2026-10-17 18:25,2026-10-17 19:45
F001239,ZX2239,D20261017-EDI-B737-03,3,B737,EDI,DUB,2026-10-17 20:30,2026-10-17 21:30
F001240,ZX2240,D20261017-EDI-B737-03,4,B737,DUB,EDI,2026-10-17 22:15,2026-10-17 23:25
F001241,ZX2241,D20261018-MAN-A320-01,1,A320,MAN,DUB,2026-10-18 07:00,2026-10-18 08:00
F001242,ZX2242,D20261018-MAN-A320-01,2,A320,DUB,MAN,2026-10-18 08:45,2026-10-18 09:55
F001243,ZX2243,D20261018-MAN-A320-01,3,A320,MAN,CDG,2026-10-18 10:40,2026-10-18 11:55
F001244,ZX2244,D20261018-MAN-A320-01,4,A320,CDG,MAN,2026-10-18 12:40,2026-10-18 14:10
F001245,ZX2245,D20261018-MAN-A320-02,1,A320,MAN,BCN,2026-10-18 12:30,2026-10-18 14:40
F001246,ZX2246,D20261018-MAN-A320-02,2,A320,BCN,MAN,2026-10-18 15:25,2026-10-18 17:30
F001247,ZX2247,D20261018-MAN-A320-03,1,A320,MAN,PRG,2026-10-18 17:00,2026-10-18 19:10
F001248,ZX2248,D20261018-MAN-A320-03,2,A320,LBA,MAN,2026-10-18 19:55,2026-10-18 21:55
F001249,ZX2249,D20261018-MAN-A320-04,1,A320,MAN,BRU,2026-10-18 07:30,2026-10-18 08:35
F001250,ZX2250,D20261018-MAN-A320-04,2,A320,BRU,MAN,2026-10-18 09:20,2026-10-18 10:25
F001251,ZX2251,D20261018-MAN-A320-04,3,A320,MAN,CDG,2026-10-18 11:10,2026-10-18 12:30
F001252,ZX2252,D20261018-MAN-A320-04,4,A320,CDG,MAN,2026-10-18 13:15,2026-10-18 14:35
F001253,ZX2253,D20261018-MAN-A320-05,1,A320,MAN,BRU,2026-10-18 11:00,2026-10-18 12:05
F001254,ZX2254,D20261018-MAN-A320-05,2,A320,BRU,MAN,2026-10-18 12:50,2026-10-18 14:05
F001255,ZX2255,D20261018-MAN-A320-05,3,A320,MAN,AMS,2026-10-18 14:50,2026-10-18 16:00
F001256,ZX2256,D20261018-MAN-A320-05,4,A320,AMS,MAN,2026-10-18 16:45,2026-10-18 17:55
F001257,ZX2257,D20261018-MAN-A320-06,1,A320,MAN,PRG,2026-10-18 17:00,2026-10-18 19:00
F001258,ZX2258,D20261018-MAN-A320-06,2,A320,PRG,MAN,2026-10-18 19:45,2026-10-18 21:55
F001259,ZX2259,D20261018-MAN-A320-07,1,A320,MAN,BRU,2026-10-18 06:45,2026-10-18 08:00
F001260,ZX2260,D20261018-MAN-A320-07,2,A320,BRU,MAN,2026-10-18 08:45,2026-10-18 09:50
F001261,ZX2261,D20261018-MAN-A320-07,3,A320,MAN,AMS,2026-10-18 10:35,2026-10-18 11:45
F001262,ZX2262,D20261018-MAN-A320-07,4,A320,AMS,MAN,2026-10-18 12:30,2026-10-18 13:40
F001263,ZX2263,D20261018-MAN-B737-01,1,B737,MAN,CDG,2026-10-18 06:15,2026-10-18 07:35
F001264,ZX2264,D20261018-MAN-B737-01,2,B737,CDG,MAN,2026-10-18 08:20,2026-10-18 09:50
F001265,ZX2265,D20261018-MAN-B737-01,3,B737,MAN,CDG,2026-10-18 10:35,2026-10-18 12:05
F001266,ZX2266,D20261018-MAN-B737-01,4,B737,CDG,MAN,2026-10-18 12:50,2026-10-18 14:15
F001267,ZX2267,D20261018-MAN-B737-02,1,B737,MAN,DUB,2026-10-18 11:00,2026-10-18 12:00
F001268,ZX2268,D20261018-MAN-B737-02,2,B737,DUB,MAN,2026-10-18 12:45,2026-10-18 13:40
F001269,ZX2269,D20261018-MAN-B737-02,3,B737,MAN,CDG,2026-10-18 14:25,2026-10-18 16:00
F001270,ZX2270,D20261018-MAN-B737-02,4,B737,CDG,MAN,2026-10-18 16:45,2026-10-18 18:05
F001271,ZX2271,D20261018-MAN-B737-03,1,B737,MAN,BCN,2026-10-18 16:15,2026-10-18 18:30
F001272,ZX2272,D20261018-MAN-B737-03,2,B737,BCN,MAN,2026-10-18 19:15,2026-10-18 21:30
F001273,ZX2273,D20261018-MAN-B737-04,1,B737,MAN,CDG,2026-10-18 06:00,2026-10-18 07:30
F001274,ZX2274,D20261018-MAN-B737-04,2,B737,CDG,MAN,2026-10-18 08:15,2026-10-18 09:45
F001275,ZX2275,D20261018-MAN-B737-04,3,B737,MAN,BRU,2026-10-18 10:30,2026-10-18 11:40
F001276,ZX2276,D20261018-MAN-B737-04,4,B737,BRU,MAN,2026-10-18 12:25,2026-10-18 13:45
F001277,ZX2277,D20261018-MAN-B737-05,1,B737,MAN,KRK,2026-10-18 12:30,2026-10-18 14:55
F001278,ZX2278,D20261018-MAN-B737-05,2,B737,KRK,MAN,2026-10-18 15:40,2026-10-18 18:05
F001279,ZX2279,D20261018-BHX-A320-01,1,A320,BHX,CDG,2026-10-18 07:00,2026-10-18 08:35
F001280,ZX2280,D20261018-BHX-A320-01,2,A320,CDG,BHX,2026-10-18 09:20,2026-10-18 10:50
F001281,ZX2281,D20261018-BHX-A320-01,3,A320,BHX,BRU,2026-10-18 11:35,2026-10-18 12:35
F001282,ZX2282,D20261018-BHX-A320-01,4,A320,BRU,BHX,2026-10-18 13:20,2026-10-18 14:35
F001283,ZX2283,D20261018-BHX-A320-02,1,A320,BHX,PRG,2026-10-18 12:30,2026-10-18 14:45
F001284,ZX2284,D20261018-BHX-A320-02,2,A320,PRG,BHX,2026-10-18 15:30,2026-10-18 17:30
F001285,ZX2285,D20261018-BHX-A320-03,1,A320,BHX,FAO,2026-10-18 16:15,2026-10-18 18:55
F001286,ZX2286,D20261018-BHX-A320-03,2,A320,FAO,BHX,2026-10-18 19:40,2026-10-18 22:30
F001287,ZX2287,D20261018-BHX-A320-04,1,A320,BHX,BRU,2026-10-18 06:15,2026-10-18 07:30
F001288,ZX2288,D20261018-BHX-A320-04,2,A320,BRU,BHX,2026-10-18 08:15,2026-10-18 09:35
F001289,ZX2289,D20261018-BHX-A320-04,3,A320,BHX,AMS,2026-10-18 10:20,2026-10-18 11:25
F001290,ZX2290,D20261018-BHX-A320-04,4,A320,AMS,BHX,2026-10-18 12:10,2026-10-18 13:20
F001291,ZX2291,D20261018-BHX-A320-05,1,A320,BHX,PMI,2026-10-18 11:00,2026-10-18 13:10
F001292,ZX2292,D20261018-BHX-A320-05,2,A320,PMI,BHX,2026-10-18 13:55,2026-10-18 16:20
F001293,ZX2293,D20261018-BHX-E190-01,1,E190,BHX,AMS,2026-10-18 07:15,2026-10-18 08:35
F001294,ZX2294,D20261018-BHX-E190-01,2,E190,AMS,BHX,2026-10-18 09:20,2026-10-18 10:40
F001295,ZX2295,D20261018-BHX-E190-01,3,E190,BHX,CDG,2026-10-18 11:25,2026-10-18 12:40
F001296,ZX2296,D20261018-BHX-E190-01,4,E190,CDG,BHX,2026-10-18 13:25,2026-10-18 14:50
F001297,ZX2297,D20261018-BHX-E190-02,1,E190,BHX,AMS,2026-10-18 11:15,2026-10-18 12:20
F001298,ZX2298,D20261018-BHX-E190-02,2,E190,AMS,BHX,2026-10-18 13:05,2026-10-18 14:25
F001299,ZX2299,D20261018-BHX-E190-02,3,E190,BHX,CDG,2026-10-18 15:10,2026-10-18 16:40
F001300,ZX2300,D20261018-BHX-E190-02,4,E190,CDG,BHX,2026-10-18 17:25,2026-10-18 19:00
F001301,ZX2301,D20261018-BHX-E190-03,1,E190,BHX,AMS,2026-10-18 16:15,2026-10-18 17:20
F001302,ZX2302,D20261018-BHX-E190-03,2,E190,AMS,BHX,2026-10-18 18:05,2026-10-18 19:20
F001303,ZX2303,D20261018-BHX-E190-03,3,E190,BHX,CDG,2026-10-18 20:05,2026-10-18 21:35
F001304,ZX2304,D20261018-BHX-E190-03,4,E190,CDG,BHX,2026-10-18 22:20,2026-10-18 23:35
F001305,ZX2305,D20261018-BHX-E190-04,1,E190,BHX,BRU,2026-10-18 06:30,2026-10-18 07:35
F001306,ZX2306,D20261018-BHX-E190-04,2,E190,BRU,BHX,2026-10-18 08:20,2026-10-18 09:35
F001307,ZX2307,D20261018-BHX-E190-04,3,E190,BHX,BRU,2026-10-18 10:20,2026-10-18 11:35
F001308,ZX2308,D20261018-BHX-E190-04,4,E190,BRU,BHX,2026-10-18 12:20,2026-10-18 13:25
F001309,ZX2309,D20261018-EDI-A320-01,1,A320,EDI,BCN,2026-10-18 07:15,2026-10-18 09:25
F001310,ZX2310,D20261018-EDI-A320-01,2,A320,BCN,EDI,2026-10-18 10:10,2026-10-18 12:15
F001311,ZX2311,D20261018-EDI-A320-02,1,A320,EDI,AMS,2026-10-18 11:30,2026-10-18 12:45
F001312,ZX2312,D20261018-EDI-A320-02,2,A320,AMS,EDI,2026-10-18 13:30,2026-10-18 14:45
F001313,ZX2313,D20261018-EDI-A320-02,3,A320,EDI,CDG,2026-10-18 15:30,2026-10-18 16:50
F001314,ZX2314,D20261018-EDI-A320-02,4,A320,CDG,EDI,2026-10-18 17:35,2026-10-18 19:10
F001315,ZX2315,D20261018-EDI-A320-03,1,A320,EDI,CDG,2026-10-18 15:45,2026-10-18 17:20
F001316,ZX2316,D20261018-EDI-A320-03,2,A320,CDG,EDI,2026-10-18 18:05,2026-10-18 19:25
F001317,ZX2317,D20261018-EDI-A320-03,3,A320,EDI,BRU,2026-10-18 20:10,2026-10-18 21:15
F001318,ZX2318,D20261018-EDI-A320-03,4,A320,BRU,EDI,2026-10-18 22:00,2026-10-18 23:05
F001319,ZX2319,D20261018-EDI-A320-04,1,A320,EDI,KRK,2026-10-18 06:00,2026-10-18 08:35
F001320,ZX2320,D20261018-EDI-A320-04,2,A320,KRK,EDI,2026-10-18 09:20,2026-10-18 11:55
F001321,ZX2321,D20261018-EDI-B737-01,1,B737,EDI,BRU,2026-10-18 07:30,2026-10-18 08:40
F001322,ZX2322,D20261018-EDI-B737-01,2,B737,BRU,EDI,2026-10-18 09:25,2026-10-18 10:35
F001323,ZX2323,D20261018-EDI-B737-01,3,B737,EDI,AMS,2026-10-18 11:20,2026-10-18 12:40
F001324,ZX2324,D20261018-EDI-B737-01,4,B737,AMS,EDI,2026-10-18 13:25,2026-10-18 14:35
F001325,ZX2325,D20261018-EDI-B737-02,1,B737,EDI,AMS,2026-10-18 11:00,2026-10-18 12:15
F001326,ZX2326,D20261018-EDI-B737-02,2,B737,AMS,EDI,2026-10-18 13:00,2026-10-18 14:10
F001327,ZX2327,D20261018-EDI-B737-02,3,B737,EDI,CDG,2026-10-18 14:55,2026-10-18 16:25
F001328,ZX2328,D20261018-EDI-B737-02,4,B737,CDG,EDI,2026-10-18 17:10,2026-10-18 18:25
F001329,ZX2329,D20261018-EDI-B737-03,1,B737,EDI,BRU,2026-10-18 15:30,2026-10-18 16:40
F001330,ZX2330,D20261018-EDI-B737-03,2,B737,BRU,EDI,2026-10-18 17:25,2026-10-18 18:40
F001331,ZX2331,D20261018-EDI-B737-03,3,B737,EDI,AMS,2026-10-18 19:25,2026-10-18 20:40
F001332,ZX2332,D20261018-EDI-B737-03,4,B737,AMS,EDI,2026-10-18 21:25,2026-10-18 22:40
F001333,ZX2333,D20261018-EDI-B737-04,1,B737,EDI,DUB,2026-10-18 06:15,2026-10-18 07:15
F001334,ZX2334,D20261018-EDI-B737-04,2,B737,DUB,EDI,2026-10-18 08:00,2026-10-18 08:50
F001335,ZX2335,D20261018-EDI-B737-04,3,B737,EDI,DUB,2026-10-18 09:35,2026-10-18 10:30
F001336,ZX2336,D20261018-EDI-B737-04,4,B737,DUB,EDI,2026-10-18 11:15,2026-10-18 12:25
F001337,ZX2337,D20261019-MAN-A320-01,1,A320,MAN,KRK,2026-10-19 07:30,2026-10-19 10:05
F001338,ZX2338,D20261019-MAN-A320-01,2,A320,KRK,MAN,2026-10-19 10:50,2026-10-19 13:20
F001339,ZX2339,D20261019-MAN-A320-02,1,A320,MAN,FAO,2026-10-19 11:45,2026-10-19 14:20
F001340,ZX2340,D20261019-MAN-A320-02,2,A320,FAO,MAN,2026-10-19 15:05,2026-10-19 17:50
F001341,ZX2341,D20261019-MAN-A320-03,1,A320,MAN,PRG,2026-10-19 16:30,2026-10-19 18:30
F001342,ZX2342,D20261019-MAN-A320-03,2,A320,PRG,MAN,2026-10-19 19:15,2026-10-19 21:20
F001343,ZX2343,D20261019-MAN-A320-04,1,A320,MAN,AMS,2026-10-19 06:15,2026-10-19 07:30
F001344,ZX2344,D20261019-MAN-A320-04,2,A320,AMS,MAN,2026-10-19 08:15,2026-10-19 09:35
F001345,ZX2345,D20261019-MAN-A320-04,3,A320,MAN,BRU,2026-10-19 10:20,2026-10-19 11:35
F001346,ZX2346,D20261019-MAN-A320-04,4,A320,BRU,MAN,2026-10-19 12:20,2026-10-19 13:35
F001347,ZX2347,D20261019-MAN-A320-05,1,A320,MAN,FAO,2026-10-19 11:00,2026-10-19 13:50
F001348,ZX2348,D20261019-MAN-A320-05,2,A320,FAO,MAN,2026-10-19 14:35,2026-10-19 17:25
F001349,ZX2349,D20261019-MAN-A320-06,1,A320,MAN,FAO,2026-10-19 15:30,2026-10-19 18:05
F001350,ZX2350,D20261019-MAN-A320-06,2,A320,FAO,MAN,2026-10-19 18:50,2026-10-19 21:35
F001351,ZX2351,D20261019-MAN-B737-01,1,B737,MAN,PMI,2026-10-19 06:00,2026-10-19 08:10
F001352,ZX2352,D20261019-MAN-B737-01,2,B737,PMI,MAN,2026-10-19 08:55,2026-10-19 11:20
F001353,ZX2353,D20261019-MAN-B737-02,1,B737,MAN,TFS,2026-10-19 12:15,2026-10-19 16:35
F001354,ZX2354,D20261019-MAN-B737-02,2,B737,TFS,MAN,2026-10-19 17:20,2026-10-19 21:30
F001355,ZX2355,D20261019-MAN-B737-03,1,B737,MAN,BRU,2026-10-19 17:00,2026-10-19 18:05
F001356,ZX2356,D20261019-MAN-B737-03,2,B737,BRU,MAN,2026-10-19 18:50,2026-10-19 20:05
F001357,ZX2357,D20261019-MAN-B737-03,3,B737,MAN,AMS,2026-10-19 20:50,2026-10-19 22:10
F001358,ZX2358,D20261019-MAN-B737-03,4,B737,AMS,MAN,2026-10-19 22:55,2026-10-20 00:15
F001359,ZX2359,D20261019-MAN-B737-04,1,B737,MAN,DUB,2026-10-19 06:00,2026-10-19 07:05
F001360,ZX2360,D20261019-MAN-B737-04,2,B737,DUB,MAN,2026-10-19 07:50,2026-10-19 08:45
F001361,ZX2361,D20261019-MAN-B737-04,3,B737,MAN,BRU,2026-10-19 09:30,2026-10-19 10:30
F001362,ZX2362,D20261019-MAN-B737-04,4,B737,BRU,MAN,2026-10-19 11:15,2026-10-19 12:30
F001363,ZX2363,D20261019-BHX-A320-01,1,A320,BHX,CDG,2026-10-19 07:00,2026-10-19 08:25
F001364,ZX2364,D20261019-BHX-A320-01,2,A320,CDG,BHX,2026-10-19 09:10,2026-10-19 10:25
F001365,ZX2365,D20261019-BHX-A320-01,3,A320,BHX,CDG,2026-10-19 11:10,2026-10-19 12:40
F001366,ZX2366,D20261019-BHX-A320-01,4,A320,CDG,BHX,2026-10-19 13:25,2026-10-19 14:45
F001367,ZX2367,D20261019-BHX-A320-02,1,A320,BHX,PRG,2026-10-19 11:15,2026-10-19 13:30
F001368,ZX2368,D20261019-BHX-A320-02,2,A320,PRG,BHX,2026-10-19 14:15,2026-10-19 16:25
F001369,ZX2369,D20261019-BHX-A320-03,1,A320,BHX,BCN,2026-10-19 15:30,2026-10-19 17:30
F001370,ZX2370,D20261019-BHX-A320-03,2,A320,BCN,BHX,2026-10-19 18:15,2026-10-19 20:30
F001371,ZX2371,D20261019-BHX-A320-04,1,A320,BHX,FCO,2026-10-19 06:15,2026-10-19 08:55
F001372,ZX2372,D20261019-BHX-A320-04,2,A320,FCO,BHX,2026-10-19 09:40,2026-10-19 12:15
F001373,ZX2373,D20261019-BHX-E190-01,1,E190,BHX,DUB,2026-10-19 07:30,2026-10-19 08:25
F001374,ZX2374,D20261019-BHX-E190-01,2,E190,DUB,BHX,2026-10-19 09:10,2026-10-19 10:05
F001375,ZX2375,D20261019-BHX-E190-01,3,E190,BHX,CDG,2026-10-19 10:50,2026-10-19 12:25
F001376,ZX2376,D20261019-BHX-E190-01,4,E190,CDG,BHX,2026-10-19 13:10,2026-10-19 14:30
F001377,ZX2377,D20261019-BHX-E190-02,1,E190,BHX,DUB,2026-10-19 12:30,2026-10-19 13:20
F001378,ZX2378,D20261019-BHX-E190-02,2,E190,DUB,BHX,2026-10-19 14:05,2026-10-19 15:10
F001379,ZX2379,D20261019-BHX-E190-02,3,E190,BHX,BRU,2026-10-19 15:55,2026-10-19 16:55
F001380,ZX2380,D20261019-BHX-E190-02,4,E190,BRU,BHX,2026-10-19 17:40,2026-10-19 18:45
F001381,ZX2381,D20261019-BHX-E190-03,1,E190,BHX,DUB,2026-10-19 16:30,2026-10-19 17:20
F001382,ZX2382,D20261019-BHX-E190-03,2,E190,DUB,BHX,2026-10-19 18:05,2026-10-19 19:05
F001383,ZX2383,D20261019-BHX-E190-03,3,E190,BHX,CDG,2026-10-19 19:50,2026-10-19 21:10
F001384,ZX2384,D20261019-BHX-E190-03,4,E190,CDG,BHX,2026-10-19 21:55,2026-10-19 23:25
F001385,ZX2385,D20261019-EDI-A320-01,1,A320,EDI,TFS,2026-10-19 06:30,2026-10-19 10:30
F001386,ZX2386,D20261019-EDI-A320-01,2,A320,TFS,EDI,2026-10-19 11:15,2026-10-19 15:20
F001387,ZX2387,D20261019-EDI-A320-02,1,A320,EDI,AMS,2026-10-19 12:00,2026-10-19 13:10
F001388,ZX2388,D20261019-EDI-A320-02,2,A320,AMS,EDI,2026-10-19 13:55,2026-10-19 15:20
F001389,ZX2389,D20261019-EDI-A320-02,3,A320,EDI,CDG,2026-10-19 16:05,2026-10-19 17:40
F001390,ZX2390,D20261019-EDI-A320-02,4,A320,CDG,EDI,2026-10-19 18:25,2026-10-19 19:55
F001391,ZX2391,D20261019-EDI-A320-03,1,A320,EDI,AMS,2026-10-19 16:45,2026-10-19 17:50
F001392,ZX2392,D20261019-EDI-A320-03,2,A320,AMS,EDI,2026-10-19 18:35,2026-10-19 19:50
F001393,ZX2393,D20261019-EDI-A320-03,3,A320,EDI,AMS,2026-10-19 20:35,2026-10-19 21:45
F001394,ZX2394,D20261019-EDI-A320-03,4,A320,AMS,EDI,2026-10-19 22:30,2026-10-19 23:40
F001395,ZX2395,D20261019-EDI-B737-01,1,B737,EDI,DUB,2026-10-19 07:30,2026-10-19 08:20
F001396,ZX2396,D20261019-EDI-B737-01,2,B737,DUB,EDI,2026-10-19 09:05,2026-10-19 10:10
F001397,ZX2397,D20261019-EDI-B737-01,3,B737,EDI,BRU,2026-10-19 10:55,2026-10-19 12:10
F001398,ZX2398,D20261019-EDI-B737-01,4,B737,BRU,EDI,2026-10-19 12:55,2026-10-19 14:10
F001399,ZX2399,D20261019-EDI-B737-02,1,B737,EDI,ALC,2026-10-19 11:00,2026-10-19 13:30
F001400,ZX2400,D20261019-EDI-B737-02,2,B737,ALC,EDI,2026-10-19 14:15,2026-10-19 16:55
F001401,ZX2401,D20261019-EDI-B737-03,1,B737,EDI,DUB,2026-10-19 15:45,2026-10-19 16:55
F001402,ZX2402,D20261019-EDI-B737-03,2,B737,DUB,EDI,2026-10-19 17:40,2026-10-19 18:50
F001403,ZX2403,D20261019-EDI-B737-03,3,B737,EDI,DUB,2026-10-19 19:35,2026-10-19 20:35
F001404,ZX2404,D20261019-EDI-B737-03,4,B737,DUB,EDI,2026-10-19 21:20,2026-10-19 22:25
F001405,ZX2405,D20261020-MAN-A320-01,1,A320,MAN,PRG,2026-10-20 06:30,2026-10-20 08:35
F001406,ZX2406,D20261020-MAN-A320-01,2,A320,PRG,MAN,2026-10-20 09:20,2026-10-20 11:25
F001407,ZX2407,D20261020-MAN-A320-02,1,A320,MAN,DUB,2026-10-20 12:15,2026-10-20 13:15
F001408,ZX2408,D20261020-MAN-A320-02,2,A320,DUB,MAN,2026-10-20 14:00,2026-10-20 15:10
F001409,ZX2409,D20261020-MAN-A320-02,3,A320,MAN,DUB,2026-10-20 15:55,2026-10-20 16:50
F001410,ZX2410,D20261020-MAN-A320-02,4,A320,DUB,MAN,2026-10-20 17:35,2026-10-20 18:30
F001411,ZX2411,D20261020-MAN-A320-03,1,A320,MAN,CDG,2026-10-20 16:00,2026-10-20 17:20
F001412,ZX2412,D20261020-MAN-A320-03,2,A320,CDG,MAN,2026-10-20 18:05,2026-10-20 19:25
F001413,ZX2413,D20261020-MAN-A320-03,3,A320,MAN,BRU,2026-10-20 20:10,2026-10-20 21:10
F001414,ZX2414,D20261020-MAN-A320-03,4,A320,BRU,MAN,2026-10-20 21:55,2026-10-20 23:00
F001415,ZX2415,D20261020-MAN-A320-04,1,A320,MAN,DUB,2026-10-20 07:30,2026-10-20 08:20
F001416,ZX2416,D20261020-MAN-A320-04,2,A320,DUB,MAN,2026-10-20 09:05,2026-10-20 10:05
F001417,ZX2417,D20261020-MAN-A320-04,3,A320,MAN,AMS,2026-10-20 10:50,2026-10-20 12:00
F001418,ZX2418,D20261020-MAN-A320-04,4,A320,AMS,MAN,2026-10-20 12:45,2026-10-20 13:50
F001419,ZX2419,D20261020-MAN-A320-05,1,A320,MAN,AMS,2026-10-20 11:30,2026-10-20 12:40
F001420,ZX2420,D20261020-MAN-A320-05,2,A320,AMS,MAN,2026-10-20 13:25,2026-10-20 14:35
F001421,ZX2421,D20261020-MAN-A320-05,3,A320,MAN,CDG,2026-10-20 15:20,2026-10-20 16:35
F001422,ZX2422,D20261020-MAN-A320-05,4,A320,CDG,MAN,2026-10-20 17:20,2026-10-20 18:40
F001423,ZX2423,D20261020-MAN-B737-01,1,B737,MAN,BCN,2026-10-20 07:15,2026-10-20 09:20
F001424,ZX2424,D20261020-MAN-B737-01,2,B737,BCN,MAN,2026-10-20 10:05,2026-10-20 12:20
F001425,ZX2425,D20261020-MAN-B737-02,1,B737,MAN,ALC,2026-10-20 11:15,2026-10-20 13:55
F001426,ZX2426,D20261020-MAN-B737-02,2,B737,ALC,MAN,2026-10-20 14:40,2026-10-20 17:10
F001427,ZX2427,D20261020-MAN-B737-03,1,B737,MAN,BRU,2026-10-20 15:30,2026-10-20 16:30
F001428,ZX2428,D20261020-MAN-B737-03,2,B737,BRU,MAN,2026-10-20 17:15,2026-10-20 18:25
F001429,ZX2429,D20261020-MAN-B737-03,3,B737,MAN,AMS,2026-10-20 19:10,2026-10-20 20:25
F001430,ZX2430,D20261020-MAN-B737-03,4,B737,AMS,MAN,2026-10-20 21:10,2026-10-20 22:30
F001431,ZX2431,D20261020-BHX-A320-01,1,A320,BHX,PRG,2026-10-20 06:15,2026-10-20 08:25
F001432,ZX2432,D20261020-BHX-A320-01,2,A320,PRG,BHX,2026-10-20 09:10,2026-10-20 11:10
F001433,ZX2433,D20261020-BHX-A320-02,1,A320,BHX,ALC,2026-10-20 11:00,2026-10-20 13:25
F001434,ZX2434,D20261020-BHX-A320-02,2,A320,ALC,BHX,2026-10-20 14:10,2026-10-20 16:45
F001435,ZX2435,D20261020-BHX-A320-03,1,A320,BHX,DUB,2026-10-20 16:00,2026-10-20 17:10
F001436,ZX2436,D20261020-BHX-A320-03,2,A320,DUB,BHX,2026-10-20 17:55,2026-10-20 18:45
F001437,ZX2437,D20261020-BHX-A320-03,3,A320,BHX,BRU,2026-10-20 19:30,2026-10-20 20:50
F001438,ZX2438,D20261020-BHX-A320-03,4,A320,BRU,BHX,2026-10-20 21:35,2026-10-20 22:40
F001439,ZX2439,D20261020-BHX-E190-01,1,E190,BHX,CDG,2026-10-20 07:15,2026-10-20 08:30
F001440,ZX2440,D20261020-BHX-E190-01,2,E190,CDG,BHX,2026-10-20 09:15,2026-10-20 10:45
F001441,ZX2441,D20261020-BHX-E190-01,3,E190,BHX,AMS,2026-10-20 11:30,2026-10-20 12:50
F001442,ZX2442,D20261020-BHX-E190-01,4,E190,AMS,BHX,2026-10-20 13:35,2026-10-20 14:40
F001443,ZX2443,D20261020-BHX-E190-02,1,E190,BHX,DUB,2026-10-20 11:45,2026-10-20 12:55
F001444,ZX2444,D20261020-BHX-E190-02,2,E190,DUB,BHX,2026-10-20 13:40,2026-10-20 14:40
F001445,ZX2445,D20261020-BHX-E190-02,3,E190,BHX,AMS,2026-10-20 15:25,2026-10-20 16:45
F001446,ZX2446,D20261020-BHX-E190-02,4,E190,AMS,BHX,2026-10-20 17:30,2026-10-20 18:45
F001447,ZX2447,D20261020-EDI-A320-01,1,A320,EDI,AMS,2026-10-20 06:45,2026-10-20 07:55
F001448,ZX2448,D20261020-EDI-A320-01,2,A320,AMS,EDI,2026-10-20 08:40,2026-10-20 09:50
F001449,ZX2449,D20261020-EDI-A320-01,3,A320,EDI,BRU,2026-10-20 10:35,2026-10-20 11:40
F001450,ZX2450,D20261020-EDI-A320-01,4,A320,BRU,EDI,2026-10-20 12:25,2026-10-20 13:45
F001451,ZX2451,D20261020-EDI-A320-02,1,A320,EDI,AMS,2026-10-20 11:00,2026-10-20 12:15
F001452,ZX2452,D20261020-EDI-A320-02,2,A320,AMS,EDI,2026-10-20 13:00,2026-10-20 14:25
F001453,ZX2453,D20261020-EDI-A320-02,3,A320,EDI,BRU,2026-10-20 15:10,2026-10-20 16:20
F001454,ZX2454,D20261020-EDI-A320-02,4,A320,BRU,EDI,2026-10-20 17:05,2026-10-20 18:05
F001455,ZX2455,D20261020-EDI-B737-01,1,B737,EDI,ALC,2026-10-20 06:45,2026-10-20 09:20
F001456,ZX2456,D20261020-EDI-B737-01,2,B737,ALC,EDI,2026-10-20 10:05,2026-10-20 12:40
F001457,ZX2457,D20261020-EDI-B737-02,1,B737,EDI,DUB,2026-10-20 11:15,2026-10-20 12:20
F001458,ZX2458,D20261020-EDI-B737-02,2,B737,DUB,EDI,2026-10-20 13:05,2026-10-20 14:00
F001459,ZX2459,D20261020-EDI-B737-02,3,B737,EDI,CDG,2026-10-20 14:45,2026-10-20 16:10
F001460,ZX2460,D20261020-EDI-B737-02,4,B737,CDG,EDI,2026-10-20 16:55,2026-10-20 18:20
F001461,ZX2461,D20261021-MAN-A320-01,1,A320,MAN,FAO,2026-10-21 07:00,2026-10-21 09:40
F001462,ZX2462,D20261021-MAN-A320-01,2,A320,FAO,MAN,2026-10-21 10:25,2026-10-21 13:00
F001463,ZX2463,D20261021-MAN-A320-02,1,A320,MAN,KRK,2026-10-21 12:00,2026-10-21 14:20
F001464,ZX2464,D20261021-MAN-A320-02,2,A320,KRK,MAN,2026-10-21 15:05,2026-10-21 17:45
F001465,ZX2465,D20261021-MAN-A320-03,1,A320,MAN,ALC,2026-10-21 16:30,2026-10-21 19:10
F001466,ZX2466,D20261021-MAN-A320-03,2,A320,ALC,MAN,2026-10-21 19:55,2026-10-21 22:15
F001467,ZX2467,D20261021-MAN-A320-04,1,A320,MAN,BCN,2026-10-21 07:15,2026-10-21 09:30
F001468,ZX2468,D20261021-MAN-A320-04,2,A320,BCN,MAN,2026-10-21 10:15,2026-10-21 12:35
F001469,ZX2469,D20261021-MAN-A320-05,1,A320,MAN,CDG,2026-10-21 12:00,2026-10-21 13:35
F001470,ZX2470,D20261021-MAN-A320-05,2,A320,CDG,MAN,2026-10-21 14:20,2026-10-21 15:55
F001471,ZX2471,D20261021-MAN-A320-05,3,A320,MAN,BRU,2026-10-21 16:40,2026-10-21 17:45
F001472,ZX2472,D20261021-MAN-A320-05,4,A320,BRU,MAN,2026-10-21 18:30,2026-10-21 19:35
F001473,ZX2473,D20261021-MAN-A320-06,1,A320,MAN,BRU,2026-10-21 16:00,2026-10-21 17:15
F001474,ZX2474,D20261021-MAN-A320-06,2,A320,BRU,MAN,2026-10-21 18:00,2026-10-21 19:05
F001475,ZX2475,D20261021-MAN-A320-06,3,A320,MAN,DUB,2026-10-21 19:50,2026-10-21 20:50
F001476,ZX2476,D20261021-MAN-A320-06,4,A320,DUB,MAN,2026-10-21 21:35,2026-10-21 22:30
F001477,ZX2477,D20261021-MAN-B737-01,1,B737,MAN,CDG,2026-10-21 06:15,2026-10-21 07:35
F001478,ZX2478,D20261021-MAN-B737-01,2,B737,CDG,MAN,2026-10-21 08:20,2026-10-21 09:35
F001479,ZX2479,D20261021-MAN-B737-01,3,B737,MAN,BRU,2026-10-21 10:20,2026-10-21 11:20
F001480,ZX2480,D20261021-MAN-B737-01,4,B737,BRU,MAN,2026-10-21 12:05,2026-10-21 13:15
F001481,ZX2481,D20261021-MAN-B737-02,1,B737,MAN,BCN,2026-10-21 11:00,2026-10-21 13:05
F001482,ZX2482,D20261021-MAN-B737-02,2,B737,BCN,MAN,2026-10-21 13:50,2026-10-21 16:00
F001483,ZX2483,D20261021-MAN-B737-03,1,B737, man ,PMI,2026-10-21 17:00,2026-10-21 19:30
F001484,ZX2484,D20261021-MAN-B737-03,2,B737,PMI,MAN,2026-10-21 20:15,2026-10-21 22:40
F001485,ZX2485,D20261021-MAN-B737-04,1,B737,MAN,PMI,2026-10-21 06:30,2026-10-21 08:50
F001486,ZX2486,D20261021-MAN-B737-04,2,B737,PMI,MAN,2026-10-21 09:35,2026-10-21 12:05
F001487,ZX2487,D20261021-BHX-A320-01,1,A320,BHX,FCO,2026-10-21 07:30,2026-10-21 10:20
F001488,ZX2488,D20261021-BHX-A320-01,2,A320,FCO,BHX,2026-10-21 11:05,2026-10-21 13:40
F001489,ZX2489,D20261021-BHX-A320-02,1,A320,BHX,PRG,2026-10-21 12:15,2026-10-21 14:15
F001490,ZX2490,D20261021-BHX-A320-02,2,A320,PRG,BHX,2026-10-21 15:00,2026-10-21 17:00
F001491,ZX2491,D20261021-BHX-A320-03,1,A320,BHX,CDG,2026-10-21 15:45,2026-10-21 17:15
F001492,ZX2492,D20261021-BHX-A320-03,2,A320,CDG,BHX,2026-10-21 18:00,2026-10-21 19:20
F001493,ZX2493,D20261021-BHX-A320-03,3,A320,BHX,CDG,2026-10-21 20:05,2026-10-21 21:40
F001494,ZX2494,D20261021-BHX-A320-03,4,A320,CDG,BHX,2026-10-21 22:25,2026-10-21 23:55
F001495,ZX2495,D20261021-BHX-A320-04,1,A320,BHX,AMS,2026-10-21 07:00,2026-10-21 08:15
F001496,ZX2496,D20261021-BHX-A320-04,2,A320,AMS,BHX,2026-10-21 09:00,2026-10-21 10:20
F001497,ZX2497,D20261021-BHX-A320-04,3,A320,BHX,AMS,2026-10-21 11:05,2026-10-21 12:15
F001498,ZX2498,D20261021-BHX-A320-04,4,A320,AMS,BHX,2026-10-21 13:00,2026-10-21 14:10
F001499,ZX2499,D20261021-BHX-E190-01,1,E190,BHX,CDG,2026-10-21 06:00,2026-10-21 07:20
F001500,ZX2500,D20261021-BHX-E190-01,2,E190,CDG,BHX,2026-10-21 08:05,2026-10-21 09:25
F001501,ZX2501,D20261021-BHX-E190-01,3,E190,BHX,DUB,2026-10-21 10:10,2026-10-21 11:15
F001502,ZX2502,D20261021-BHX-E190-01,4,E190,DUB,BHX,2026-10-21 12:00,2026-10-21 13:00
F001503,ZX2503,D20261021-BHX-E190-02,1,E190,BHX,DUB,2026-10-21 12:15,2026-10-21 13:10
F001504,ZX2504,D20261021-BHX-E190-02,2,E190,DUB,BHX,2026-10-21 13:55,2026-10-21 15:00
F001505,ZX2505,D20261021-BHX-E190-02,3,E190,BHX,CDG,2026-10-21 15:45,2026-10-21 17:05
F001506,ZX2506,D20261021-BHX-E190-02,4,E190,CDG,BHX,2026-10-21 17:50,2026-10-21 19:25
F001507,ZX2507,D20261021-BHX-E190-03,1,E190,BHX,DUB,2026-10-21 15:45,2026-10-21 16:45
F001508,ZX2508,D20261021-BHX-E190-03,2,E190,DUB,BHX,2026-10-21 17:30,2026-10-21 18:25
F001509,ZX2509,D20261021-BHX-E190-03,3,E190,BHX,BRU,2026-10-21 19:10,2026-10-21 20:15
F001510,ZX2510,D20261021-BHX-E190-03,4,E190,BRU,BHX,2026-10-21 21:00,2026-10-21 22:00
F001511,ZX2511,D20261021-EDI-A320-01,1,A320,EDI,DUB,2026-10-21 06:30,2026-10-21 07:30
F001512,ZX2512,D20261021-EDI-A320-01,2,A320,DUB,EDI,2026-10-21 08:15,2026-10-21 09:20
F001513,ZX2513,D20261021-EDI-A320-01,3,A320,EDI,DUB,2026-10-21 10:05,2026-10-21 11:15
F001514,ZX2514,D20261021-EDI-A320-01,4,A320,DUB,EDI,2026-10-21 12:00,2026-10-21 13:10
F001515,ZX2515,D20261021-EDI-A320-02,1,A320,EDI,BRU,2026-10-21 11:45,2026-10-21 12:45
F001516,ZX2516,D20261021-EDI-A320-02,2,A320,BRU,EDI,2026-10-21 13:30,2026-10-21 14:40
F001517,ZX2517,D20261021-EDI-A320-02,3,A320,EDI,CDG,2026-10-21 15:25,2026-10-21 16:55
F001518,ZX2518,D20261021-EDI-A320-02,4,A320,CDG,EDI,2026-10-21 17:40,2026-10-21 19:10
F001519,ZX2519,D20261021-EDI-A320-03,1,A320,EDI,TFS,2026-10-21 16:45,2026-10-21 20:45
F001520,ZX2520,D20261021-EDI-A320-03,2,A320,TFS,EDI,2026-10-21 21:30,2026-10-22 01:45
F001521,ZX2521,D20261021-EDI-B737-01,1,B737,EDI,KRK,2026-10-21 06:30,2026-10-21 09:10
F001522,ZX2522,D20261021-EDI-B737-01,2,B737,KRK,EDI,2026-10-21 09:55,2026-10-21 12:15
F001523,ZX2523,D20261021-EDI-B737-02,1,B737,EDI,AMS,2026-10-21 11:15,2026-10-21 12:30
F001524,ZX2524,D20261021-EDI-B737-02,2,B737,AMS,EDI,2026-10-21 13:15,2026-10-21 14:40
F001525,ZX2525,D20261021-EDI-B737-02,3,B737,EDI,DUB,2026-10-21 15:25,2026-10-21 16:15
F001526,ZX2526,D20261021-EDI-B737-02,4,B737,DUB,EDI,2026-10-21 17:00,2026-10-21 18:00
F001527,ZX2527,D20261021-EDI-B737-03,1,B737,EDI,DUB,2026-10-21 16:30,2026-10-21 17:40
F001528,ZX2528,D20261021-EDI-B737-03,2,B737,DUB,EDI,2026-10-21 18:25,2026-10-21 19:20
F001529,ZX2529,D20261021-EDI-B737-03,3,B737,EDI,CDG,2026-10-21 20:05,2026-10-21 21:40
F001530,ZX2530,D20261021-EDI-B737-03,4,B737,CDG,EDI,2026-10-21 22:25,2026-10-21 23:45
F001531,ZX2531,D20261022-MAN-A320-01,1,A320,MAN,ALC,2026-10-22 06:00,2026-10-22 08:30
F001532,ZX2532,D20261022-MAN-A320-01,2,A320,ALC,MAN,2026-10-22 09:15,2026-10-22 11:45
F001533,ZX2533,D20261022-MAN-A320-02,1,A320,MAN,KRK,2026-10-22 12:15,2026-10-22 14:40
F001534,ZX2534,D20261022-MAN-A320-02,2,A320,KRK,MAN,2026-10-22 15:25,2026-10-22 17:45
F001535,ZX2535,D20261022-MAN-A320-03,1,A320,MAN,CDG,2026-10-22 16:15,2026-10-22 17:30
F001536,ZX2536,D20261022-MAN-A320-03,2,A320,CDG,MAN,2026-10-22 18:15,2026-10-22 19:30
F001537,ZX2537,D20261022-MAN-A320-03,3,A320,MAN,AMS,2026-10-22 20:15,2026-10-22 21:20
F001538,ZX2538,D20261022-MAN-A320-03,4,A320,AMS,MAN,2026-10-22 22:05,2026-10-22 23:25
F001539,ZX2539,D20261022-MAN-A320-04,1,A320,MAN,AMS,2026-10-22 07:15,2026-10-22 08:20
F001540,ZX2540,D20261022-MAN-A320-04,2,A320,AMS,MAN,2026-10-22 09:05,2026-10-22 10:15
F001541,ZX2541,D20261022-MAN-A320-04,3,A320,MAN,DUB,2026-10-22 11:00,2026-10-22 11:55
F001542,ZX2542,D20261022-MAN-A320-04,4,A320,DUB,MAN,2026-10-22 12:40,2026-10-22 13:30
F001543,ZX2543,D20261022-MAN-A320-05,1,A320,MAN,FAO,2026-10-22 12:30,2026-10-22 15:15
F001544,ZX2544,D20261022-MAN-A320-05,2,A320,FAO,MAN,2026-10-22 16:00,2026-10-22 18:55
F001545,ZX2545,D20261022-MAN-A320-06,1,A320,MAN,FAO,2026-10-22 16:00,2026-10-22 18:40
F001546,ZX2546,D20261022-MAN-A320-06,2,A320,FAO,MAN,2026-10-22 19:25,2026-10-22 22:20
F001547,ZX2547,D20261022-MAN-B737-01,1,B737,MAN,BCN,2026-10-22 06:30,2026-10-22 08:35
F001548,ZX2548,D20261022-MAN-B737-01,2,B737,BCN,MAN,2026-10-22 09:20,2026-10-22 11:30
F001549,ZX2549,D20261022-MAN-B737-02,1,B737,MAN,DUB,2026-10-22 11:15,2026-10-22 12:20
F001550,ZX2550,D20261022-MAN-B737-02,2,B737,DUB,MAN,2026-10-22 13:05,2026-10-22 14:10
F001551,ZX2551,D20261022-MAN-B737-02,3,B737,MAN,AMS,2026-10-22 14:55,2026-10-22 16:00
F001552,ZX2552,D20261022-MAN-B737-02,4,B737,AMS,MAN,2026-10-22 16:45,2026-10-22 17:55
F001553,ZX2553,D20261022-MAN-B737-03,1,B737,MAN,ALC,2026-10-22 16:30,2026-10-22 19:00
F001554,ZX2554,D20261022-MAN-B737-03,2,B737,ALC,MAN,2026-10-22 19:45,2026-10-22 22:20
F001555,ZX2555,D20261022-MAN-B737-04,1,B737,MAN,TFS,2026-10-22 07:30,2026-10-22 11:40
F001556,ZX2556,D20261022-MAN-B737-04,2,B737,TFS,MAN,2026-10-22 12:25,2026-10-22 16:30
F001557,ZX2557,D20261022-BHX-A320-01,1,A320,BHX,BCN,2026-10-22 06:30,2026-10-22 08:40
F001558,ZX2558,D20261022-BHX-A320-01,2,A320,BCN,BHX,2026-10-22 09:25,2026-10-22 11:45
F001559,ZX2559,D20261022-BHX-A320-02,1,A320,BHX,AMS,2026-10-22 12:30,2026-10-22 13:55
F001560,ZX2560,D20261022-BHX-A320-02,2,A320,AMS,BHX,2026-10-22 14:40,2026-10-22 15:55
F001561,ZX2561,D20261022-BHX-A320-02,3,A320,BHX,DUB,2026-10-22 16:40,2026-10-22 17:50
F001562,ZX2562,D20261022-BHX-A320-02,4,A320,DUB,BHX,2026-10-22 18:35,2026-10-22 19:30
F001563,ZX2563,D20261022-BHX-A320-03,1,A320,BHX,AMS,2026-10-22 15:45,2026-10-22 17:00
F001564,ZX2564,D20261022-BHX-A320-03,2,A320,AMS,BHX,2026-10-22 17:45,2026-10-22 19:10
F001565,ZX2565,D20261022-BHX-A320-03,3,A320,BHX,DUB,2026-10-22 19:55,2026-10-22 20:55
F001566,ZX2566,D20261022-BHX-A320-03,4,A320,DUB,BHX,2026-10-22 21:40,2026-10-22 22:50
F001567,ZX2567,D20261022-BHX-A320-04,1,A320,BHX,KRK,2026-10-22 07:15,2026-10-22 09:40
F001568,ZX2568,D20261022-BHX-A320-04,2,A320,KRK,BHX,2026-10-22 10:25,2026-10-22 13:00
F001569,ZX2569,D20261022-BHX-E190-01,1,E190,BHX,DUB,2026-10-22 07:30,2026-10-22 08:30
F001570,ZX2570,D20261022-BHX-E190-01,2,E190,DUB,BHX,2026-10-22 09:15,2026-10-22 10:15
F001571,ZX2571,D20261022-BHX-E190-01,3,E190,BHX,DUB,2026-10-22 11:00,2026-10-22 11:55
F001572,ZX2572,D20261022-BHX-E190-01,4,E190,DUB,BHX,2026-10-22 12:40,2026-10-22 13:35
F001573,ZX2573,D20261022-BHX-E190-02,1,E190,BHX,DUB,2026-10-22 11:45,2026-10-22 12:35
F001574,ZX2574,D20261022-BHX-E190-02,2,E190,DUB,BHX,2026-10-22 13:20,2026-10-22 14:15
F001575,ZX2575,D20261022-BHX-E190-02,3,E190,BHX,CDG,2026-10-22 15:00,2026-10-22 16:25
F001576,ZX2576,D20261022-BHX-E190-02,4,E190,CDG,BHX,2026-10-22 17:10,2026-10-22 18:35
F001577,ZX2577,D20261022-BHX-E190-03,1,E190,BHX,DUB,2026-10-22 15:30,2026-10-22 16:35
F001578,ZX2578,D20261022-BHX-E190-03,2,E190,DUB,BHX,2026-10-22 17:20,2026-10-22 18:25
F001579,ZX2579,D20261022-BHX-E190-03,3,E190,BHX,DUB,2026-10-22 19:10,2026-10-22 20:20
F001580,ZX2580,D20261022-BHX-E190-03,4,E190,DUB,BHX,2026-10-22 21:05,2026-10-22 22:15
F001581,ZX2581,D20261022-EDI-A320-01,1,A320,EDI,TFS,2026-10-22 06:30,2026-10-22 10:40
F001582,ZX2582,D20261022-EDI-A320-01,2,A320,TFS,EDI,2026-10-22 11:25,2026-10-22 15:35
F001583,ZX2583,D20261022-EDI-A320-02,1,A320,EDI,PMI,2026-10-22 11:15,2026-10-22 13:35
F001584,ZX2584,D20261022-EDI-A320-02,2,A320,PMI,EDI,2026-10-22 14:20,2026-10-22 16:45
F001585,ZX2585,D20261022-EDI-A320-03,1,A320,EDI,FCO,2026-10-22 16:15,2026-10-22 19:00
F001586,ZX2586,D20261022-EDI-A320-03,2,A320,FCO,EDI,2026-10-22 19:45,2026-10-22 22:15
F001587,ZX2587,D20261022-EDI-B737-01,1,B737,EDI,BRU,2026-10-22 06:45,2026-10-22 07:50
F001588,ZX2588,D20261022-EDI-B737-01,2,B737,BRU,EDI,2026-10-22 08:35,2026-10-22 09:50
F001589,ZX2589,D20261022-EDI-B737-01,3,B737,EDI,DUB,2026-10-22 10:35,2026-10-22 11:30
F001590,ZX2590,D20261022-EDI-B737-01,4,B737,DUB,EDI,2026-10-22 12:15,2026-10-22 13:20
F001591,ZX2591,D20261022-EDI-B737-02,1,B737,EDI,DUB,2026-10-22 12:30,2026-10-22 13:25
F001592,ZX2592,D20261022-EDI-B737-02,2,B737,DUB,EDI,2026-10-22 14:10,2026-10-22 15:20
F001593,ZX2593,D20261022-EDI-B737-02,3,B737,EDI,AMS,2026-10-22 16:05,2026-10-22 17:20
F001594,ZX2594,D20261022-EDI-B737-02,4,B737,AMS,EDI,2026-10-22 18:05,2026-10-22 19:25
F001595,ZX2595,D20261022-EDI-B737-03,1,B737,EDI,DUB,2026-10-22 16:00,2026-10-22 17:00
F001596,ZX2596,D20261022-EDI-B737-03,2,B737,DUB,EDI,2026-10-22 17:45,2026-10-22 18:55
F001597,ZX2597,D20261022-EDI-B737-03,3,B737,EDI,AMS,2026-10-22 19:40,2026-10-22 20:55
F001598,ZX2598,D20261022-EDI-B737-03,4,B737,AMS,EDI,2026-10-22 21:40,2026-10-22 22:55
F001599,ZX2599,D20261023-MAN-A320-01,1,A320,MAN,DUB,2026-10-23 07:00,2026-10-23 07:50
F001600,ZX2600,D20261023-MAN-A320-01,2,A320,DUB,MAN,2026-10-23 08:35,2026-10-23 09:40
F001601,ZX2601,D20261023-MAN-A320-01,3,A320,MAN,AMS,2026-10-23 10:25,2026-10-23 11:40
F001602,ZX2602,D20261023-MAN-A320-01,4,A320,AMS,MAN,2026-10-23 12:25,2026-10-23 13:45
F001603,ZX2603,D20261023-MAN-A320-02,1,A320,MAN,DUB,2026-10-23 12:00,2026-10-23 12:55
F001604,ZX2604,D20261023-MAN-A320-02,2,A320,DUB,MAN,2026-10-23 13:40,2026-10-23 14:45
F001605,ZX2605,D20261023-MAN-A320-02,3,A320,MAN,AMS,2026-10-23 15:30,2026-10-23 16:50
F001606,ZX2606,D20261023-MAN-A320-02,4,A320,AMS,MAN,2026-10-23 17:35,2026-10-23 18:45
F001607,ZX2607,D20261023-MAN-A320-03,1,A320,MAN,FCO,2026-10-23 16:15,2026-10-23 19:00
F001608,ZX2608,D20261023-MAN-A320-03,2,A320,FCO,MAN,2026-10-23 19:45,2026-10-23 22:20
F001609,ZX2609,D20261023-MAN-A320-04,1,A320,MAN,FAO,2026-10-23 07:30,2026-10-23 10:20
F001610,ZX2610,D20261023-MAN-A320-04,2,A320,FAO,MAN,2026-10-23 11:05,2026-10-23 13:40
F001611,ZX2611,D20261023-MAN-A320-05,1,A320,MAN,TFS,2026-10-23 11:00,2026-10-23 15:10
F001612,ZX2612,D20261023-MAN-A320-05,2,A320,TFS,MAN,2026-10-23 15:55,2026-10-23 20:00
F001613,ZX2613,D20261023-MAN-A320-06,1,A320,MAN,FCO,2026-10-23 17:00,2026-10-23 19:35
F001614,ZX2614,D20261023-MAN-A320-06,2,A320,FCO,MAN,2026-10-23 20:20,2026-10-23 23:05
F001615,ZX2615,D20261023-MAN-A320-07,1,A320,MAN,DUB,2026-10-23 06:30,2026-10-23 07:20
F001616,ZX2616,D20261023-MAN-A320-07,2,A320,DUB,MAN,2026-10-23 08:05,2026-10-23 08:55
F001617,ZX2617,D20261023-MAN-A320-07,3,A320,MAN,BRU,2026-10-23 09:40,2026-10-23 10:55
F001618,ZX2618,D20261023-MAN-A320-07,4,A320,BRU,MAN,2026-10-23 11:40,2026-10-23 12:55
F001619,ZX2619,D20261023-MAN-B737-01,1,B737,MAN,AMS,2026-10-23 06:15,2026-10-23 07:25
F001620,ZX2620,D20261023-MAN-B737-01,2,B737,AMS,MAN,2026-10-23 08:10,2026-10-23 09:25
F001621,ZX2621,D20261023-MAN-B737-01,3,B737,MAN,AMS,2026-10-23 10:10,2026-10-23 11:15
F001622,ZX2622,D20261023-MAN-B737-01,4,B737,AMS,MAN,2026-10-23 12:00,2026-10-23 13:20
F001623,ZX2623,D20261023-MAN-B737-02,1,B737,MAN,CDG,2026-10-23 12:30,2026-10-23 14:00
F001624,ZX2624,D20261023-MAN-B737-02,2,B737,CDG,MAN,2026-10-23 14:45,2026-10-23 16:10
F001625,ZX2625,D20261023-MAN-B737-02,3,B737,MAN,AMS,2026-10-23 16:55,2026-10-23 18:00
F001626,ZX2626,D20261023-MAN-B737-02,4,B737,AMS,MAN,2026-10-23 18:45,2026-10-23 19:55
F001627,ZX2627,D20261023-MAN-B737-03,1,B737,MAN,BRU,2026-10-23 17:00,2026-10-23 18:20
F001628,ZX2628,D20261023-MAN-B737-03,2,B737,BRU,MAN,2026-10-23 19:05,2026-10-23 20:20
F001629,ZX2629,D20261023-MAN-B737-03,3,B737,MAN,CDG,2026-10-23 21:05,2026-10-23 22:30
F001630,ZX2630,D20261023-MAN-B737-03,4,B737,CDG,MAN,2026-10-23 23:15,2026-10-24 00:35
F001631,ZX2631,D20261023-MAN-B737-04,1,B737,MAN,CDG,2026-10-23 06:30,2026-10-23 07:45
F001632,ZX2632,D20261023-MAN-B737-04,2,B737,CDG,MAN,2026-10-23 08:30,2026-10-23 10:05
F001633,ZX2633,D20261023-MAN-B737-04,3,B737,MAN,DUB,2026-10-23 10:50,2026-10-23 12:00
F001634,ZX2634,D20261023-MAN-B737-04,4,B737,DUB,MAN,2026-10-23 12:45,2026-10-23 13:50
F001635,ZX2635,D20261023-MAN-B737-05,1,B737,MAN,BRU,2026-10-23 12:00,2026-10-23 13:15
F001636,ZX2636,D20261023-MAN-B737-05,2,B737,BRU,MAN,2026-10-23 14:00,2026-10-23 15:10
F001637,ZX2637,D20261023-MAN-B737-05,3,B737,MAN,BRU,2026-10-23 15:55,2026-10-23 17:00
F001638,ZX2638,D20261023-MAN-B737-05,4,B737,BRU,MAN,2026-10-23 17:45,2026-10-23 18:50
F001639,ZX2639,D20261023-BHX-A320-01,1,A320,BHX,BRU,2026-10-23 06:30,2026-10-23 07:35
F001640,ZX2640,D20261023-BHX-A320-01,2,A320,BRU,BHX,2026-10-23 08:20,2026-10-23 09:30
F001641,ZX2641,D20261023-BHX-A320-01,3,A320,BHX,BRU,2026-10-23 10:15,2026-10-23 11:20
F001642,ZX2642,D20261023-BHX-A320-01,4,A320,BRU,BHX,2026-10-23 12:05,2026-10-23 13:05
F001643,ZX2643,D20261023-BHX-A320-02,1,A320,BHX,CDG,2026-10-23 12:30,2026-10-23 14:00
F001644,ZX2644,D20261023-BHX-A320-02,2,A320,CDG,BHX,2026-10-23 14:45,2026-10-23 16:15
F001645,ZX2645,D20261023-BHX-A320-02,3,A320,BHX,BRU,2026-10-23 17:00,2026-10-23 18:15
F001646,ZX2646,D20261023-BHX-A320-02,4,A320,BRU,BHX,2026-10-23 19:00,2026-10-23 20:20
F001647,ZX2647,D20261023-BHX-A320-03,1,A320,BHX,CDG,2026-10-23 16:00,2026-10-23 17:30
F001648,ZX2648,D20261023-BHX-A320-03,2,A320,CDG,BHX,2026-10-23 18:15,2026-10-23 19:40
F001649,ZX2649,D20261023-BHX-A320-03,3,A320,BHX,CDG,2026-10-23 20:25,2026-10-23 22:00
F001650,ZX2650,D20261023-BHX-A320-03,4,A320,CDG,BHX,2026-10-23 22:45,2026-10-24 00:15
F001651,ZX2651,D20261023-BHX-A320-04,1,A320,BHX,AMS,2026-10-23 06:30,2026-10-23 07:55
F001652,ZX2652,D20261023-BHX-A320-04,2,A320,AMS,BHX,2026-10-23 08:40,2026-10-23 10:00
F001653,ZX2653,D20261023-BHX-A320-04,3,A320,BHX,CDG,2026-10-23 10:45,2026-10-23 12:10
F001654,ZX2654,D20261023-BHX-A320-04,4,A320,CDG,BHX,2026-10-23 12:55,2026-10-23 14:25
F001655,ZX2655,D20261023-BHX-A320-05,1,A320,BHX,AMS,2026-10-23 12:30,2026-10-23 13:35
F001656,ZX2656,D20261023-BHX-A320-05,2,A320,AMS,BHX,2026-10-23 14:20,2026-10-23 15:30
F001657,ZX2657,D20261023-BHX-A320-05,3,A320,BHX,BRU,2026-10-23 16:15,2026-10-23 17:20
F001658,ZX2658,D20261023-BHX-A320-05,4,A320,BRU,BHX,2026-10-23 18:05,2026-10-23 19:20
F001659,ZX2659,D20261023-BHX-E190-01,1,E190,BHX,AMS,2026-10-23 07:30,2026-10-23 08:50
F001660,ZX2660,D20261023-BHX-E190-01,2,E190,AMS,BHX,2026-10-23 09:35,2026-10-23 10:45
F001661,ZX2661,D20261023-BHX-E190-01,3,E190,BHX,BRU,2026-10-23 11:30,2026-10-23 12:35
F001662,ZX2662,D20261023-BHX-E190-01,4,E190,BRU,BHX,2026-10-23 13:20,2026-10-23 14:35
F001663,ZX2663,D20261023-BHX-E190-02,1,E190,BHX,BRU,2026-10-23 11:45,2026-10-23 12:50
F001664,ZX2664,D20261023-BHX-E190-02,2,E190,BRU,BHX,2026-10-23 13:35,2026-10-23 14:40
F001665,ZX2665,D20261023-BHX-E190-02,3,E190,BHX,BRU,2026-10-23 15:25,2026-10-23 16:40
F001666,ZX2666,D20261023-BHX-E190-02,4,E190,BRU,BHX,2026-10-23 17:25,2026-10-23 18:35
F001667,ZX2667,D20261023-BHX-E190-03,1,E190,BHX,DUB,2026-10-23 17:00,2026-10-23 18:10
F001668,ZX2668,D20261023-BHX-E190-03,2,E190,DUB,BHX,2026-10-23 18:55,2026-10-23 19:55
F001669,ZX2669,D20261023-BHX-E190-03,3,E190,BHX,CDG,2026-10-23 20:40,2026-10-23 22:10
F001670,ZX2670,D20261023-BHX-E190-03,4,E190,CDG,BHX,2026-10-23 22:55,2026-10-24 00:20
F001671,ZX2671,D20261023-BHX-E190-04,1,E190,BHX,CDG,2026-10-23 06:30,2026-10-23 08:00
F001672,ZX2672,D20261023-BHX-E190-04,2,E190,CDG,BHX,2026-10-23 08:45,2026-10-23 10:05
F001673,ZX2673,D20261023-BHX-E190-04,3,E190,BHX,DUB,2026-10-23 10:50,2026-10-23 12:00
F001674,ZX2674,D20261023-BHX-E190-04,4,E190,DUB,BHX,2026-10-23 12:45,2026-10-23 13:40
F001675,ZX2675,D20261023-EDI-A320-01,1,A320,EDI,CDG,2026-10-23 07:00,2026-10-23 08:20
F001676,ZX2676,D20261023-EDI-A320-01,2,A320,CDG,EDI,2026-10-23 09:05,2026-10-23 10:35
F001677,ZX2677,D20261023-EDI-A320-01,3,A320,EDI,AMS,2026-10-23 11:20,2026-10-23 12:40
F001678,ZX2678,D20261023-EDI-A320-01,4,A320,AMS,EDI,2026-10-23 13:25,2026-10-23 14:40
F001679,ZX2679,D20261023-EDI-A320-02,1,A320,EDI,BRU,2026-10-23 12:15,2026-10-23 13:15
F001680,ZX2680,D20261023-EDI-A320-02,2,A320,BRU,EDI,2026-10-23 14:00,2026-10-23 15:05
F001681,ZX2681,D20261023-EDI-A320-02,3,A320,EDI,DUB,2026-10-23 15:50,2026-10-23 16:55
F001682,ZX2682,D20261023-EDI-A320-02,4,A320,DUB,EDI,2026-10-23 17:40,2026-10-23 18:35
F001683,ZX2683,D20261023-EDI-A320-03,1,A320,EDI,PRG,2026-10-23 17:00,2026-10-23 19:00
F001684,ZX2684,D20261023-EDI-A320-03,2,A320,PRG,EDI,2026-10-23 19:45,2026-10-23 21:50
F001685,ZX2685,D20261023-EDI-A320-04,1,A320,EDI,TFS,2026-10-23 06:45,2026-10-23 10:55
F001686,ZX2686,D20261023-EDI-A320-04,2,A320,TFS,EDI,2026-10-23 11:40,2026-10-23 15:40
F001687,ZX2687,D20261023-EDI-B737-01,1,B737,EDI,DUB,2026-10-23 06:15,2026-10-23 07:20
F001688,ZX2688,D20261023-EDI-B737-01,2,B737,DUB,EDI,2026-10-23 08:05,2026-10-23 09:05
F001689,ZX2689,D20261023-EDI-B737-01,3,B737,EDI,BRU,2026-10-23 09:50,2026-10-23 10:50
F001690,ZX2690,D20261023-EDI-B737-01,4,B737,BRU,EDI,2026-10-23 11:35,2026-10-23 12:35
F001691,ZX2691,D20261023-EDI-B737-02,1,B737,EDI,FCO,2026-10-23 12:15,2026-10-23 14:50
F001692,ZX2692,D20261023-EDI-B737-02,2,B737,FCO,EDI,2026-10-23 15:35,2026-10-23 18:05
F001693,ZX2693,D20261023-EDI-B737-03,1,B737,EDI,AMS,2026-10-23 16:30,2026-10-23 17:50
F001694,ZX2694,D20261023-EDI-B737-03,2,B737,AMS,EDI,2026-10-23 18:35,2026-10-23 19:45
F001695,ZX2695,D20261023-EDI-B737-03,3,B737,EDI,DUB,2026-10-23 20:30,2026-10-23 21:25
F001696,ZX2696,D20261023-EDI-B737-03,4,B737,DUB,EDI,2026-10-23 22:10,2026-10-23 23:15
F001697,ZX2697,D20261023-EDI-B737-04,1,B737,EDI,FAO,2026-10-23 07:00,2026-10-23 09:55
F001698,ZX2698,D20261023-EDI-B737-04,2,B737,FAO,EDI,2026-10-23 10:40,2026-10-23 13:35
F001699,ZX2699,D20261024-MAN-A320-01,1,A320,MAN,CDG,2026-10-24 06:30,2026-10-24 08:00
F001700,ZX2700,D20261024-MAN-A320-01,2,A320,CDG,MAN,2026-10-24 08:45,2026-10-24 10:05
F001701,ZX2701,D20261024-MAN-A320-01,3,A320,MAN,BRU,2026-10-24 10:50,2026-10-24 12:10
F001702,ZX2702,D20261024-MAN-A320-01,4,A320,BRU,MAN,2026-10-24 12:55,2026-10-24 14:10
F001703,ZX2703,D20261024-MAN-A320-02,1,A320,MAN,PMI,2026-10-24 11:00,2026-10-24 13:15
F001704,ZX2704,D20261024-MAN-A320-02,2,A320,PMI,MAN,2026-10-24 14:00,2026-10-24 16:10
F001705,ZX2705,D20261024-MAN-A320-03,1,A320,MAN,FCO,2026-10-24 16:30,2026-10-24 19:15
F001706,ZX2706,D20261024-MAN-A320-03,2,A320,FCO,MAN,2026-10-24 20:00,2026-10-24 22:45
F001707,ZX2707,D20261024-MAN-A320-04,1,A320,MAN,BRU,2026-10-24 06:45,2026-10-24 07:55
F001708,ZX2708,D20261024-MAN-A320-04,2,A320,BRU,MAN,2026-10-24 08:40,2026-10-24 09:40
F001709,ZX2709,D20261024-MAN-A320-04,3,A320,MAN,DUB,2026-10-24 10:25,2026-10-24 11:15
F001710,ZX2710,D20261024-MAN-A320-04,4,A320,DUB,MAN,2026-10-24 12:00,2026-10-24 13:05
F001711,ZX2711,D20261024-MAN-A320-05,1,A320,MAN,CDG,2026-10-24 11:00,2026-10-24 12:25
F001712,ZX2712,D20261024-MAN-A320-05,2,A320,CDG,MAN,2026-10-24 13:10,2026-10-24 14:35
F001713,ZX2713,D20261024-MAN-A320-05,3,A320,MAN,CDG,2026-10-24 15:20,2026-10-24 16:45
F001714,ZX2714,D20261024-MAN-A320-05,4,A320,CDG,MAN,2026-10-24 17:30,2026-10-24 18:50
F001715,ZX2715,D20261024-MAN-A320-06,1,A320,MAN,DUB,2026-10-24 16:45,2026-10-24 17:45
F001716,ZX2716,D20261024-MAN-A320-06,2,A320,DUB,MAN,2026-10-24 18:30,2026-10-24 19:20
F001717,ZX2717,D20261024-MAN-A320-06,3,A320,MAN,BRU,2026-10-24 20:05,2026-10-24 21:15
F001718,ZX2718,D20261024-MAN-A320-06,4,A320,BRU,MAN,2026-10-24 22:00,2026-10-24 23:10
F001719,ZX2719,D20261024-MAN-B737-01,1,B737,MAN,PRG,2026-10-24 07:15,2026-10-24 09:20
F001720,ZX2720,D20261024-MAN-B737-01,2,B737,PRG,MAN,2026-10-24 10:05,2026-10-24 12:10
F001721,ZX2721,D20261024-MAN-B737-02,1,B737,MAN,PRG,2026-10-24 11:30,2026-10-24 13:35
F001722,ZX2722,D20261024-MAN-B737-02,2,B737,PRG,MAN,2026-10-24 14:20,2026-10-24 16:25
F001723,ZX2723,D20261024-MAN-B737-03,1,B737,MAN,ALC,2026-10-24 17:00,2026-10-24 19:25
F001724,ZX2724,D20261024-MAN-B737-03,2,B737,ALC,MAN,2026-10-24 20:10,2026-10-24 22:40
F001725,ZX2725,D20261024-MAN-B737-04,1,B737,MAN,TFS,2026-10-24 06:15,2026-10-24 10:35
F001726,ZX2726,D20261024-MAN-B737-04,2,B737,TFS,MAN,2026-10-24 11:20,2026-10-24 15:35
F001727,ZX2727,D20261024-BHX-A320-01,1,A320,BHX,BCN,2026-10-24 06:45,2026-10-24 08:45
F001728,ZX2728,D20261024-BHX-A320-01,2,A320,BCN,BHX,2026-10-24 09:30,2026-10-24 11:30
F001729,ZX2729,D20261024-BHX-A320-02,1,A320,BHX,CDG,2026-10-24 11:00,2026-10-24 12:35
F001730,ZX2730,D20261024-BHX-A320-02,2,A320,CDG,BHX,2026-10-24 13:20,2026-10-24 14:50
F001731,ZX2731,D20261024-BHX-A320-02,3,A320,BHX,AMS,2026-10-24 15:35,2026-10-24 16:40
F001732,ZX2732,D20261024-BHX-A320-02,4,A320,AMS,BHX,2026-10-24 17:25,2026-10-24 18:45
F001733,ZX2733,D20261024-BHX-A320-03,1,A320,BHX,CDG,2026-10-24 16:00,2026-10-24 17:20
F001734,ZX2734,D20261024-BHX-A320-03,2,A320,CDG,BHX,2026-10-24 18:05,2026-10-24 19:20
F001735,ZX2735,D20261024-BHX-A320-03,3,A320,BHX,BRU,2026-10-24 20:05,2026-10-24 21:20
F001736,ZX2736,D20261024-BHX-A320-03,4,A320,BRU,BHX,2026-10-24 22:05,2026-10-24 23:20
F001737,ZX2737,D20261024-BHX-A320-04,1,A320,BHX,FCO,2026-10-24 07:30,2026-10-24 10:10
F001738,ZX2738,D20261024-BHX-A320-04,2,A320,FCO,BHX,2026-10-24 10:55,2026-10-24 13:25
F001739,ZX2739,D20261024-BHX-E190-01,1,E190,BHX,DUB,2026-10-24 07:30,2026-10-24 08:35
F001740,ZX2740,D20261024-BHX-E190-01,2,E190,DUB,BHX,2026-10-24 09:20,2026-10-24 10:25
F001741,ZX2741,D20261024-BHX-E190-01,3,E190,BHX,DUB,2026-10-24 11:10,2026-10-24 12:05
F001742,ZX2742,D20261024-BHX-E190-01,4,E190,DUB,BHX,2026-10-24 12:50,2026-10-24 13:45
F001743,ZX2743,D20261024-BHX-E190-02,1,E190,BHX,BRU,2026-10-24 11:45,2026-10-24 12:50
F001744,ZX2744,D20261024-BHX-E190-02,2,E190,BRU,BHX,2026-10-24 13:35,2026-10-24 14:40
F001745,ZX2745,D20261024-BHX-E190-02,3,E190,BHX,DUB,2026-10-24 15:25,2026-10-24 16:15
F001746,ZX2746,D20261024-BHX-E190-02,4,E190,DUB,BHX,2026-10-24 17:00,2026-10-24 18:00
F001747,ZX2747,D20261024-BHX-E190-03,1,E190,BHX,BRU,2026-10-24 16:15,2026-10-24 17:30
F001748,ZX2748,D20261024-BHX-E190-03,2,E190,BRU,BHX,2026-10-24 18:15,2026-10-24 19:25
F001749,ZX2749,D20261024-BHX-E190-03,3,E190,BHX,CDG,2026-10-24 20:10,2026-10-24 21:35
F001750,ZX2750,D20261024-BHX-E190-03,4,E190,CDG,BHX,2026-10-24 22:20,2026-10-24 23:55
F001751,ZX2751,D20261024-EDI-A320-01,1,A320,EDI,BCN,2026-10-24 06:15,2026-10-24 08:35
F001752,ZX2752,D20261024-EDI-A320-01,2,A320,BCN,EDI,2026-10-24 09:20,2026-10-24 11:35
F001753,ZX2753,D20261024-EDI-A320-02,1,A320,EDI,TFS,2026-10-24 11:00,2026-10-24 15:15
F001754,ZX2754,D20261024-EDI-A320-02,2,A320,TFS,EDI,2026-10-24 16:00,2026-10-24 20:15
F001755,ZX2755,D20261024-EDI-A320-03,1,A320,EDI,BRU,2026-10-24 15:45,2026-10-24 17:00
F001756,ZX2756,D20261024-EDI-A320-03,2,A320,BRU,EDI,2026-10-24 17:45,2026-10-24 19:05
F001757,ZX2757,D20261024-EDI-A320-03,3,A320,EDI,DUB,2026-10-24 19:50,2026-10-24 20:55
F001758,ZX2758,D20261024-EDI-A320-03,4,A320,DUB,EDI,2026-10-24 21:40,2026-10-24 22:50
F001759,ZX2759,D20261024-EDI-B737-01,1,B737,EDI,DUB,2026-10-24 06:45,2026-10-24 07:45
F001760,ZX2760,D20261024-EDI-B737-01,2,B737,DUB,EDI,2026-10-24 08:30,2026-10-24 09:20
F001761,ZX2761,D20261024-EDI-B737-01,3,B737,EDI,CDG,2026-10-24 10:05,2026-10-24 11:35
F001762,ZX2762,D20261024-EDI-B737-01,4,B737,CDG,EDI,2026-10-24 12:20,2026-10-24 13:35
F001763,ZX2763,D20261024-EDI-B737-02,1,B737,EDI,AMS,2026-10-24 12:30,2026-10-24 13:45
F001764,ZX2764,D20261024-EDI-B737-02,2,B737,AMS,EDI,2026-10-24 14:30,2026-10-24 15:50
F001765,ZX2765,D20261024-EDI-B737-02,3,B737,EDI,BRU,2026-10-24 16:35,2026-10-24 17:45
F001766,ZX2766,D20261024-EDI-B737-02,4,B737,BRU,EDI,2026-10-24 18:30,2026-10-24 19:40
F001767,ZX2767,D20261024-EDI-B737-03,1,B737,EDI,FCO,2026-10-24 16:45,2026-10-24 19:30
F001768,ZX2768,D20261024-EDI-B737-03,2,B737,FCO,EDI,2026-10-24 20:15,2026-10-24 23:00
F001769,ZX2769,D20261025-MAN-A320-01,1,A320,MAN,DUB,2026-10-25 06:15,2026-10-25 07:20
F001770,ZX2770,D20261025-MAN-A320-01,2,A320,DUB,MAN,2026-10-25 08:05,2026-10-25 09:00
F001771,ZX2771,D20261025-MAN-A320-01,3,A320,MAN,DUB,2026-10-25 09:45,2026-10-25 10:50
F001772,ZX2772,D20261025-MAN-A320-01,4,A320,DUB,MAN,2026-10-25 11:35,2026-10-25 12:40
F001773,ZX2773,D20261025-MAN-A320-02,1,A320,MAN,TFS,2026-10-25 12:30,2026-10-25 16:35
F001774,ZX2774,D20261025-MAN-A320-02,2,A320,TFS,MAN,2026-10-25 17:20,2026-10-25 21:25
F001775,ZX2775,D20261025-MAN-A320-03,1,A320,MAN,ALC,2026-10-25 16:00,2026-10-25 18:30
F001776,ZX2776,D20261025-MAN-A320-03,2,A320,ALC,MAN,2026-10-25 19:15,2026-10-25 21:45
F001777,ZX2777,D20261025-MAN-A320-04,1,A320,MAN,TFS,2026-10-25 07:30,2026-10-25 11:40
F001778,ZX2778,D20261025-MAN-A320-04,2,A320,TFS,MAN,2026-10-25 12:25,2026-10-25 16:35
F001779,ZX2779,D20261025-MAN-A320-05,1,A320,MAN,CDG,2026-10-25 11:00,2026-10-25 12:15
F001780,ZX2780,D20261025-MAN-A320-05,2,A320,CDG,MAN,2026-10-25 13:00,2026-10-25 14:25
F001781,ZX2781,D20261025-MAN-A320-05,3,A320,MAN,BRU,2026-10-25 15:10,2026-10-25 16:25
F001782,ZX2782,D20261025-MAN-A320-05,4,A320,BRU,MAN,2026-10-25 17:10,2026-10-25 18:10
F001783,ZX2783,D20261025-MAN-A320-06,1,A320,MAN,BCN,2026-10-25 16:15,2026-10-25 18:30
F001784,ZX2784,D20261025-MAN-A320-06,2,A320,BCN,MAN,2026-10-25 19:15,2026-10-25 21:30
F001785,ZX2785,D20261025-MAN-A320-07,1,A320,MAN,AMS,2026-10-25 07:00,2026-10-25 08:25
F001786,ZX2786,D20261025-MAN-A320-07,2,A320,AMS,MAN,2026-10-25 09:10,2026-10-25 10:20
F001787,ZX2787,D20261025-MAN-A320-07,3,A320,MAN,CDG,2026-10-25 11:05,2026-10-25 12:20
F001788,ZX2788,D20261025-MAN-A320-07,4,A320,CDG,MAN,2026-10-25 13:05,2026-10-25 14:25
F001789,ZX2789,D20261025-MAN-B737-01,1,B737,MAN,TFS,2026-10-25 06:45,2026-10-25 11:00
F001790,ZX2790,D20261025-MAN-B737-01,2,B737,TFS,MAN,2026-10-25 11:45,2026-10-25 15:50
F001791,ZX2791,D20261025-MAN-B737-02,1,B737,MAN,ALC,2026-10-25 11:45,2026-10-25 14:05
F001792,ZX2792,D20261025-MAN-B737-02,2,B737,ALC,MAN,2026-10-25 14:50,2026-10-25 17:15
F001793,ZX2793,D20261025-MAN-B737-03,1,B737,MAN,BRU,2026-10-25 16:45,2026-10-25 18:00
F001794,ZX2794,D20261025-MAN-B737-03,2,B737,BRU,MAN,2026-10-25 18:45,2026-10-25 19:45
F001795,ZX2795,D20261025-MAN-B737-03,3,B737,MAN,BRU,2026-10-25 20:30,2026-10-25 21:35
F001796,ZX2796,D20261025-MAN-B737-03,4,B737,BRU,MAN,2026-10-25 22:20,2026-10-25 23:25
F001797,ZX2797,D20261025-MAN-B737-04,1,B737,MAN,CDG,2026-10-25 07:15,2026-10-25 08:35
F001798,ZX2798,D20261025-MAN-B737-04,2,B737,CDG,MAN,2026-10-25 09:20,2026-10-25 10:40
F001799,ZX2799,D20261025-MAN-B737-04,3,B737,MAN,DUB,2026-10-25 11:25,2026-10-25 12:15
F001800,ZX2800,D20261025-MAN-B737-04,4,B737,DUB,MAN,2026-10-25 13:00,2026-10-25 14:05
F001801,ZX2801,D20261025-MAN-B737-05,1,B737,MAN,ALC,2026-10-25 11:15,2026-10-25 13:50
F001802,ZX2802,D20261025-MAN-B737-05,2,B737,ALC,MAN,2026-10-25 14:35,2026-10-25 16:55
F001803,ZX2803,D20261025-BHX-A320-01,1,A320,BHX,PRG,2026-10-25 06:45,2026-10-25 08:55
F001804,ZX2804,D20261025-BHX-A320-01,2,A320,PRG,BHX,2026-10-25 09:40,2026-10-25 11:45
F001805,ZX2805,D20261025-BHX-A320-02,1,A320,BHX,AMS,2026-10-25 12:15,2026-10-25 13:20
F001806,ZX2806,D20261025-BHX-A320-02,2,A320,AMS,BHX,2026-10-25 14:05,2026-10-25 15:25
F001807,ZX2807,D20261025-BHX-A320-02,3,A320,BHX,CDG,2026-10-25 16:10,2026-10-25 17:35
F001808,ZX2808,D20261025-BHX-A320-02,4,A320,CDG,BHX,2026-10-25 18:20,2026-10-25 19:45
F001809,ZX2809,D20261025-BHX-A320-03,1,A320,BHX,PMI,2026-10-25 16:30,2026-10-25 18:55
F001810,ZX2810,D20261025-BHX-A320-03,2,A320,PMI,BHX,2026-10-25 19:40,2026-10-25 21:55
F001811,ZX2811,D20261025-BHX-A320-04,1,A320,BHX,FAO,2026-10-25 07:30,2026-10-25 10:20
F001812,ZX2812,D20261025-BHX-A320-04,2,A320,FAO,BHX,2026-10-25 11:05,2026-10-25 13:50
F001813,ZX2813,D20261025-BHX-A320-05,1,A320,BHX,FAO,2026-10-25 11:30,2026-10-25 14:15
F001814,ZX2814,D20261025-BHX-A320-05,2,A320,FAO,BHX,2026-10-25 15:00,2026-10-25 17:45
F001815,ZX2815,D20261025-BHX-E190-01,1,E190,BHX,AMS,2026-10-25 07:15,2026-10-25 08:30
F001816,ZX2816,D20261025-BHX-E190-01,2,E190,AMS,BHX,2026-10-25 09:15,2026-10-25 10:25
F001817,ZX2817,D20261025-BHX-E190-01,3,E190,BHX,BRU,2026-10-25 11:10,2026-10-25 12:15
F001818,ZX2818,D20261025-BHX-E190-01,4,E190,BRU,BHX,2026-10-25 13:00,2026-10-25 14:15
F001819,ZX2819,D20261025-BHX-E190-02,1,E190,BHX,CDG,2026-10-25 11:15,2026-10-25 12:45
F001820,ZX2820,D20261025-BHX-E190-02,2,E190,CDG,BHX,2026-10-25 13:30,2026-10-25 14:55
F001821,ZX2821,D20261025-BHX-E190-02,3,E190,BHX,BRU,2026-10-25 15:40,2026-10-25 16:45
F001822,ZX2822,D20261025-BHX-E190-02,4,E190,BRU,BHX,2026-10-25 17:30,2026-10-25 18:45
F001823,ZX2823,D20261025-BHX-E190-03,1,E190,BHX,AMS,2026-10-25 16:30,2026-10-25 17:40
F001824,ZX2824,D20261025-BHX-E190-03,2,E190,AMS,BHX,2026-10-25 18:25,2026-10-25 19:45
F001825,ZX2825,D20261025-BHX-E190-03,3,E190,BHX,AMS,2026-10-25 20:30,2026-10-25 21:50
F001826,ZX2826,D20261025-BHX-E190-03,4,E190,AMS,BHX,2026-10-25 22:35,2026-10-26 00:00
F001827,ZX2827,D20261025-BHX-E190-04,1,E190,BHX,AMS,2026-10-25 06:15,2026-10-25 07:35
F001828,ZX2828,D20261025-BHX-E190-04,2,E190,AMS,BHX,2026-10-25 08:20,2026-10-25 09:40
F001829,ZX2829,D20261025-BHX-E190-04,3,E190,BHX,BRU,2026-10-25 10:25,2026-10-25 11:35
F001830,ZX2830,D20261025-BHX-E190-04,4,E190,BRU,BHX,2026-10-25 12:20,2026-10-25 13:30
F001831,ZX2831,D20261025-EDI-A320-01,1,A320,EDI,BRU,2026-10-25 07:15,2026-10-25 08:30
F001832,ZX2832,D20261025-EDI-A320-01,2,A320,BRU,EDI,2026-10-25 09:15,2026-10-25 10:25
F001833,ZX2833,D20261025-EDI-A320-01,3,A320,EDI,CDG,2026-10-25 11:10,2026-10-25 12:25
F001834,ZX2834,D20261025-EDI-A320-01,4,A320,CDG,EDI,2026-10-25 13:10,2026-10-25 14:30
F001835,ZX2835,D20261025-EDI-A320-02,1,A320,EDI,KRK,2026-10-25 12:15,2026-10-25 14:50
F001836,ZX2836,D20261025-EDI-A320-02,2,A320,KRK,EDI,2026-10-25 15:35,2026-10-25 18:00
F001837,ZX2837,D20261025-EDI-A320-03,1,A320,EDI,AMS,2026-10-25 16:00,2026-10-25 17:20
F001838,ZX2838,D20261025-EDI-A320-03,2,A320,AMS,EDI,2026-10-25 18:05,2026-10-25 19:15
F001839,ZX2839,D20261025-EDI-A320-03,3,A320,EDI,DUB,2026-10-25 20:00,2026-10-25 21:05
F001840,ZX2840,D20261025-EDI-A320-03,4,A320,DUB,EDI,2026-10-25 21:50,2026-10-25 22:40
F001841,ZX2841,D20261025-EDI-A320-04,1,A320,EDI,ALC,2026-10-25 07:30,2026-10-25 10:05
F001842,ZX2842,D20261025-EDI-A320-04,2,A320,ALC,EDI,2026-10-25 10:50,2026-10-25 13:20
F001843,ZX2843,D20261025-EDI-B737-01,1,B737,EDI,KRK,2026-10-25 06:15,2026-10-25 08:50
F001844,ZX2844,D20261025-EDI-B737-01,2,B737,KRK,EDI,2026-10-25 09:35,2026-10-25 11:55
F001845,ZX2845,D20261025-EDI-B737-02,1,B737,EDI,FCO,2026-10-25 11:45,2026-10-25 14:35
F001846,ZX2846,D20261025-EDI-B737-02,2,B737,FCO,EDI,2026-10-25 15:20,2026-10-25 17:50
F001847,ZX2847,D20261025-EDI-B737-03,1,B737,EDI,TFS,2026-10-25 16:45,2026-10-25 21:00
F001848,ZX2848,D20261025-EDI-B737-03,2,B737,TFS,EDI,2026-10-25 21:45,2026-10-26 02:05
F001849,ZX2849,D20261025-EDI-B737-04,1,B737,EDI,BRU,2026-10-25 07:15,2026-10-25 08:30
F001850,ZX2850,D20261025-EDI-B737-04,2,B737,BRU,EDI,2026-10-25 09:15,2026-10-25 10:35
F001851,ZX2851,D20261025-EDI-B737-04,3,B737,EDI,AMS,2026-10-25 11:20,2026-10-25 12:30
F001852,ZX2852,D20261025-EDI-B737-04,4,B737,AMS,EDI,2026-10-25 13:15,2026-10-25 14:25
F001853,ZX2853,D20261026-MAN-A320-01,1,A320,MAN,PMI,2026-10-26 07:15,2026-10-26 09:40
F001854,ZX2854,D20261026-MAN-A320-01,2,A320,PMI,MAN,2026-10-26 10:25,2026-10-26 12:35
F001855,ZX2855,D20261026-MAN-A320-02,1,A320,MAN,KRK,2026-10-26 11:00,2026-10-26 13:25
F001856,ZX2856,D20261026-MAN-A320-02,2,A320,KRK,MAN,2026-10-26 14:10,2026-10-26 16:40
F001857,ZX2857,D20261026-MAN-A320-03,1,A320,MAN,TFS,2026-10-26 16:00,2026-10-26 20:15
F001858,ZX2858,D20261026-MAN-A320-03,2,A320,TFS,MAN,2026-10-26 21:00,2026-10-27 01:05
F001859,ZX2859,D20261026-MAN-A320-04,1,A320,MAN,DUB,2026-10-26 06:15,2026-10-26 07:15
F001860,ZX2860,D20261026-MAN-A320-04,2,A320,DUB,MAN,2026-10-26 08:00,2026-10-26 09:00
F001861,ZX2861,D20261026-MAN-A320-04,3,A320,MAN,BRU,2026-10-26 09:45,2026-10-26 10:50
F001862,ZX2862,D20261026-MAN-A320-04,4,A320,BRU,MAN,2026-10-26 11:35,2026-10-26 12:50
F001863,ZX2863,D20261026-MAN-A320-05,1,A320,MAN,PMI,2026-10-26 11:30,2026-10-26 13:50
F001864,ZX2864,D20261026-MAN-A320-05,2,A320,PMI,MAN,2026-10-26 14:35,2026-10-26 17:00
F001865,ZX2865,D20261026-MAN-A320-06,1,A320,MAN,FAO,2026-10-26 15:45,2026-10-26 18:20
F001866,ZX2866,D20261026-MAN-A320-06,2,A320,FAO,MAN,2026-10-26 19:05,2026-10-26 21:45
F001867,ZX2867,D20261026-MAN-B737-01,1,B737,MAN,BRU,2026-10-26 06:15,2026-10-26 07:20
F001868,ZX2868,D20261026-MAN-B737-01,2,B737,BRU,MAN,2026-10-26 08:05,2026-10-26 09:25
F001869,ZX2869,D20261026-MAN-B737-01,3,B737,MAN,BRU,2026-10-26 10:10,2026-10-26 11:20
F001870,ZX2870,D20261026-MAN-B737-01,4,B737,BRU,MAN,2026-10-26 12:05,2026-10-26 13:15
F001871,ZX2871,D20261026-MAN-B737-02,1,B737,MAN,DUB,2026-10-26 12:00,2026-10-26 13:05
F001872,ZX2872,D20261026-MAN-B737-02,2,B737,DUB,MAN,2026-10-26 13:50,2026-10-26 14:50
F001873,ZX2873,D20261026-MAN-B737-02,3,B737,MAN,DUB,2026-10-26 15:35,2026-10-26 16:45
F001874,ZX2874,D20261026-MAN-B737-02,4,B737,DUB,MAN,2026-10-26 17:30,2026-10-26 18:30
F001875,ZX2875,D20261026-MAN-B737-03,1,B737,MAN,BCN,2026-10-26 16:30,2026-10-26 18:45
F001876,ZX2876,D20261026-MAN-B737-03,2,B737,BCN,MAN,2026-10-26 19:30,2026-10-26 21:35
F001877,ZX2877,D20261026-MAN-B737-04,1,B737,MAN,CDG,2026-10-26 07:30,2026-10-26 08:55
F001878,ZX2878,D20261026-MAN-B737-04,2,B737,CDG,MAN,2026-10-26 09:40,2026-10-26 11:00
F001879,ZX2879,D20261026-MAN-B737-04,3,B737,MAN,BRU,2026-10-26 11:45,2026-10-26 13:05
F001880,ZX2880,D20261026-MAN-B737-04,4,B737,BRU,MAN,2026-10-26 13:50,2026-10-26 15:05
F001881,ZX2881,D20261026-BHX-A320-01,1,A320,BHX,TFS,2026-10-26 06:30,2026-10-26 10:40
F001882,ZX2882,D20261026-BHX-A320-01,2,A320,TFS,BHX,2026-10-26 11:25,2026-10-26 15:30
F001883,ZX2883,D20261026-BHX-A320-02,1,A320,BHX,PRG,2026-10-26 12:15,2026-10-26 14:30
F001884,ZX2884,D20261026-BHX-A320-02,2,A320,PRG,BHX,2026-10-26 15:15,2026-10-26 17:15
F001885,ZX2885,D20261026-BHX-A320-03,1,A320,BHX,BCN,2026-10-26 17:00,2026-10-26 19:15
F001886,ZX2886,D20261026-BHX-A320-03,2,A320,BCN,BHX,2026-10-26 20:00,2026-10-26 22:05
F001887,ZX2887,D20261026-BHX-A320-04,1,A320,BHX,CDG,2026-10-26 07:15,2026-10-26 08:35
F001888,ZX2888,D20261026-BHX-A320-04,2,A320,CDG,BHX,2026-10-26 09:20,2026-10-26 10:50
F001889,ZX2889,D20261026-BHX-A320-04,3,A320,BHX,DUB,2026-10-26 11:35,2026-10-26 12:45
F001890,ZX2890,D20261026-BHX-A320-04,4,A320,DUB,BHX,2026-10-26 13:30,2026-10-26 14:35
F001891,ZX2891,D20261026-BHX-E190-01,1,E190,BHX,DUB,2026-10-26 06:45,2026-10-26 07:35
F001892,ZX2892,D20261026-BHX-E190-01,2,E190,DUB,BHX,2026-10-26 08:20,2026-10-26 09:25
F001893,ZX2893,D20261026-BHX-E190-01,3,E190,BHX,AMS,2026-10-26 10:10,2026-10-26 11:15
F001894,ZX2894,D20261026-BHX-E190-01,4,E190,AMS,BHX,2026-10-26 12:00,2026-10-26 13:05
F001895,ZX2895,D20261026-BHX-E190-02,1,E190,BHX,BRU,2026-10-26 11:15,2026-10-26 12:25
F001896,ZX2896,D20261026-BHX-E190-02,2,E190,BRU,BHX,2026-10-26 13:10,2026-10-26 14:15
F001897,ZX2897,D20261026-BHX-E190-02,3,E190,BHX,DUB,2026-10-26 15:00,2026-10-26 15:55
F001898,ZX2898,D20261026-BHX-E190-02,4,E190,DUB,BHX,2026-10-26 16:40,2026-10-26 17:40
F001899,ZX2899,D20261026-BHX-E190-03,1,E190,BHX,CDG,2026-10-26 16:45,2026-10-26 18:05
F001900,ZX2900,D20261026-BHX-E190-03,2,E190,CDG,BHX,2026-10-26 18:50,2026-10-26 20:15
F001901,ZX2901,D20261026-BHX-E190-03,3,E190,BHX,CDG,2026-10-26 21:00,2026-10-26 22:15
F001902,ZX2902,D20261026-BHX-E190-03,4,E190,CDG,BHX,2026-10-26 23:00,2026-10-27 00:15
F001903,ZX2903,D20261026-EDI-A320-01,1,A320,EDI,DUB,2026-10-26 07:15,2026-10-26 08:10
F001904,ZX2904,D20261026-EDI-A320-01,2,A320,DUB,EDI,2026-10-26 08:55,2026-10-26 09:55
F001905,ZX2905,D20261026-EDI-A320-01,3,A320,EDI,DUB,2026-10-26 10:40,2026-10-26 11:35
F001906,ZX2906,D20261026-EDI-A320-01,4,A320,DUB,EDI,2026-10-26 12:20,2026-10-26 13:25
F001907,ZX2907,D20261026-EDI-A320-02,1,A320,EDI,TFS,2026-10-26 12:00,2026-10-26 16:10
F001908,ZX2908,D20261026-EDI-A320-02,2,A320,TFS,EDI,2026-10-26 16:55,2026-10-26 21:10
F001909,ZX2909,D20261026-EDI-A320-03,1,A320,EDI,ALC,2026-10-26 15:30,2026-10-26 17:55
F001910,ZX2910,D20261026-EDI-A320-03,2,A320,ALC,EDI,2026-10-26 18:40,2026-10-26 21:10
F001911,ZX2911,D20261026-EDI-B737-01,1,B737,EDI,BRU,2026-10-26 07:30,2026-10-26 08:35
F001912,ZX2912,D20261026-EDI-B737-01,2,B737,BRU,EDI,2026-10-26 09:20,2026-10-26 10:40
F001913,ZX2913,D20261026-EDI-B737-01,3,B737,EDI,AMS,2026-10-26 11:25,2026-10-26 12:50
F001914,ZX2914,D20261026-EDI-B737-01,4,B737,AMS,EDI,2026-10-26 13:35,2026-10-26 14:55
F001915,ZX2915,D20261026-EDI-B737-02,1,B737,EDI,BCN,2026-10-26 12:15,2026-10-26 14:25
F001916,ZX2916,D20261026-EDI-B737-02,2,B737,BCN,EDI,2026-10-26 15:10,2026-10-26 17:20
F001917,ZX2917,D20261026-EDI-B737-03,1,B737,EDI,FAO,2026-10-26 15:30,2026-10-26 18:15
F001918,ZX2918,D20261026-EDI-B737-03,2,B737,FAO,EDI,2026-10-26 19:00,2026-10-26 21:55
F001919,ZX2919,D20261027-MAN-A320-01,1,A320,MAN,FCO,2026-10-27 06:30,2026-10-27 09:05
F001920,ZX2920,D20261027-MAN-A320-01,2,A320,FCO,MAN,2026-10-27 09:50,2026-10-27 12:40
F001921,ZX2921,D20261027-MAN-A320-02,1,A320,MAN,PMI,2026-10-27 12:30,2026-10-27 14:45
F001922,ZX2922,D20261027-MAN-A320-02,2,A320,PMI,MAN,2026-10-27 15:30,2026-10-27 17:50
F001923,ZX2923,D20261027-MAN-A320-03,1,A320,MAN,PMI,2026-10-27 16:00,2026-10-27 18:25
F001924,ZX2924,D20261027-MAN-A320-03,2,A320,PMI,MAN,2026-10-27 19:10,2026-10-27 21:30
F001925,ZX2925,D20261027-MAN-A320-04,1,A320,MAN,CDG,2026-10-27 06:00,2026-10-27 07:20
F001926,ZX2926,D20261027-MAN-A320-04,2,A320,CDG,MAN,2026-10-27 08:05,2026-10-27 09:20
F001927,ZX2927,D20261027-MAN-A320-04,3,A320,MAN,DUB,2026-10-27 10:05,2026-10-27 10:55
F001928,ZX2928,D20261027-MAN-A320-04,4,A320,DUB,MAN,2026-10-27 11:40,2026-10-27 12:45
F001929,ZX2929,D20261027-MAN-A320-05,1,A320,MAN,BRU,2026-10-27 11:45,2026-10-27 13:00
F001930,ZX2930,D20261027-MAN-A320-05,2,A320,BRU,MAN,2026-10-27 13:45,2026-10-27 14:50
F001931,ZX2931,D20261027-MAN-A320-05,3,A320,MAN,AMS,2026-10-27 15:35,2026-10-27 16:45
F001932,ZX2932,D20261027-MAN-A320-05,4,A320,AMS,MAN,2026-10-27 17:30,2026-10-27 18:35
F001933,ZX2933,D20261027-MAN-B737-01,1,B737,MAN,TFS,2026-10-27 06:15,2026-10-27 10:20
F001934,ZX2934,D20261027-MAN-B737-01,2,B737,TFS,MAN,2026-10-27 11:05,2026-10-27 15:20
F001935,ZX2935,D20261027-MAN-B737-02,1,B737,MAN,BRU,2026-10-27 12:15,2026-10-27 13:35
F001936,ZX2936,D20261027-MAN-B737-02,2,B737,BRU,MAN,2026-10-27 14:20,2026-10-27 15:25
F001937,ZX2937,D20261027-MAN-B737-02,3,B737,MAN,BRU,2026-10-27 16:10,2026-10-27 17:15
F001938,ZX2938,D20261027-MAN-B737-02,4,B737,BRU,MAN,2026-10-27 18:00,2026-10-27 19:15
F001939,ZX2939,D20261027-MAN-B737-03,1,B737,MAN,CDG,2026-10-27 16:45,2026-10-27 18:15
F001940,ZX2940,D20261027-MAN-B737-03,2,B737,CDG,MAN,2026-10-27 19:00,2026-10-27 20:20
F001941,ZX2941,D20261027-MAN-B737-03,3,B737,MAN,BRU,2026-10-27 21:05,2026-10-27 22:20
F001942,ZX2942,D20261027-MAN-B737-03,4,B737,BRU,MAN,2026-10-27 23:05,2026-10-28 00:25
F001943,ZX2943,D20261027-BHX-A320-01,1,A320,BHX,KRK,2026-10-27 06:45,2026-10-27 09:15
F001944,ZX2944,D20261027-BHX-A320-01,2,A320,KRK,BHX,2026-10-27 10:00,2026-10-27 12:20
F001945,ZX2945,D20261027-BHX-A320-02,1,A320,BHX,BRU,2026-10-27 12:15,2026-10-27 13:35
F001946,ZX2946,D20261027-BHX-A320-02,2,A320,BRU,BHX,2026-10-27 14:20,2026-10-27 15:25
F001947,ZX2947,D20261027-BHX-A320-02,3,A320,BHX,AMS,2026-10-27 16:10,2026-10-27 17:30
F001948,ZX2948,D20261027-BHX-A320-02,4,A320,AMS,BHX,2026-10-27 18:15,2026-10-27 19:35
F001949,ZX2949,D20261027-BHX-A320-03,1,A320,BHX,BCN,2026-10-27 16:45,2026-10-27 19:00
F001950,ZX2950,D20261027-BHX-A320-03,2,A320,BCN,BHX,2026-10-27 19:45,2026-10-27 22:00
F001951,ZX2951,D20261027-BHX-E190-01,1,E190,BHX,CDG,2026-10-27 07:30,2026-10-27 09:05
F001952,ZX2952,D20261027-BHX-E190-01,2,E190,CDG,BHX,2026-10-27 09:50,2026-10-27 11:15
F001953,ZX2953,D20261027-BHX-E190-01,3,E190,BHX,AMS,2026-10-27 12:00,2026-10-27 13:15
F001954,ZX2954,D20261027-BHX-E190-01,4,E190,AMS,BHX,2026-10-27 14:00,2026-10-27 15:25
F001955,ZX2955,D20261027-BHX-E190-02,1,E190,BHX,AMS,2026-10-27 11:45,2026-10-27 13:00
F001956,ZX2956,D20261027-BHX-E190-02,2,E190,AMS,BHX,2026-10-27 13:45,2026-10-27 15:10
F001957,ZX2957,D20261027-BHX-E190-02,3,E190,BHX,BRU,2026-10-27 15:55,2026-10-27 17:05
F001958,ZX2958,D20261027-BHX-E190-02,4,E190,BRU,BHX,2026-10-27 17:50,2026-10-27 19:05
F001959,ZX2959,D20261027-EDI-A320-01,1,A320,EDI,PRG,2026-10-27 06:15,2026-10-27 08:20
F001960,ZX2960,D20261027-EDI-A320-01,2,A320,PRG,EDI,2026-10-27 09:05,2026-10-27 11:10
F001961,ZX2961,D20261027-EDI-A320-02,1,A320,EDI,PMI,2026-10-27 12:15,2026-10-27 14:40
F001962,ZX2962,D20261027-EDI-A320-02,2,A320,PMI,EDI,2026-10-27 15:25,2026-10-27 17:40
F001963,ZX2963,D20261027-EDI-B737-01,1,B737,EDI,PMI,2026-10-27 06:15,2026-10-27 08:40
F001964,ZX2964,D20261027-EDI-B737-01,2,B737,PMI,EDI,2026-10-27 09:25,2026-10-27 11:45
F001965,ZX2965,D20261027-EDI-B737-02,1,B737,EDI,TFS,2026-10-27 11:30,2026-10-27 15:35
F001966,ZX2966,D20261027-EDI-B737-02,2,B737,TFS,EDI,2026-10-27 16:20,2026-10-27 20:25
F001967,ZX2967,D20261028-MAN-A320-01,1,A320,MAN,ALC,2026-10-28 06:15,2026-10-28 08:45
F001968,ZX2968,D20261028-MAN-A320-01,2,A320,ALC,MAN,2026-10-28 09:30,2026-10-28 12:05
F001969,ZX2969,D20261028-MAN-A320-02,1,A320,MAN,TFS,2026-10-28 11:45,2026-10-28 16:05
F001970,ZX2970,D20261028-MAN-A320-02,2,A320,TFS,MAN,2026-10-28 16:50,2026-10-28 20:50
F001971,ZX2971,D20261028-MAN-A320-03,1,A320,MAN,KRK,2026-10-28 16:45,2026-10-28 19:20
F001972,ZX2972,D20261028-MAN-A320-03,2,A320,KRK,MAN,2026-10-28 20:05,2026-10-28 22:30
F001973,ZX2973,D20261028-MAN-A320-04,1,A320,MAN,CDG,2026-10-28 07:00,2026-10-28 08:20
F001974,ZX2974,D20261028-MAN-A320-04,2,A320,CDG,MAN,2026-10-28 09:05,2026-10-28 10:35
F001975,ZX2975,D20261028-MAN-A320-04,3,A320,MAN,CDG,2026-10-28 11:20,2026-10-28 12:50
F001976,ZX2976,D20261028-MAN-A320-04,4,A320,CDG,MAN,2026-10-28 13:35,2026-10-28 15:00
F001977,ZX2977,D20261028-MAN-A320-05,1,A320,MAN,AMS,2026-10-28 11:45,2026-10-28 12:55
F001978,ZX2978,D20261028-MAN-A320-05,2,A320,AMS,MAN,2026-10-28 13:40,2026-10-28 15:00
F001979,ZX2979,D20261028-MAN-A320-05,3,A320,MAN,CDG,2026-10-28 15:45,2026-10-28 17:10
F001980,ZX2980,D20261028-MAN-A320-05,4,A320,CDG,MAN,2026-10-28 17:55,2026-10-28 19:20
F001981,ZX2981,D20261028-MAN-A320-06,1,A320,MAN,PMI,2026-10-28 16:30,2026-10-28 18:50
F001982,ZX2982,D20261028-MAN-A320-06,2,A320,PMI,MAN,2026-10-28 19:35,2026-10-28 21:50
F001983,ZX2983,D20261028-MAN-B737-01,1,B737,MAN,AMS,2026-10-28 07:00,2026-10-28 08:10
F001984,ZX2984,D20261028-MAN-B737-01,2,B737,AMS,MAN,2026-10-28 08:55,2026-10-28 10:05
F001985,ZX2985,D20261028-MAN-B737-01,3,B737,MAN,AMS,2026-10-28 10:50,2026-10-28 12:10
F001986,ZX2986,D20261028-MAN-B737-01,4,B737,AMS,MAN,2026-10-28 12:55,2026-10-28 14:00
F001987,ZX2987,D20261028-MAN-B737-02,1,B737,MAN,FCO,2026-10-28 11:15,2026-10-28 14:00
F001988,ZX2988,D20261028-MAN-B737-02,2,B737,FCO,MAN,2026-10-28 14:45,2026-10-28 17:25
F001989,ZX2989,D20261028-MAN-B737-03,1,B737,MAN,PMI,2026-10-28 16:15,2026-10-28 18:40
F001990,ZX2990,D20261028-MAN-B737-03,2,B737,PMI,MAN,2026-10-28 19:25,2026-10-28 21:45
F001991,ZX2991,D20261028-MAN-B737-04,1,B737,MAN,PMI,2026-10-28 06:15,2026-10-28 08:30
F001992,ZX2992,D20261028-MAN-B737-04,2,B737,PMI,MAN,2026-10-28 09:15,2026-10-28 11:35
F001993,ZX2993,D20261028-BHX-A320-01,1,A320,BHX,PMI,2026-10-28 07:00,2026-10-28 09:15
F001994,ZX2994,D20261028-BHX-A320-01,2,A320,PMI,BHX,2026-10-28 10:00,2026-10-28 12:15
F001995,ZX2995,D20261028-BHX-A320-02,1,A320,BHX,DUB,2026-10-28 11:45,2026-10-28 12:55
F001996,ZX2996,D20261028-BHX-A320-02,2,A320,DUB,BHX,2026-10-28 13:40,2026-10-28 14:35
F001997,ZX2997,D20261028-BHX-A320-02,3,A320,BHX,BRU,2026-10-28 15:20,2026-10-28 16:30
F001998,ZX2998,D20261028-BHX-A320-02,4,A320,BRU,BHX,2026-10-28 17:15,2026-10-28 18:25
F001999,ZX2999,D20261028-BHX-A320-03,1,A320,BHX,FAO,2026-10-28 16:15,2026-10-28 19:00
F002000,ZX3000,D20261028-BHX-A320-03,2,A320,FAO,BHX,2026-10-28 19:45,2026-10-28 22:35
F002001,ZX3001,D20261028-BHX-A320-04,1,A320,BHX,BRU,2026-10-28 07:30,2026-10-28 08:45
F002002,ZX3002,D20261028-BHX-A320-04,2,A320,BRU,BHX,2026-10-28 09:30,2026-10-28 10:35
F002003,ZX3003,D20261028-BHX-A320-04,3,A320,BHX,AMS,2026-10-28 11:20,2026-10-28 12:35
F002004,ZX3004,D20261028-BHX-A320-04,4,A320,AMS,BHX,2026-10-28 13:20,2026-10-28 14:35
F002005,ZX3005,D20261028-BHX-E190-01,1,E190,BHX,CDG,2026-10-28 06:15,2026-10-28 07:35
F002006,ZX3006,D20261028-BHX-E190-01,2,E190,CDG,BHX,2026-10-28 08:20,2026-10-28 09:35
F002007,ZX3007,D20261028-BHX-E190-01,3,E190,BHX,CDG,2026-10-28 10:20,2026-10-28 11:45
F002008,ZX3008,D20261028-BHX-E190-01,4,E190,CDG,BHX,2026-10-28 12:30,2026-10-28 14:05
F002009,ZX3009,D20261028-BHX-E190-02,1,E190,BHX,CDG,2026-10-28 12:15,2026-10-28 13:40
F002010,ZX3010,D20261028-BHX-E190-02,2,E190,CDG,BHX,2026-10-28 14:25,2026-10-28 15:45
F002011,ZX3011,D20261028-BHX-E190-02,3,E190,BHX,AMS,2026-10-28 16:30,2026-10-28 17:55
F002012,ZX3012,D20261028-BHX-E190-02,4,E190,AMS,BHX,2026-10-28 18:40,2026-10-28 19:55
F002013,ZX3013,D20261028-BHX-E190-03,1,E190,BHX,DUB,2026-10-28 17:00,2026-10-28 18:00
F002014,ZX3014,D20261028-BHX-E190-03,2,E190,DUB,BHX,2026-10-28 18:45,2026-10-28 19:40
F002015,ZX3015,D20261028-BHX-E190-03,3,E190,BHX,DUB,2026-10-28 20:25,2026-10-28 21:25
F002016,ZX3016,D20261028-BHX-E190-03,4,E190,DUB,BHX,2026-10-28 22:10,2026-10-28 23:15
F002017,ZX3017,D20261028-EDI-A320-01,1,A320,EDI,CDG,2026-10-28 07:30,2026-10-28 08:50
F002018,ZX3018,D20261028-EDI-A320-01,2,A320,CDG,EDI,2026-10-28 09:35,2026-10-28 10:50
F002019,ZX3019,D20261028-EDI-A320-01,3,A320,EDI,CDG,2026-10-28 11:35,2026-10-28 13:00
F002020,ZX3020,D20261028-EDI-A320-01,4,A320,CDG,EDI,2026-10-28 13:45,2026-10-28 15:05
F002021,ZX3021,D20261028-EDI-A320-02,1,A320,EDI,FAO,2026-10-28 12:30,2026-10-28 15:10
F002022,ZX3022,D20261028-EDI-A320-02,2,A320,FAO,EDI,2026-10-28 15:55,2026-10-28 18:45
F002023,ZX3023,D20261028-EDI-A320-03,1,A320,EDI,DUB,2026-10-28 17:00,2026-10-28 17:55
F002024,ZX3024,D20261028-EDI-A320-03,2,A320,DUB,EDI,2026-10-28 18:40,2026-10-28 19:40
F002025,ZX3025,D20261028-EDI-A320-03,3,A320,EDI,CDG,2026-10-28 20:25,2026-10-28 21:45
F002026,ZX3026,D20261028-EDI-A320-03,4,A320,CDG,EDI,2026-10-28 22:30,2026-10-29 00:00
F002027,ZX3027,D20261028-EDI-B737-01,1,B737,EDI,CDG,2026-10-28 06:30,2026-10-28 07:50
F002028,ZX3028,D20261028-EDI-B737-01,2,B737,CDG,EDI,2026-10-28 08:35,2026-10-28 10:05
F002029,ZX3029,D20261028-EDI-B737-01,3,B737,EDI,BRU,2026-10-28 10:50,2026-10-28 12:05
F002030,ZX3030,D20261028-EDI-B737-01,4,B737,BRU,EDI,2026-10-28 12:50,2026-10-28 14:00
F002031,ZX3031,D20261028-EDI-B737-02,1,B737,EDI,FAO,2026-10-28 11:00,2026-10-28 13:50
F002032,ZX3032,D20261028-EDI-B737-02,2,B737,FAO,EDI,2026-10-28 14:35,2026-10-28 17:25
F002033,ZX3033,D20261028-EDI-B737-03,1,B737,EDI,PRG,2026-10-28 16:00,2026-10-28 18:00
F002034,ZX3034,D20261028-EDI-B737-03,2,B737,PRG,EDI,2026-10-28 18:45,2026-10-28 20:55
F002035,ZX3035,D20261029-MAN-A320-01,1,A320,MAN,FAO,2026-10-29 06:30,2026-10-29 09:15
F002036,ZX3036,D20261029-MAN-A320-01,2,A320,FAO,MAN,2026-10-29 10:00,2026-10-29 12:45
F002037,ZX3037,D20261029-MAN-A320-02,1,A320,MAN,ALC,2026-10-29 12:15,2026-10-29 14:45
F002038,ZX3038,D20261029-MAN-A320-02,2,A320,ALC,MAN,2026-10-29 15:30,2026-10-29 18:05
F002039,ZX3039,D20261029-MAN-A320-03,1,A320,MAN,TFS,2026-10-29 16:15,2026-10-29 20:20
F002040,ZX3040,D20261029-MAN-A320-03,2,A320,TFS,MAN,2026-10-29 21:05,2026-10-30 01:10
F002041,ZX3041,D20261029-MAN-A320-04,1,A320,MAN,CDG,2026-10-29 06:30,2026-10-29 08:00
F002042,ZX3042,D20261029-MAN-A320-04,2,A320,CDG,MAN,2026-10-29 08:45,2026-10-29 10:15
F002043,ZX3043,D20261029-MAN-A320-04,3,A320,MAN,AMS,2026-10-29 11:00,2026-10-29 12:20
F002044,ZX3044,D20261029-MAN-A320-04,4,A320,AMS,MAN,2026-10-29 13:05,2026-10-29 14:20
F002045,ZX3045,D20261029-MAN-A320-05,1,A320,MAN,DUB,2026-10-29 12:15,2026-10-29 13:15
F002046,ZX3046,D20261029-MAN-A320-05,2,A320,DUB,MAN,2026-10-29 14:00,2026-10-29 15:05
F002047,ZX3047,D20261029-MAN-A320-05,3,A320,MAN,AMS,2026-10-29 15:50,2026-10-29 17:10
F002048,ZX3048,D20261029-MAN-A320-05,4,A320,AMS,MAN,2026-10-29 17:55,2026-10-29 19:10
F002049,ZX3049,D20261029-MAN-A320-06,1,A320,MAN,AMS,2026-10-29 16:45,2026-10-29 18:10
F002050,ZX3050,D20261029-MAN-A320-06,2,A320,AMS,MAN,2026-10-29 18:55,2026-10-29 20:00
F002051,ZX3051,D20261029-MAN-A320-06,3,A320,MAN,CDG,2026-10-29 20:45,2026-10-29 22:00
F002052,ZX3052,D20261029-MAN-A320-06,4,A320,CDG,MAN,2026-10-29 22:45,2026-10-30 00:05
F002053,ZX3053,D20261029-MAN-B737-01,1,B737,MAN,PRG,2026-10-29 07:00,2026-10-29 09:00
F002054,ZX3054,D20261029-MAN-B737-01,2,B737,PRG,MAN,2026-10-29 09:45,2026-10-29 11:45
F002055,ZX3055,D20261029-MAN-B737-02,1,B737,MAN,FAO,2026-10-29 12:00,2026-10-29 14:55
F002056,ZX3056,D20261029-MAN-B737-02,2,B737,FAO,MAN,2026-10-29 15:40,2026-10-29 18:25
F002057,ZX3057,D20261029-MAN-B737-03,1,B737,MAN,BCN,2026-10-29 16:45,2026-10-29 19:05
F002058,ZX3058,D20261029-MAN-B737-03,2,B737,BCN,MAN,2026-10-29 19:50,2026-10-29 22:05
F002059,ZX3059,D20261029-MAN-B737-04,1,B737,MAN,BCN,2026-10-29 07:15,2026-10-29 09:20
F002060,ZX3060,D20261029-MAN-B737-04,2,B737,BCN,MAN,2026-10-29 10:05,2026-10-29 12:20
F002061,ZX3061,D20261029-BHX-A320-01,1,A320,BHX,ALC,2026-10-29 07:30,2026-10-29 09:50
F002062,ZX3062,D20261029-BHX-A320-01,2,A320,ALC,BHX,2026-10-29 10:35,2026-10-29 13:05
F002063,ZX3063,D20261029-BHX-A320-02,1,A320,BHX,AMS,2026-10-29 12:00,2026-10-29 13:10
F002064,ZX3064,D20261029-BHX-A320-02,2,A320,AMS,BHX,2026-10-29 13:55,2026-10-29 15:15
F002065,ZX3065,D20261029-BHX-A320-02,3,A320,BHX,DUB,2026-10-29 16:00,2026-10-29 17:10
F002066,ZX3066,D20261029-BHX-A320-02,4,A320,DUB,BHX,2026-10-29 17:55,2026-10-29 18:45
F002067,ZX3067,D20261029-BHX-A320-03,1,A320,BHX,BRU,2026-10-29 16:00,2026-10-29 17:10
F002068,ZX3068,D20261029-BHX-A320-03,2,A320,BRU,BHX,2026-10-29 17:55,2026-10-29 19:00
F002069,ZX3069,D20261029-BHX-A320-03,3,A320,BHX,CDG,2026-10-29 19:45,2026-10-29 21:00
F002070,ZX3070,D20261029-BHX-A320-03,4,A320,CDG,BHX,2026-10-29 21:45,2026-10-29 23:15
F002071,ZX3071,D20261029-BHX-A320-04,1,A320,BHX,FCO,2026-10-29 06:00,2026-10-29 08:35
F002072,ZX3072,D20261029-BHX-A320-04,2,A320,FCO,BHX,2026-10-29 09:20,2026-10-29 12:05
F002073,ZX3073,D20261029-BHX-E190-01,1,E190,BHX,AMS,2026-10-29 06:15,2026-10-29 07:40
F002074,ZX3074,D20261029-BHX-E190-01,2,E190,AMS,BHX,2026-10-29 08:25,2026-10-29 09:40
F002075,ZX3075,D20261029-BHX-E190-01,3,E190,BHX,CDG,2026-10-29 10:25,2026-10-29 11:45
F002076,ZX3076,D20261029-BHX-E190-01,4,E190,CDG,BHX,2026-10-29 12:30,2026-10-29 13:55
F002077,ZX3077,D20261029-BHX-E190-02,1,E190,BHX,DUB,2026-10-29 11:00,2026-10-29 11:55
F002078,ZX3078,D20261029-BHX-E190-02,2,E190,DUB,BHX,2026-10-29 12:40,2026-10-29 13:30
F002079,ZX3079,D20261029-BHX-E190-02,3,E190,BHX,BRU,2026/10/29 14:15,2026-10-29 15:25
F002080,ZX3080,D20261029-BHX-E190-02,4,E190,BRU,BHX,2026-10-29 16:10,2026-10-29 17:15
F002081,ZX3081,D20261029-BHX-E190-03,1,E190,BHX,BRU,2026-10-29 16:30,2026-10-29 17:50
F002082,ZX3082,D20261029-BHX-E190-03,2,E190,BRU,BHX,2026-10-29 18:35,2026-10-29 19:45
F002083,ZX3083,D20261029-BHX-E190-03,3,E190,BHX,CDG,2026-10-29 20:30,2026-10-29 22:00
F002084,ZX3084,D20261029-BHX-E190-03,4,E190,CDG,BHX,2026-10-29 22:45,2026-10-30 00:15
F002085,ZX3085,D20261029-EDI-A320-01,1,A320,EDI,TFS,2026-10-29 07:30,2026-10-29 11:50
F002086,ZX3086,D20261029-EDI-A320-01,2,A320,TFS,EDI,2026-10-29 12:35,2026-10-29 16:50
F002087,ZX3087,D20261029-EDI-A320-02,1,A320,EDI,PRG,2026-10-29 11:45,2026-10-29 13:50
F002088,ZX3088,D20261029-EDI-A320-02,2,A320,PRG,EDI,2026-10-29 14:35,2026-10-29 16:45
F002089,ZX3089,D20261029-EDI-A320-03,1,A320,EDI,AMS,2026-10-29 15:45,2026-10-29 17:00
F002090,ZX3090,D20261029-EDI-A320-03,2,A320,AMS,EDI,2026-10-29 17:45,2026-10-29 18:55
F002091,ZX3091,D20261029-EDI-A320-03,3,A320,EDI,BRU,2026-10-29 19:40,2026-10-29 20:50
F002092,ZX3092,D20261029-EDI-A320-03,4,A320,BRU,EDI,2026-10-29 21:35,2026-10-29 22:50
F002093,ZX3093,D20261029-EDI-B737-01,1,B737,EDI,PRG,2026-10-29 06:30,2026-10-29 08:35
F002094,ZX3094,D20261029-EDI-B737-01,2,B737,PRG,EDI,2026-10-29 09:20,2026-10-29 11:30
F002095,ZX3095,D20261029-EDI-B737-02,1,B737,EDI,PMI,2026-10-29 11:30,2026-10-29 13:50
F002096,ZX3096,D20261029-EDI-B737-02,2,B737,PMI,EDI,2026-10-29 14:35,2026-10-29 16:50
F002097,ZX3097,D20261029-EDI-B737-03,1,B737,EDI,ALC,2026-10-29 16:30,2026-10-29 19:00
F002098,ZX3098,D20261029-EDI-B737-03,2,B737,ALC,EDI,2026-10-29 19:45,2026-10-29 22:10
F002099,ZX3099,D20261030-MAN-A320-01,1,A320,MAN,KRK,2026-10-30 07:15,2026-10-30 09:40
F002100,ZX3100,D20261030-MAN-A320-01,2,A320,KRK,MAN,2026-10-30 10:25,2026-10-30 12:50
F002101,ZX3101,D20261030-MAN-A320-02,1,A320,MAN,BRU,2026-10-30 11:15,2026-10-30 12:30
F002102,ZX3102,D20261030-MAN-A320-02,2,A320,BRU,MAN,2026-10-30 13:15,2026-10-30 14:15
F002103,ZX3103,D20261030-MAN-A320-02,3,A320,MAN,AMS,2026-10-30 15:00,2026-10-30 16:05
F002104,ZX3104,D20261030-MAN-A320-02,4,A320,AMS,MAN,2026-10-30 16:50,2026-10-30 18:15
F002105,ZX3105,D20261030-MAN-A320-03,1,A320,MAN,DUB,2026-10-30 16:15,2026-10-30 17:10
F002106,ZX3106,D20261030-MAN-A320-03,2,A320,DUB,MAN,2026-10-30 17:55,2026-10-30 18:50
F002107,ZX3107,D20261030-MAN-A320-03,3,A320,MAN,CDG,2026-10-30 19:35,2026-10-30 21:10
F002108,ZX3108,D20261030-MAN-A320-03,4,A320,CDG,MAN,2026-10-30 21:55,2026-10-30 23:30
F002109,ZX3109,D20261030-MAN-A320-04,1,A320,MAN,CDG,2026-10-30 07:00,2026-10-30 08:35
F002110,ZX3110,D20261030-MAN-A320-04,2,A320,CDG,MAN,2026-10-30 09:20,2026-10-30 10:55
F002111,ZX3111,D20261030-MAN-A320-04,3,A320,MAN,AMS,2026-10-30 11:40,2026-10-30 12:50
F002112,ZX3112,D20261030-MAN-A320-04,4,A320,AMS,MAN,2026-10-30 13:35,2026-10-30 14:45
F002113,ZX3113,D20261030-MAN-A320-05,1,A320,MAN,FAO,2026-10-30 12:00,2026-10-30 14:45
F002114,ZX3114,D20261030-MAN-A320-05,2,A320,FAO,MAN,2026-10-30 15:30,2026-10-30 18:15
F002115,ZX3115,D20261030-MAN-A320-06,1,A320,MAN,PMI,2026-10-30 16:30,2026-10-30 18:50
F002116,ZX3116,D20261030-MAN-A320-06,2,A320,PMI,MAN,2026-10-30 19:35,2026-10-30 21:45
F002117,ZX3117,D20261030-MAN-A320-07,1,A320,MAN,BCN,2026-10-30 07:00,2026-10-30 09:00
F002118,ZX3118,D20261030-MAN-A320-07,2,A320,BCN,MAN,2026-10-30 09:45,2026-10-30 11:50
F002119,ZX3119,D20261030-MAN-B737-01,1,B737,MAN,FCO,2026-10-30 07:00,2026-10-30 09:40
F002120,ZX3120,D20261030-MAN-B737-01,2,B737,FCO,MAN,2026-10-30 10:25,2026-10-30 13:00
F002121,ZX3121,D20261030-MAN-B737-02,1,B737,MAN,KRK,2026-10-30 12:00,2026-10-30 14:30
F002122,ZX3122,D20261030-MAN-B737-02,2,B737,KRK,MAN,2026-10-30 15:15,2026-10-30 17:45
F002123,ZX3123,D20261030-MAN-B737-03,1,B737,MAN,FAO,2026-10-30 16:00,2026-10-30 18:40
F002124,ZX3124,D20261030-MAN-B737-03,2,B737,FAO,MAN,2026-10-30 19:25,2026-10-30 22:15
F002125,ZX3125,D20261030-MAN-B737-04,1,B737,MAN,FAO,2026-10-30 06:30,2026-10-30 09:10
F002126,ZX3126,D20261030-MAN-B737-04,2,B737,FAO,MAN,2026-10-30 09:55,2026-10-30 12:35
F002127,ZX3127,D20261030-MAN-B737-05,1,B737,MAN,AMS,2026-10-30 11:15,2026-10-30 12:35
F002128,ZX3128,D20261030-MAN-B737-05,2,B737,AMS,MAN,2026-10-30 13:20,2026-10-30 14:40
F002129,ZX3129,D20261030-MAN-B737-05,3,B737,MAN,DUB,2026-10-30 15:25,2026-10-30 16:25
F002130,ZX3130,D20261030-MAN-B737-05,4,B737,DUB,MAN,2026-10-30 17:10,2026-10-30 18:15
F002131,ZX3131,D20261030-BHX-A320-01,1,A320,BHX,PMI,2026-10-30 06:15,2026-10-30 08:35
F002132,ZX3132,D20261030-BHX-A320-01,2,A320,PMI,BHX,2026-10-30 09:20,2026-10-30 11:30
F002133,ZX3133,D20261030-BHX-A320-02,1,A320,BHX,FCO,2026-10-30 11:45,2026-10-30 14:30
F002134,ZX3134,D20261030-BHX-A320-02,2,A320,FCO,BHX,2026-10-30 15:15,2026-10-30 17:50
F002135,ZX3135,D20261030-BHX-A320-03,1,A320,BHX,DUB,2026-10-30 16:30,2026-10-30 17:20
F002136,ZX3136,D20261030-BHX-A320-03,2,A320,DUB,BHX,2026-10-30 18:05,2026-10-30 19:00
F002137,ZX3137,D20261030-BHX-A320-03,3,A320,BHX,CDG,2026-10-30 19:45,2026-10-30 21:05
F002138,ZX3138,D20261030-BHX-A320-03,4,A320,CDG,BHX,2026-10-30 21:50,2026-10-30 23:10
F002139,ZX3139,D20261030-BHX-A320-04,1,A320,BHX,CDG,2026-10-30 07:30,2026-10-30 08:50
F002140,ZX3140,D20261030-BHX-A320-04,2,A320,CDG,BHX,2026-10-30 09:35,2026-10-30 10:55
F002141,ZX3141,D20261030-BHX-A320-04,3,A320,BHX,BRU,2026-10-30 11:40,2026-10-30 12:50
F002142,ZX3142,D20261030-BHX-A320-04,4,A320,BRU,BHX,2026-10-30 13:35,2026-10-30 14:50
F002143,ZX3143,D20261030-BHX-A320-05,1,A320,BHX,PRG,2026-10-30 11:30,2026-10-30 13:30
F002144,ZX3144,D20261030-BHX-A320-05,2,A320,PRG,BHX,2026-10-30 14:15,2026-10-30 16:25
F002145,ZX3145,D20261030-BHX-E190-01,1,E190,BHX,AMS,2026-10-30 07:00,2026-10-30 08:25
F002146,ZX3146,D20261030-BHX-E190-01,2,E190,AMS,BHX,2026-10-30 09:10,2026-10-30 10:20
F002147,ZX3147,D20261030-BHX-E190-01,3,E190,BHX,AMS,2026-10-30 11:05,2026-10-30 12:15
F002148,ZX3148,D20261030-BHX-E190-01,4,E190,AMS,BHX,2026-10-30 13:00,2026-10-30 14:15
F002149,ZX3149,D20261030-BHX-E190-02,1,E190,BHX,CDG,2026-10-30 12:30,2026-10-30 13:55
F002150,ZX3150,D20261030-BHX-E190-02,2,E190,CDG,BHX,2026-10-30 14:40,2026-10-30 16:00
F002151,ZX3151,D20261030-BHX-E190-02,3,E190,BHX,DUB,2026-10-30 16:45,2026-10-30 17:50
F002152,ZX3152,D20261030-BHX-E190-02,4,E190,DUB,BHX,2026-10-30 18:35,2026-10-30 19:30
F002153,ZX3153,D20261030-BHX-E190-03,1,E190,BHX,BRU,2026-10-30 15:45,2026-10-30 17:00
F002154,ZX3154,D20261030-BHX-E190-03,2,E190,BRU,BHX,2026-10-30 17:45,2026-10-30 18:55
F002155,ZX3155,D20261030-BHX-E190-03,3,E190,BHX,CDG,2026-10-30 19:40,2026-10-30 21:10
F002156,ZX3156,D20261030-BHX-E190-03,4,E190,CDG,BHX,2026-10-30 21:55,2026-10-30 23:10
F002157,ZX3157,D20261030-BHX-E190-04,1,E190,BHX,BRU,2026-10-30 06:15,2026-10-30 07:20
F002158,ZX3158,D20261030-BHX-E190-04,2,E190,BRU,BHX,2026-10-30 08:05,2026-10-30 09:20
F002159,ZX3159,D20261030-BHX-E190-04,3,E190,BHX,AMS,2026-10-30 10:05,2026-10-30 11:25
F002160,ZX3160,D20261030-BHX-E190-04,4,E190,AMS,BHX,2026-10-30 12:10,2026-10-30 13:25
F002161,ZX3161,D20261030-EDI-A320-01,1,A320,EDI,TFS,2026-10-30 06:45,2026-10-30 11:00
F002162,ZX3162,D20261030-EDI-A320-01,2,A320,TFS,EDI,2026-10-30 11:45,2026-10-30 16:05
F002163,ZX3163,D20261030-EDI-A320-02,1,A320,EDI,CDG,2026-10-30 12:15,2026-10-30 13:35
F002164,ZX3164,D20261030-EDI-A320-02,2,A320,CDG,EDI,2026-10-30 14:20,2026-10-30 15:50
F002165,ZX3165,D20261030-EDI-A320-02,3,A320,EDI,CDG,2026-10-30 16:35,2026-10-30 17:55
F002166,ZX3166,D20261030-EDI-A320-02,4,A320,CDG,EDI,2026-10-30 18:40,2026-10-30 20:00
F002167,ZX3167,D20261030-EDI-A320-03,1,A320,EDI,DUB,2026-10-30 16:00,2026-10-30 16:55
F002168,ZX3168,D20261030-EDI-A320-03,2,A320,DUB,EDI,2026-10-30 17:40,2026-10-30 18:30
F002169,ZX3169,D20261030-EDI-A320-03,3,A320,EDI,AMS,2026-10-30 19:15,2026-10-30 20:20
F002170,ZX3170,D20261030-EDI-A320-03,4,A320,AMS,EDI,2026-10-30 21:05,2026-10-30 22:30
F002171,ZX3171,D20261030-EDI-A320-04,1,A320,EDI,FAO,2026-10-30 07:00,2026-10-30 09:45
F002172,ZX3172,D20261030-EDI-A320-04,2,A320,FAO,EDI,2026-10-30 10:30,2026-10-30 13:25
F002173,ZX3173,D20261030-EDI-B737-01,1,B737,EDI,PMI,2026-10-30 06:00,2026-10-30 08:10
F002174,ZX3174,D20261030-EDI-B737-01,2,B737,PMI,EDI,2026-10-30 08:55,2026-10-30 11:25
F002175,ZX3175,D20261030-EDI-B737-02,1,B737,EDI,ALC,2026-10-30 11:45,2026-10-30 14:20
F002176,ZX3176,D20261030-EDI-B737-02,2,B737,ALC,EDI,2026-10-30 15:05,2026-10-30 17:35
F002177,ZX3177,D20261030-EDI-B737-03,1,B737,EDI,PMI,2026-10-30 15:45,2026-10-30 17:55
F002178,ZX3178,D20261030-EDI-B737-03,2,B737,PMI,EDI,2026-10-30 18:40,2026-10-30 21:05
F002179,ZX3179,D20261030-EDI-B737-04,1,B737,EDI,CDG,2026-10-30 07:30,2026-10-30 09:05
F002180,ZX3180,D20261030-EDI-B737-04,2,B737,CDG,EDI,2026-10-30 09:50,2026-10-30 11:15
F002181,ZX3181,D20261030-EDI-B737-04,3,B737,EDI,CDG,2026-10-30 12:00,2026-10-30 13:20
F002182,ZX3182,D20261030-EDI-B737-04,4,B737,CDG,EDI,2026-10-30 14:05,2026-10-30 15:30
F002183,ZX3183,D20261031-MAN-A320-01,1,A320,MAN,TFS,2026-10-31 07:15,2026-10-31 11:30
F002184,ZX3184,D20261031-MAN-A320-01,2,A320,TFS,MAN,2026-10-31 12:15,2026-10-31 16:30
F002185,ZX3185,D20261031-MAN-A320-02,1,A320,MAN,KRK,2026-10-31 12:00,2026-10-31 14:40
F002186,ZX3186,D20261031-MAN-A320-02,2,A320,KRK,MAN,2026-10-31 15:25,2026-10-31 17:55
F002187,ZX3187,D20261031-MAN-A320-03,1,A320,MAN,CDG,2026-10-31 15:45,2026-10-31 17:05
F002188,ZX3188,D20261031-MAN-A320-03,2,A320,CDG,MAN,2026-10-31 17:50,2026-10-31 19:10
F002189,ZX3189,D20261031-MAN-A320-03,3,A320,MAN,BRU,2026-10-31 19:55,2026-10-31 21:00
F002190,ZX3190,D20261031-MAN-A320-03,4,A320,BRU,MAN,2026-10-31 21:45,2026-10-31 22:45
F002191,ZX3191,D20261031-MAN-A320-04,1,A320,MAN,AMS,2026-10-31 07:30,2026-10-31 08:40
F002192,ZX3192,D20261031-MAN-A320-04,2,A320,AMS,MAN,2026-10-31 09:25,2026-10-31 10:40
F002193,ZX3193,D20261031-MAN-A320-04,3,A320,MAN,BRU,2026-10-31 11:25,2026-10-31 12:40
F002194,ZX3194,D20261031-MAN-A320-04,4,A320,BRU,MAN,2026-10-31 13:25,2026-10-31 14:35
F002195,ZX3195,D20261031-MAN-A320-05,1,A320,MAN,BCN,2026-10-31 12:30,2026-10-31 14:45
F002196,ZX3196,D20261031-MAN-A320-05,2,A320,BCN,MAN,2026-10-31 15:30,2026-10-31 17:45
F002197,ZX3197,D20261031-MAN-A320-06,1,A320,MAN,BCN,2026-10-31 16:30,2026-10-31 18:40
F002198,ZX3198,D20261031-MAN-A320-06,2,A320,BCN,MAN,2026-10-31 19:25,2026-10-31 21:30
F002199,ZX3199,D20261031-MAN-B737-01,1,B737,MAN,ALC,2026-10-31 07:00,2026-10-31 09:25
F002200,ZX3200,D20261031-MAN-B737-01,2,B737,ALC,MAN,2026-10-31 10:10,2026-10-31 12:45
F002201,ZX3201,D20261031-MAN-B737-02,1,B737,MAN,AMS,2026-10-31 11:45,2026-10-31 12:50
F002202,ZX3202,D20261031-MAN-B737-02,2,B737,AMS,MAN,2026-10-31 13:35,2026-10-31 14:55
F002203,ZX3203,D20261031-MAN-B737-02,3,B737,MAN,BRU,2026-10-31 15:40,2026-10-31 16:50
F002204,ZX3204,D20261031-MAN-B737-02,4,B737,BRU,MAN,2026-10-31 17:35,2026-10-31 18:50
F002205,ZX3205,D20261031-MAN-B737-03,1,B737,MAN,BRU,2026-10-31 16:30,2026-10-31 17:45
F002206,ZX3206,D20261031-MAN-B737-03,2,B737,BRU,MAN,2026-10-31 18:30,2026-10-31 19:40
F002207,ZX3207,D20261031-MAN-B737-03,3,B737,MAN,BRU,2026-10-31 20:25,2026-10-31 21:30
F002208,ZX3208,D20261031-MAN-B737-03,4,B737,BRU,MAN,2026-10-31 22:15,2026-10-31 23:20
F002209,ZX3209,D20261031-MAN-B737-04,1,B737,MAN,KRK,2026-10-31 06:00,2026-10-31 08:20
F002210,ZX3210,D20261031-MAN-B737-04,2,B737,KRK,MAN,2026-10-31 09:05,2026-10-31 11:35
F002211,ZX3211,D20261031-BHX-A320-01,1,A320,BHX,TFS,2026/10/31 06:45,2026-10-31 10:50
F002212,ZX3212,D20261031-BHX-A320-01,2,A320,TFS,BHX,2026-10-31 11:35,2026-10-31 15:35
F002213,ZX3213,D20261031-BHX-A320-02,1,A320,BHX,DUB,2026-10-31 11:00,2026-10-31 12:10
F002214,ZX3214,D20261031-BHX-A320-02,2,A320,DUB,BHX,2026-10-31 12:55,2026-10-31 13:50
F002215,ZX3215,D20261031-BHX-A320-02,3,A320,BHX,AMS,2026-10-31 14:35,2026-10-31 15:45
F002216,ZX3216,D20261031-BHX-A320-02,4,A320,AMS,BHX,2026-10-31 16:30,2026-10-31 17:45
F002217,ZX3217,D20261031-BHX-A320-03,1,A320,BHX,PMI,2026-10-31 15:30,2026-10-31 17:40
F002218,ZX3218,D20261031-BHX-A320-03,2,A320,PMI,BHX,2026-10-31 18:25,2026-10-31 20:40
F002219,ZX3219,D20261031-BHX-A320-04,1,A320,BHX,TFS,2026-10-31 06:45,2026-10-31 11:05
F002220,ZX3220,D20261031-BHX-A320-04,2,A320,TFS,BHX,2026-10-31 11:50,2026-10-31 16:00
F002221,ZX3221,D20261031-BHX-E190-01,1,E190,BHX,DUB,2026-10-31 07:30,2026-10-31 08:20
F002222,ZX3222,D20261031-BHX-E190-01,2,E190,DUB,BHX,2026-10-31 09:05,2026-10-31 10:10
F002223,ZX3223,D20261031-BHX-E190-01,3,E190,BHX,BRU,2026-10-31 10:55,2026-10-31 12:00
F002224,ZX3224,D20261031-BHX-E190-01,4,E190,BRU,BHX,2026-10-31 12:45,2026-10-31 13:50
F002225,ZX3225,D20261031-BHX-E190-02,1,E190,BHX,DUB,2026-10-31 11:45,2026-10-31 12:40
F002226,ZX3226,D20261031-BHX-E190-02,2,E190,DUB,BHX,2026-10-31 13:25,2026-10-31 14:35
F002227,ZX3227,D20261031-BHX-E190-02,3,E190,BHX,CDG,2026-10-31 15:20,2026-10-31 16:40
F002228,ZX3228,D20261031-BHX-E190-02,4,E190,CDG,BHX,2026-10-31 17:25,2026-10-31 18:50
F002229,ZX3229,D20261031-BHX-E190-03,1,E190,BHX,DUB,2026-10-31 15:30,2026-10-31 16:30
F002230,ZX3230,D20261031-BHX-E190-03,2,E190,DUB,BHX,2026-10-31 17:15,2026-10-31 18:25
F002231,ZX3231,D20261031-BHX-E190-03,3,E190,BHX,AMS,2026-10-31 19:10,2026-10-31 20:20
F002232,ZX3232,D20261031-BHX-E190-03,4,E190,AMS,BHX,2026-10-31 21:05,2026-10-31 22:30
F002233,ZX3233,D20261031-EDI-A320-01,1,A320,EDI,PRG,2026-10-31 06:15,2026-10-31 08:20
F002234,ZX3234,D20261031-EDI-A320-01,2,A320,PRG,EDI,2026-10-31 09:05,2026-10-31 11:20
F002235,ZX3235,D20261031-EDI-A320-02,1,A320,EDI,KRK,2026-10-31 11:45,2026-10-31 14:25
F002236,ZX3236,D20261031-EDI-A320-02,2,A320,KRK,EDI,2026-10-31 15:10,2026-10-31 17:35
F002237,ZX3237,D20261031-EDI-A320-03,1,A320,EDI,PRG,2026-10-31 16:45,2026-10-31 18:45
F002238,ZX3238,D20261031-EDI-A320-03,2,A320,PRG,EDI,2026-10-31 19:30,2026-10-31 21:40
F002239,ZX3239,D20261031-EDI-B737-01,1,B737,EDI,BCN,2026-10-31 06:15,2026-10-31 08:30
F002240,ZX3240,D20261031-EDI-B737-01,2,B737,BCN,EDI,2026-10-31 09:15,2026-10-31 11:20
F002241,ZX3241,D20261031-EDI-B737-02,1,B737,EDI,FAO,2026-10-31 11:00,2026-10-31 13:40
F002242,ZX3242,D20261031-EDI-B737-02,2,B737,FAO,EDI,2026-10-31 14:25,2026-10-31 17:05
F002243,ZX3243,D20261031-EDI-B737-03,1,B737,EDI,CDG,2026-10-31 16:00,2026-10-31 17:15
F002244,ZX3244,D20261031-EDI-B737-03,2,B737,CDG,EDI,2026-10-31 18:00,2026-10-31 19:15
F002245,ZX3245,D20261031-EDI-B737-03,3,B737,EDI,AMS,2026-10-31 20:00,2026-10-31 21:20
F002246,ZX3246,D20261031-EDI-B737-03,4,B737,AMS,EDI,2026-10-31 22:05,2026-10-31 23:20
F000787,ZX1787,D20261011-BHX-A320-05,3,A320,BHX,BRU,2026-10-11 15:40,2026-10-11 16:45
F000482,ZX1482,D20261007-BHX-A320-03,2,A320,KRK,BHX,2026-10-07 19:20,2026-10-07 21:45
F002172,ZX3172,D20261030-EDI-A320-04,2,A320,FAO,EDI,2026-10-30 10:30,2026-10-30 13:25
F000039,ZX1039,D20261001-BHX-E190-01,1,E190,BHX,AMS,2026-10-01 07:05,2026-10-01 07:55
F902252,ZX9001,D20261004-MAN-A320-99,1,A320,MAN,ALC,2026-10-04 06:00,2026-10-04 08:25
F902253,ZX9002,D20261004-MAN-A320-99,2,A320,ALC,MAN,2026-10-04 09:10,2026-10-04 11:45
F902254,ZX9003,D20261004-MAN-A320-99,3,A320,MAN,ALC,2026-10-04 12:30,2026-10-04 15:05
F902255,ZX9004,D20261004-MAN-A320-99,4,A320,ALC,MAN,2026-10-04 15:50,2026-10-04 18:15
